⌚	Armbanduhr	Armbanduhr|Uhr|Zeit
⌛	Sanduhr	Prozess|Sanduhr|Vorgang läuft|Zeit
⏩	Doppelpfeile nach rechts	Doppelpfeil|Doppelpfeile nach rechts|überspringen|vorwärts|weiter
⏪	Zurückspulen	Doppelpfeil|Doppelpfeile nach links|Dreieck|Pfeil|vorheriger Titel|zurück|Zurückspulen
⏫	Doppelpfeile nach oben	aufwärts|Doppelpfeil|Doppelpfeile nach oben|doppelt|nach oben|Pfeil
⏬	Doppelpfeile nach unten	Doppelpfeil|Doppelpfeile nach unten|doppelt abwärts|nach unten|Pfeil
⏰	Wecker	Uhr|Uhrzeit|Wecker|Zeit
⏳	laufende Sanduhr	laufende Sanduhr|Laufende Sanduhr|Prozess|Sanduhr|Vorgang läuft
◽	mittelkleines weißes Quadrat	geometrisch|mittelkleines weißes Quadrat|Mittelkleines weißes Quadrat|Quadrat|weiß
◾	mittelkleines schwarzes Quadrat	mittelkleines schwarzes Quadrat|Mittelkleines schwarzes Quadrat|Quadrat|schwarz
☔	Regenschirm im Regen	Regen|Regenschirm|Regenschirm im Regen
☕	Heißgetränk	Cafe|dampfend|Getränk|heiß|Heißgetränk|Kaffee|Tasse|Tee|trinken
♈	Widder (Sternzeichen)	Sternzeichen|Widder|Widder (Sternzeichen)
♉	Stier (Sternzeichen)	Horoskop|Sternzeichen|Stier
♊	Zwillinge (Sternzeichen)	Horoskop|Sternzeichen|Zwilling|Zwillinge|Zwillinge (Sternzeichen)
♋	Krebs (Sternzeichen)	Krebs|Krebs (Sternzeichen)|Sternzeichen
♌	Löwe (Sternzeichen)	Horoskop|Löwe|Löwe (Sternzeichen)|Sternzeichen
♍	Jungfrau (Sternzeichen)	Horoskop|Jungfrau|Jungfrau (Sternzeichen)|Sternzeichen
♎	Waage (Sternzeichen)	Horoskop|Sternzeichen|Waage|Waage (Sternzeichen)
♏	Skorpion (Sternzeichen)	Horoskop|Skorpion|Skorpion (Sternzeichen)|Sternzeichen
♐	Schütze (Sternzeichen)	Schütze|Schütze (Sternzeichen)|Sternzeichen
♑	Steinbock (Sternzeichen)	Steinbock|Steinbock (Sternzeichen)|Sternzeichen
♒	Wassermann (Sternzeichen)	Sternzeichen|Wassermann|Wassermann (Sternzeichen)
♓	Fische (Sternzeichen)	Fische|Fische (Sternzeichen)|Horoskop|Sternzeichen
♿	Symbol „Rollstuhl“	barrierefrei|behindertengerecht|Rollstuhl|Symbol „Rollstuhl“
⚓	Anker	Anker|Hafen|Meer
⚡	Hochspannung	Blitz|Elektrizität|Gefahr|Gewitter|Hochspannung|Hochspannungszeichen|Strom
⚪	weißer Punkt	Ball|Großer weißer Kreis|Kreis|Punkt|weiß|weißer Punkt
⚫	schwarzer Punkt	Ball|Großer schwarzer Kreis|Kreis|Punkt|rund|schwarz|schwarzer Punkt
⚽	Fußball	Ball|Bundesliga|Fußball|Messi
⚾	Baseball	Ball|Baseball
⛄	Schneemann ohne Schneeflocken	kalt|Schnee|Schneemann|Schneemann ohne Schneeflocken|Winter
⛅	Sonne hinter Wolke	Sonne|Sonne hinter Wolke|Wolke|wolkig
⛎	Schlangenträger	Schlagenträger|Schlangenträger|Sternbild
⛔	Zutritt verboten	Einbahnstrasse|kein Zutritt|keine Durchfahrt|verboten|Zutritt verboten|Zutritt-verboten-Schild
⛪	Kirche	Christ|Christentum|christlich|Gebäude|Kirche|Kreuz|Religion
⛲	Springbrunnen	Brunnen|Garten|Park|Springbrunnen
⛳	Golffahne	Golffahne|Golfplatz
⛵	Segelboot	Boot|Segelboot
⛺	Zelt	Camping|Campingurlaub|Zelt|Zeltplatz
⛽	Tanksäule	Benzin|Tanke|tanken|Tanksäule|Tankstelle
✅	weißes Häkchen	abgehakt|erledigt|weißes Häkchen|Weißes Häkchen
✊	erhobene Faust	erhoben|Faust|Hand|Kampf|Solidarität
✋	erhobene Hand	5|erhoben|halt|Hand|Handfläche|high five|schlag ein|Stopp|warte
✨	funkelnde Sterne	*|funkel|funkeln|funkelnde Sterne|Funkelnde Sterne|Sterne
❌	Kreuzzeichen	abbrechen|durchgestrichen|Kreuzzeichen|mal|Multiplikation|multiplizieren|Rotes Kreuz|x
❎	angekreuztes Kästchen	angekreuztes Feld|angekreuztes Kästchen|Feld|Kreuz|Kreuzsymbol im Quadrat|Quadrat|X
❓	rotes Fragezeichen	Frage|Fragezeichen|rot|rotes Fragezeichen|Rotes Fragezeichen|Satzzeichen|warum|wieso
❔	weißes Fragezeichen	Frage|Fragezeichen|Satzzeichen|warum|weiß|weißes Fragezeichen
❕	weißes Ausrufezeichen	Ausrufezeichen|muss|Satzzeichen|weiß|weißes Ausrufezeichen
❗	rotes Ausrufezeichen	!|Ausrufezeichen|rot|Satzzeichen
➕	plus	+|addieren|mathe|Plus|Pluszeichen
➖	minus	-|−|Mathe|Minus|Minuszeichen
➗	geteilt durch	÷|Division|Divisionszeichen|geteilt|geteilt durch|Geteiltzeichen|Mathe
➰	Schleife	Schleife
➿	Doppelschleife	blau|Doppelschleife|Rechteck|Schleife
⬛	großes schwarzes Quadrat	großes schwarzes Quadrat|Großes schwarzes Quadrat|Quadrat|schwarz
⬜	großes weißes Quadrat	großes weißes Quadrat|Großes weißes Quadrat|Quadrat|weiß
⭐	weißer mittelgroßer Stern	astronomie|gelber Stern|Himmel|Stern|weißer mittelgroßer Stern
⭕	hohler roter Kreis	großer Kreis|Großer Kreis|hohler roter Kreis|Kreis|o|rot
🀄	Mahjong-Stein	Mahjong|Mahjong-Stein|roter Drache|Spiel
🃏	Jokerkarte	Joker|Jokerkarte|Spielkarte
🆎	Großbuchstaben AB in rotem Quadrat	ab|Blut|Blutgruppe|Großbuchstaben AB in rotem Quadrat|negativ|positiv
🆑	Großbuchstaben CL in rotem Quadrat	CL|Großbuchstaben CL in rotem Quadrat
🆒	Wort „Cool“ in blauem Quadrat	Cool|Wort „Cool“ in blauem Quadrat
🆓	Wort „Free“ in blauem Quadrat	Free|Wort „Free“ in blauem Quadrat
🆔	Großbuchstaben ID in lila Quadrat	Großbuchstaben ID in lila Quadrat|ID
🆕	Wort „New“ in blauem Quadrat	Neu|New|Wort „New“ in blauem Quadrat
🆖	Großbuchstaben NG in blauem Quadrat	Großbuchstaben NG in blauem Quadrat|NG
🆗	Großbuchstaben OK in blauem Quadrat	Großbuchstaben|keycap|OK|okay|Taste|Tastenkappe
🆘	SOS-Zeichen	Hilfe|SOS|SOS-Zeichen
🆙	Schriftzug „UP!“ im blauen Quadrat	Keycap|Taste|Tastenkappe|UP|UP!
🆚	Schriftzug VS in orangem Quadrat	gegen|Taste|versus|VS
🈁	Schriftzeichen „koko“	„koko“|japanisches Schriftzeichen|Schriftzeichen „koko“
🈚	Schriftzeichen für „gratis“	gratis|japanisches Schriftzeichen|Schriftzeichen für „gratis“|Schriftzeichen für „Verhandlung“|Verhandlung
🈯	Schriftzeichen für „reserviert“	Finger|japanisches Schriftzeichen|reserviert|Schriftzeichen für „Finger“|Schriftzeichen für „reserviert“
🈲	Schriftzeichen für „verbieten“	japanisches Schriftzeichen|Kanji|Schriftzeichen für „verbieten“|verbieten
🈳	Schriftzeichen für „Zimmer frei“	chinesisches Schriftzeichen|japanisches Schriftzeichen|leer|Schriftzeichen für „leer“|Schriftzeichen für „Zimmer frei“|Zimmer frei
🈴	Schriftzeichen für „Note zum Bestehen“	bestanden|bestehen|chinesisches Schriftzeichen|japanisches Schriftzeichen|Schriftzeichen für „Note zum Bestehen“|Schriftzeichen für „zusammen“|zusammen
🈵	Schriftzeichen für „Kein Zimmer frei“	belegt|besetzt|chinesisches Schriftzeichen|Fülle|japanisches Schriftzeichen|Kanji|kein Zimmer frei|Schriftzeichen für „Fülle“|Schriftzeichen für „Kein Zimmer frei“
🈶	Schriftzeichen für „nicht gratis“	berechnen|existieren|japanisch|nicht gratis|Schriftzeichen|Taste
🈸	Schriftzeichen für „anwenden“	anwenden|chinesisches Schriftzeichen|japanisches Schriftzeichen|Schriftzeichen für „anwenden“
🈹	Schriftzeichen für „Rabatt“	japanisches Schriftzeichen|Rabatt|Schriftzeichen für „Rabatt“|Schriftzeichen für „teilen“|teilen
🈺	Schriftzeichen für „Geöffnet“	Betrieb|chinesisches Schriftzeichen|geöffnet|japanisches Schriftzeichen|Schriftzeichen für „Betrieb“|Schriftzeichen für „Geöffnet“
🉐	Schriftzeichen für „Schnäppchen“	japanisches Schriftzeichen|Schnäppchen|Schriftzeichen für „Schnäppchen“|Schriftzeichen für „Vorteil“|Vorteil
🉑	Schriftzeichen für „akzeptieren“	akzeptieren|japanisch|Schriftzeichen
🌀	Wirbel	Spirale|Wirbel|Wirbelsturm
🌁	neblig	Nebel|neblig|Wetter
🌂	geschlossener Regenschirm	geschlossener Regenschirm|Geschlossener Regenschirm|Regen|Regenschirm
🌃	Sternenhimmel	City|Hochhäuser|Nacht|Skyline|Stadt|Sterne|Sternenhimmel
🌄	Sonnenaufgang über Bergen	Berge|Sonnenaufgang|Sonnenaufgang über Bergen
🌅	Sonnenaufgang über dem Meer	Meer|Sonnenaufgang|Sonnenaufgang über dem Meer
🌆	Abendstimmung in der Stadt	Abendstimmung in der Stadt|Hochhäuser|New York|Skyline|Sonnenaufgang|Sonnenuntergang|Wolkenkratzer
🌇	Sonnenuntergang in der Stadt	Großstadt|Hochhäuser|Morgenrot|Sonnenaufgang|Sonnenuntergang|Sonnenuntergang in der Stadt|Wolkenkratzer
🌈	Regenbogen	Regenbogen|Wetter
🌉	Brücke vor Nachthimmel	Brücke|Brücke vor Nachthimmel|Golden Gate|Nacht|nachts
🌊	Welle	Meer|Welle
🌋	Vulkan	Ausbruch|Berg|Lava|Vulkan|Vulkanausbruch|Wetter
🌌	Milchstraße	Galaxie|Milchstraße|Universum
🌍	Globus mit Europa und Afrika	Afrika|Erde|Europa|Globus mit Europa und Afrika|Weltkugel
🌎	Globus mit Amerika	Erde|Globus|Globus mit Amerika|Nordamerika|Südamerika|Weltkugel
🌏	Globus mit Asien und Australien	Asien|Australien|Erde|Globus|Globus mit Asien und Australien|Weltkugel
🌐	Globus mit Meridianen	Breitengrad|Globus mit Meridianen|Längengrad
🌑	Neumond	Mond|Neumond
🌒	erstes Mondviertel	erstes Mondviertel|Erstes Mondviertel|Mond|zunehmend
🌓	zunehmender Halbmond	Halbmond|Mond|zunehmend|zunehmender Halbmond|Zunehmender Halbmond
🌔	zweites Mondviertel	Mond|zunehmend|zweites Mondviertel|Zweites Mondviertel
🌕	Vollmond	Mond|Vollmond
🌖	drittes Mondviertel	abnehmend|drittes Mondviertel|Drittes Mondviertel|Mond
🌗	abnehmender Halbmond	abnehmend|abnehmender Halbmond|Abnehmender Halbmond|Halbmond
🌘	letztes Mondviertel	abnehmend|letztes Mondviertel|Letztes Mondviertel|Mond|Nacht
🌙	Mondsichel	Mond|Mondsichel|Nacht
🌚	Neumond mit Gesicht	Gesicht|Mond|Mondgesicht|Neumond|Neumond mit Gesicht
🌛	Mondsichel mit Gesicht links	Gesicht|Mond|Mondsichel|Mondsichel mit Gesicht links|Weltall
🌜	Mondsichel mit Gesicht rechts	Gesicht|Mondsichel|Mondsichel mit Gesicht rechts|Nacht
🌝	Vollmond mit Gesicht	Gesicht|Vollmond|Vollmond mit Gesicht
🌞	Sonne mit Gesicht	Gesicht|Sonne|Sonne mit Gesicht|Sonnengesicht|Sonnenschein
🌟	funkelnder Stern	funkeln|funkelnder Stern|Funkelnder Stern|glitzern|Stern
🌠	Sternschnuppe	Himmel|Sternschnuppe
🌭	Hotdog	Essen|Frankfurter|Hot Dog|Hotdog|Wurst|Würstchen
🌮	Taco	Essen|mexikanisch|Taco
🌯	Burrito	Burrito|essen|mexikanisch
🌰	Kastanie	Kastanie|Marone
🌱	Spross	junge Pflanze|Spross
🌲	Nadelbaum	Baum|Nadelbaum|Pflanze|Tannenbaum
🌳	Laubbaum	Baum|Blätter|grün|Laub|Laubbaum|Pflanze|Wald
🌴	Palme	Baum|Kokusnuss|Oase|Palme|Pflanze|Strand|Tropen
🌵	Kaktus	Dürre|Kaktus|Natur|Pflanze|Trockenzeit|Wüste
🌷	Tulpe	Blume|Blüte|Pflanze|Tulpe
🌸	Kirschblüte	Blume|Blüte|Kirschblüte|Kirsche|Pflanze
🌹	Rose	Blume|Blüte|Pflanze|Rose
🌺	Hibiskus	Blume|Blüte|Hibiskus|Pflanze|Rosa
🌻	Sonnenblume	Blume|Blüte|Pflanze|Sonne|Sonnenblume
🌼	gelbe Blüte	Blume|Blüte|gelbe Blüte|Gelbe Blüte|Pflanze
🌽	Maiskolben	Gemüse|Mais|Maiskolben
🌾	Reisähre	Ähre|Pflanze|Reis|Reisähre|Reispflanze
🌿	Kräuter	Blätter|Kräuter|Pflanze
🍀	Glücksklee	Blatt|Glück|Glücksklee|Klee|Kleeblatt|Pflanze|Silverster|vier|vierblättrig|Vierblättriges Kleeblatt
🍁	Ahornblatt	Ahorn|Ahornblatt|Blatt|Herbst|Laub|Pflanze
🍂	Laub	Blatt|Blätter|Fallendes Laub|Herbst|Laub|Pflanze
🍃	Blätter im Wind	Blatt|Blätter|Blätter im Wind|Laub|Pflanze|Wind
🍄	Fliegenpilz	Fliegenpilz|giftig|Pilz
🍄‍🟫	brauner Pilz	braun|Essen|Fungus|Gemüse|Lebensmittel|Natur|Pflanze|Pilz|Wald
🍅	Tomate	Essen|Gemüse|Obst|Tomate
🍆	Aubergine	Aubergine|Gemüse
🍇	Trauben	Frucht|Obst|Traube|Trauben|Wein
🍈	Honigmelone	cantaloupe|Frucht|Honigmelone|Melone|Obst
🍉	Wassermelone	Frucht|Melone|Obst|Wasser|Wassermelone
🍊	Mandarine	Apfelsine|Frucht|Mandarine|Obst|Orange|Vitamin
🍋	Zitrone	Frucht|Obst|sauer|Zitrone|Zitrusfrucht
🍋‍🟩	Limette	Cocktail|Essen|Frucht|Limette|Obst|Saft|sauer|Tequila|tropisch|Zitrusfrucht
🍌	Banane	Banane|Frucht|Obst|Schale
🍍	Ananas	Ananas|Frucht|Obst
🍎	roter Apfel	Apfel|Frucht|Obst|rot|roter Apfel
🍏	grüner Apfel	Apfel|Frucht|gesund|grün|grüner Apfel|Obst
🍐	Birne	Birne|Frucht|Obst
🍑	Pfirsich	Frucht|Obst|Pfirsich
🍒	Kirschen	Frucht|Kirsche|Kirschen|Obst
🍓	Erdbeere	Beere|Erdbeere|Essen|Frucht|Obst
🍔	Hamburger	Burger|Fast Food|Hamburger|Restaurant
🍕	Pizza	Pizza|Pizzastück|Pizzeria
🍖	Fleischhachse	Fleisch|Fleischhachse|Knochen|Restaurant
🍗	Hähnchenschenkel	Fleisch|Geflügel|Hähnchenschenkel|Hühnerbein|Restaurant
🍘	Reiscracker	Cracker|Reiscracker
🍙	Reisbällchen	Essen|japanisch|Reis|Reisbällchen
🍚	Reis in Schüssel	Essen|Reis|Reis in Schüssel
🍛	Reis mit Curry	Curry|Reis|Reis mit Curry
🍜	Schüssel und Essstäbchen	chinesisches Essen|dampfend|Eiernudeln|Nudeln|Schüssel|Schüssel und Essstäbchen|Stäbchen|Suppe
🍝	Spaghetti	Essse|Nudeln mit Tomatensoße|Pasta|Restaurant|Spaghetti
🍞	Brot	Brot|Brotlaib|Essen|Kohlenhydrate|Laib Brot|Toast|Weißbrot|Weizen
🍟	Pommes frites	Fritten|Pommes|Pommes frites|Pommes Frites
🍠	geröstete Süßkartoffel	Essen|Gemüse|geröstet|Süßkartoffel
🍡	Dango	Dango|japanisches Gericht|Mochi-Kugeln auf einem Spieß|Restaurant
🍢	Oden	japanisches Gericht|Oden|Restaurant
🍣	Sushi	japanisches Gericht|Restaurant|Sushi
🍤	frittierte Garnele	frittierte Garnele|Frittierte Garnele|Garnele|Restaurant|tempura
🍥	Fischfrikadelle	Fisch|Fischfrikadelle|Restaurant|Spirale
🍦	Softeis	Eis|Softeis
🍧	Wassereis	Eis|Sorbet|Wassereis|zerstoßen
🍨	Eiscreme	Eis|Eisbecher|Eiscreme|Eisdiele
🍩	Donut	Donut|Doughnut|Essen|Kuchen|süß
🍪	Keks	Cookie|Keks|Plätchen
🍫	Schokoladentafel	Essen|Schokolade|Schokoladentafel|Süßigkeit
🍬	Bonbon	Bonbon|süß|Süßigkeit
🍭	Lutscher	Lolli|Lutscher|Süßigkeit
🍮	Pudding	Dessert|Flan|Nachspeise|Nachtisch|Pudding|Schokolade|Soße
🍯	Honigtopf	Honig|Honigtopf|süß
🍰	Torte	Kuchen|Kuchenstück|Stück Torte|Torte|Tortenstück
🍱	Bento-Box	Bento|Bento-Box|Japanisches essen|Sushi
🍲	Topf mit Essen	Eintopf|Gericht|Schüssel|Suppe|Topf mit Essen
🍳	Spiegelei in Bratpfanne	braten|Bratpfanne|Kochen|Pfanne|Spiegelei|Spiegelei in Bratpfanne
🍴	Messer und Gabel	Abendessen|Besteck|Essen|Frühstück|Gabel|Gabel und Messer|Geschirr|Hunger|lecker|Messer|Messer und Gabel|Mittagessen|Restaurant
🍵	Teetasse ohne Henkel	Getränk|grüner Tee|Oolong|Schale|Tee|Teetasse|Teetasse ohne Henkel
🍶	Sake-Flasche mit Tasse	Flasche|Getränk|Sake|Sake-Flasche mit Tasse|Sake-Flasche und -tasse|Tasse|trinken
🍷	Weinglas	Alkohol|Bar|Glas|Wein|Weinglas
🍸	Cocktailglas	Bar|Cocktail|Cocktailglas|Drink|martini
🍹	Cocktail	Bar|Cocktail|exotisches Getränk
🍺	Bierkrug	Bar|Bier|Bierkrug|Krug|Oktoberfest|prost|Weizenbier
🍻	Bierkrüge	anstoßen|Bier|Bierkrüge|Oktoberfest|prosit|prost|Weizen
🍼	Babyflasche	Baby|Babyflasche|Fläschchen|Flasche|Kind|Milch|trinken
🍾	Flasche mit knallendem Korken	Champagner|Flasche|Flasche mit knallendem Korken|Getränk|knallen|Korken|Sekt|trinken
🍿	Popcorn	Kino|Popcorn|Snack
🎀	pinke Schleife	Feier|Geschenk|pink|rosa|Schleife
🎁	Geschenk	Feier|Geburtstag|Geschenk|Schachtel|Schleife|Überraschung|verpackt|Weihnachten
🎂	Geburtstagskuchen	Essen|feier|Feier|Geburtstag|Geburtstagskuchen|Geburtstagstorte|happy birthday|kerzen|Kuchen|Lebensmittel|Torte
🎃	Halloweenkürbis	Halloween|Halloweenkürbis|Herbst|Kürbis|Kürbislaterne
🎄	Weihnachtsbaum	Baum|Tanne|Weihnachten|Weihnachtsbaum
🎅	Weihnachtsmann	Weihnachten|Weihnachtsmann
🎆	Feuerwerk	Feuerwerk|Silvester
🎇	Wunderkerze	Feiern|Feuerwerk|Party|Wunderkerze
🎈	Luftballon	Ballon|Feier|Geburtstag|Luftballon
🎉	Konfettibombe	Böller|Feier|juhu|Knaller|Konfetti|Konfettibombe|Party|super|yay
🎊	Konfettiball	Feier|Konfetti|Konfettiball|Party
🎋	Tanabata-Baum	Baum|Fest|Japan|Sternenfest|Tanabata-Baum|Zettel
🎌	überkreuzte Flaggen	Japan|japanische Flaggen|überkreuzte Flaggen|Überkreuzte Flaggen
🎍	Piniendekoration	Japan|Neujahrsfest|Piniendekoration
🎎	japanische Puppen	japanische Puppen|Japanische Puppen|Puppenfest Japan
🎏	traditionelle japanische Windsäcke	Feier|Karpfen|traditionelle japanische Windsäcke|Traditionelle japanische Windsäcke|Windsäcke
🎐	japanisches Windspiel	Bimmel|Feier|Glocke|japanisches Windspiel|Japanisches Windspiel|Wind
🎑	traditionelles Mondfest	Japan|Mond|Mondfest|traditionelles Mondfest|Traditionelles Mondfest
🎒	Schulranzen	Ranzen|Rucksack|Schule|Schulranzen|Tornister
🎓	Doktorhut	Abschlussfeier|Diplom|Doktorhut
🎠	Karussellpferd	Karussell|Karussellpferd|Pferd|reiten
🎡	Riesenrad	Freizeitpark|Rad|Riesenrad|Volksfest
🎢	Achterbahn	Achterbahn|Freizeitpark|Volksfest
🎣	Angel mit Fisch	Angel mit Fisch|Angeln|Entspannung
🎤	Mikrofon	Karaoke|Mikrofon|Singen|Unterhaltung
🎥	Filmkamera	Film|Filmkamera|Kino|Unterhaltung
🎦	Kinosymbol	Film|Filmkamera|Filmkamera in blauem Quadrat|Kino|Kinosymbol|Unterhaltung
🎧	Kopfhörer	Kopfhörer|Musik|Unterhaltung
🎨	Mischpalette	Farben|Kunst|Künstler|Mischpalette|Palette
🎩	Zylinder	Hut|Kopfbedeckung|Unterhaltung|Zauberer|Zylinder|Zylinderhut
🎪	Zirkuszelt	Unterhaltung|Zelt|Zirkus|Zirkuszelt
🎫	Ticket	Konzert|Ticket|Unterhaltung
🎬	Filmklappe	Film|Filmklappe|Klappe|Unterhaltung
🎭	Masken	Kunst|Masken|Theater|Unterhaltung
🎮	Gamepad	Gamepad|Gaming|Unterhaltung|Videospiel
🎯	Darts	Dart|Darts|Pfeil|Spiel|Volltreffer|Zielscheibe
🎰	Spielautomat	Glücksspiel|Spiel|Spielautomat
🎱	Billardkugel	8-Ball|Billard|Billardkugel|Kugel|schwarz|Spiel
🎲	Spielwürfel	Casino|Spiel|Spielwürfel|Unterhaltung|Würfel|würfeln|Zufall
🎳	Bowling	Bowling|Bowlingkugel|Kugel|Spiel
🎴	japanische Blumenkarte	Blume|Blumenkarte|Hanafuda|Japan|japanische Blumenkarte|Japanische Blumenkarte|Karte
🎵	Musiknote	Lied|Melodie|Musik|Musiknote|Note
🎶	Musiknoten	Musik|Musiknoten|Noten
🎷	Saxofon	Instrument|Musik|Musikinstrument|Saxofon
🎸	Gitarre	Gitarre|Instrument|Musik|Musikinstrument
🎹	Klaviatur	Instrument|Klaviatur|Klavier|Musik|Musikinstrument|Piano|Tastatur|Tasten
🎺	Trompete	Instrument|Musik|Musikinstrument|Trompete
🎻	Geige	Geige|Instrument|Musik|Musikinstrument|Violine
🎼	Notenschlüssel	Musik|Noten|Notenschlüssel|Partitur|Violinschlüssel
🎽	Laufshirt	Laufen|Laufshirt|Laufshirt mit Schärpe|Schärpe|Sport
🎾	Tennisball	Ball|Sport|Tennis|Tennisball
🎿	Ski	Ski|Ski und Stöcke
🏀	Basketball	Ball|Basketball|Korb|Sport
🏁	Zielflagge	Flagge|formel 1|karierte Flagge|nascar|Rennen|Sport|Zielflagge
🏂	Snowboarder(in)	Snowboard|Snowboarden|Snowboarder|Snowboarder(in)|Snowboarderin|Sport
🏃	laufende Person	eilig|joggen|laufen|Laufen|laufende Person|Läufer|Läuferin|Marathon|Person|rennen|schnell|Sport
🏄	Surfer(in)	Person|Sport|Surfboard|Surfbrett|Surfen|Surfer|Surfer(in)|Surferin|Wassersport|Wellenreiten|Wellenreiter|Wellenreiterin
🏅	Sportmedaille	Gewinn|Goldmedaille|Medaille|Sportmedaille
🏆	Pokal	Bundesliga|Champion|gewinnen|Pokal|Preis|Sieger|Sport|Trophäe
🏇	Pferderennen	Jockey auf Pferd|Pferderennen|schnell|Sport|um die Wette|wetten
🏈	Football	American Football|Amerika|Ball|Football|Sport|Super Bowl
🏉	Rugbyball	Ball|Rugby|Rugbyball|Sport
🏊	Schwimmer(in)	Kraulen|Person|Pool|Schwimmbecken|Schwimmen|Schwimmer|Schwimmer(in)|Schwimmerin|Sport|Triathlon|Wasser
🏏	Kricket	Ball|Cricket|Kricket|Schläger
🏐	Volleyball	Ball|Sport|Volleyball
🏑	Feldhockey	Feldhockey|Hockey|Schläger
🏒	Eishockey	Eishockey|Eishockey-Schläger und Puck|Hockey|Puck|Schläger
🏓	Tischtennis	Ball|Ping Pong|Schläger|Spiel|Sport|Tischtennis
🏠	Haus	Gebäude|Haus|Zuhause
🏡	Haus mit Garten	Baum|Haus|Haus mit Baum|Haus mit Garten
🏢	Bürogebäude	Bürogebäude|Hochhaus
🏣	japanisches Postgebäude	Japan|japanisches Postgebäude|Japanisches Postgebäude|Post
🏤	Postgebäude	Europa|Europäisches Postgebäude|Post|Postgebäude
🏥	Krankenhaus	Ambulanz|Arzt|Gebäude|krank|Krankenhaus|Medizin|Notaufnahme
🏦	Bank	Bank|Gebäude|Geld
🏧	Symbol „Geldautomat“	ATM|Geldautomat|Symbol „Geldautomat“
🏨	Hotel	Gebäude|Hotel|übernachten|Unterkunft
🏩	Stundenhotel	Gebäude|Hotel|Liebe|Stundenhotel|Unterkunft
🏪	Minimarkt	einkaufen|Gebäude|Geschäft|Lebensmittel|Minimarkt
🏫	Schule	Gebäude|Schule|Schulgebäude
🏬	Kaufhaus	einkaufen|Gebäude|Geschäft|Kaufhaus|shoppen
🏭	Fabrik	Fabrik|Fabrikgebäude|Gebäude
🏮	rote Papierlaterne	Izakaya|Japanische Laterne|japanisches Lokal|rote Papierlaterne
🏯	japanisches Schloss	Bauwerk|Gebäude|Japan|japanisch|japanisches Schloss|Japanisches Schloss|Schloss
🏰	Schloss	Bauwerk|Burg|Europa|europäisch|Gebäude|Märchen|Märchenschloss|Schloss
🏴	schwarze Flagge	Fahne|schwarze Fahne|schwarze Flagge|wehen|Wehende schwarze Fahne
🏸	Badminton	Badminton|Federball|Schläger
🏹	Pfeil und Bogen	Bogen|Pfeil|Pfeil und Bogen
🏺	Amphore	Amphore|Gefäß|kochen|Krug|Sternzeichen|Tierkreis|trinken|Vase|Wassermann
🐀	Ratte	Nagetier|Ratte|Tier
🐁	Maus	Maus|Nage|Tier
🐂	Ochse	Kuh|Ochse|Sternzeichen|Stier|Tier|Tierkreis
🐃	Wasserbüffel	Büffel|Tier|Wasser|Wasserbüffel
🐄	Kuh	Bauernhof|Kuh|muh|Tier
🐅	Tiger	Tier|Tiger
🐆	Leopard	gepunktet|Leopard|Punkte|Raubkatze|Raubtier|Tier|Zoo
🐇	Hase	Hase|Kaninchen|Karnickel|Mümmelmann|Nagetier|Tier
🐈	Katze	Haustier|Katze|miau|Tier
🐈‍⬛	schwarze Katze	Kater|Katze|miau|Pech|schwarz|schwarze Katze|schwarzer Kater|Tier|Unglück
🐉	Drache	chinesisch Neujahr|Drache|Märchen|Tier
🐊	Krokodil	Krokodil|Reptil|Schnappi|Tier
🐋	Wal	Ozean|Tier|Wal
🐌	Schnecke	langsam|Schnecke|Tier
🐍	Schlange	Schlange|Schlangenträger|Sternzeichen|Tier|Tierkreis
🐎	Pferd	Pferd|Rennen|Rennpferd|Tier
🐏	Widder	Schaf|Sternzeichen|Tierkreis|Widder
🐐	Ziege	Steinbock|Sternzeichen|Tier|Tierkreis|Ziege
🐑	Schaf	Bock|mäh|Schaf|Tier|Widder|Wolle
🐒	Affe	Affe|Tier
🐓	Hahn	Hahn|Tier
🐔	Huhn	Geflügel|Henne|Huhn|Tier|Tierkopf
🐕	Hund	Haustier|Hund|Tier|wau|wuff
🐕‍🦺	Assistenzhund	Assistenz|Assistenzhund|Barrierefreiheit|Behinderung|Hund|Tier
🐖	Schwein	Bauernhof|Sau|Schwein|Tier
🐗	Wildschwein	Eber|Schwein|Tier|Wildschwein
🐘	Elefant	Elefant|Tier
🐙	Oktopus	Krake|Meer|Oktopus|Tier|Tintenfisch
🐚	Schneckenhaus	Muschel|Schneckenhaus|Strand|Tier
🐛	Raupe	gefräßig|Insekt|Raupe|Tier
🐜	Ameise	Ameise|Insekt|Tier
🐝	Biene	Biene|Honig|Honigbiene|Hummel|Insekt|Maja|Natur|Summ|Tier
🐞	Marienkäfer	Glückskäfer|Insekt|Käfer|krabbel|Marienkäfer|Punkte|Tier
🐟	Fisch	Aquarium|Fisch|Fische|Meehr|Sternzeichen|Tier|Tierkreis
🐠	Tropenfisch	Fisch|Tier|Tropenfisch
🐡	Kugelfisch	Fisch|Kugelfisch|kugelrund|Meer|Tier
🐢	Schildkröte	Schildkröte|Tier
🐣	schlüpfendes Küken	Ei|Küken|Küken in Eierschale|Piep|schlüpfen|schlüpfendes Küken|Tier|Vogel
🐤	Küken	Küken|Kükenkopf|Tier
🐥	Küken von vorne	Geflügel|Küken|Küken in Frontansicht|Küken von vorne|Tier
🐦	Vogel	Papagei|Taube|Tier|Vogel|Vogelkopf
🐦‍⬛	schwarzer Vogel	Amsel|krächzen|Krähe|Rabe|Schnabel|schwarz|schwarzer Vogel|Tier|Vogel
🐦‍🔥	Phönix	Asche|Fabelwesen|Fantasy|Feuer|Feuervogel|Phönix|Reinkarnation|Tier|Vogel|Wiedergeburt
🐧	Pinguin	Pinguin|Pinguinkopf|Tier|Vogel
🐨	Koala	Koala|Koalabär|Koalagesicht|Tier
🐩	Pudel	Hund|Pudel|Tier
🐪	Dromedar	Dromedar|einhöckrig|Kamel|Tier|Wüste
🐫	Kamel	Kamel|Tier|Wüste|zweihöckrig
🐬	Delfin	Delfin|Meer|Ozean|Strand|Tier
🐭	Mäusegesicht	Gesicht|Maus|Mäusegesicht|Mausgesicht|Nagetier|Tier
🐮	Kuhgesicht	Gesicht|Kuh|Kuhgesicht|Tier
🐯	Tigergesicht	Gesicht|Raubkatze|Tier|Tiger|Tigergesicht
🐰	Hasengesicht	Gesicht|Hase|Hasengesicht|Kaninchen|Karnickel|Langohr|Mümmelmann|Nager|Nagetier|Tier
🐱	Katzengesicht	Gesicht|Katze|Katzengesicht|Miau|Miez|Miezekatze|Tier
🐲	Drachengesicht	Drache|Drachengesicht|Gesicht|Märchen|Tier
🐳	blasender Wal	blasender Wal|Blasender Wal|Meer|Ozean|Tier|Wal
🐴	Pferdegesicht	Gesicht|Pferd|Pferdegesicht|Pferdekopf|Tier
🐵	Affengesicht	Affe|Affengesicht|Banane|Dschungel|Gesicht|Tier|Zoo
🐶	Hundegesicht	Gesicht|Hund|Hundegesicht|Tier|treu|Wau|wuff
🐷	Schweinegesicht	Gesicht|Schwein|Schweinegesicht|Tier
🐸	Frosch	Frosch|Froschgesicht|Gesicht|grün|quak|Tier
🐹	Hamster	Gesicht|Hamster|Hamstergesicht|Tier
🐺	Wolf	Gesicht|Tier|Wolf|Wolfsgesicht
🐻	Bär	Bär|Bärengesicht|Gesicht|Tier
🐼	Panda	Gesicht|Panda|Pandabär|Pandagesicht|Tier
🐽	Schweinerüssel	Nase|Schwein|Schweinerüssel|Tier
🐾	Tatzenabdrücke	Abdruck|Tatzen|Tatzenabdrücke|Tier
👀	Augen	Auge|Augen|Gesicht|gucken|schauen|sehen
👂	Ohr	hören|Körperteil|Ohr
👃	Nase	Körperteil|Nase|riechen
👄	Mund	Körperteil|Kuss|Lippen|Lippenstift|Mund
👅	Zunge	ätsch|hmm|Körperteil|lecken|lecker|mmh|Zunge
👆	nach oben weisender Zeigefinger von hinten	aufwärts|Finger|Handrücken|Handrückseite|hier|hinauf|melden|oben|rauf|weisen|Zeigefinger|zeigen
👇	nach unten weisender Zeigefinger	abwärts|Finger|Handrücken|Handrückseite|hinab|hinunter|runter|unten|weisen|Zeigefinger|zeigen
👈	nach links weisender Zeigefinger	Finger|Handrückseite|links|weisen|Zeigefinger|zeigen
👉	nach rechts weisender Zeigefinger	Finger|Handrückseite|rechts|weisen|Zeigefinger|zeigen
👊	geballte Faust	absolut|Bro|Faust|geballt|Hand|korrekt|zustimmen
👋	winkende Hand	auf Wiedersehen|bis später|ciao|guten Tag|hallo|Hand|hey|hi|tschüs|tschüss|winken
👌	OK-Zeichen	exzellent|Finger|genial|Hand|in Ordnung|natürlich|OK|OK-Zeichen|perfekt|super
👍	Daumen hoch	Daumen|Daumen hoch|einverstanden|Finger|gut|Hand|in Ordnung|jawohl|klar|klasse|like|nach oben|ok|super|top
👎	Daumen runter	Daumen|Daumen runter|Hand|nach unten|schlecht
👏	klatschende Hände	applaudieren|Applaus|Beifall|Gratulation|großartig|gut|Hand|Hände|Klatschen|klatschend|toll
👐	offene Hände	Hände|Jazz|offen|umarmen|Umarmung
👑	Krone	König|Königin|Kopfbedeckung|Krone|Majestät
👒	Damenhut	Damenhut|Damenhut mit Schleife|Hut|Kleidung|Kopfbedeckung|Schleife
👓	Brille	Accessoire|Brille
👔	Hemd mit Krawatte	Hemd|Hemd mit Krawatte|Kleidung|Kragen|Schlips
👕	T-Shirt	Kleidung|Shirt|T-Shirt
👖	Jeans	Hose|Jeans|Kleidung
👗	Kleid	Kleid|Kleidung
👘	Kimono	japanisch|Kimono|Kleid|Kleidung
👙	Bikini	Badeanzug|Bikini|Kleidung
👚	Bluse	Bluse|Damenmode|Kleidung|Oberbekleidung|Shirt
👛	Geldbörse	Accessoire|Brieftasche|Geldbörse|Münzen|Portemonnaie
👜	Handtasche	Accessoire|einkaufen|Handtasche|Tasche
👝	Clutch	Accessoire|Beutel|Clutch|Handtasche|Kulturbeutel|Tasche|Waschtasche
👞	Herrenschuh	gehen|Herren|Herrenschuh|Schuh
👟	Sportschuh	laufen|rennen|Schuh|Sneaker|sportlich|Sportschuh|Turnschuh
👠	Stöckelschuh	Absatz|Absatzschuh|Damen|elegant|High Heel|Highheels|Pumps|rot|Schuh|Stöckelschuh|vornehm
👡	Damensandale	Damen|Damensandale|Sandale|Schuh
👢	Damenstiefel	Damen|Damenstiefel|Schuh|Stiefel
👣	Fußabdrücke	Abdruck|auf dem Weg|Fuß|Fußabdruck|Fußabdrücke
👤	Silhouette einer Büste	Büste|Person|Silhouette einer Büste
👥	Silhouette mehrerer Büsten	Büsten|Personen|Silhouette mehrerer Büsten
👦	Junge	Enkelsohn|Gesicht|jung|Junge|jünger|Kind|munter|Sohn|strahlend
👧	Mädchen	Enkeltochter|Gesicht|jung|jünger|Kind|Mädchen|munter|strahlend|Tochter
👨	Mann	erwachsen|Gesicht|Mann
👨‍🌾	Bauer	Ähre|Bauer|Farmer|Gärtner|Landwirt|Rancher
👨‍🍳	Koch	Koch|Kochen|Restaurant
👨‍🍼	Mann, der Baby die Flasche gibt	Baby|Flasche geben|Flasche gebender Mann|füttern|Mann
👨‍🎓	Student	Absolvent|Diplom|Doktorhut|Student|Uni
👨‍🎤	Sänger	Mann|Mikrofon|Popstar|Sänger|Schauspieler
👨‍🎨	Künstler	Farbpalette|Künstler|Maler|Mann
👨‍🏫	Lehrer	Dozent|Lehrer|Mann|Professor|Tafel
👨‍🏭	Fabrikarbeiter	Fabrik|Fabrikarbeiter|Helm
👨‍💻	IT-Experte	Arbeit|Bildschirm|Büro|Computer|Entwickler|IT-Experte|Mann|Office
👨‍💼	Büroangestellter	Angestellter|Büro|Büroangestellter|Manager|Mann
👨‍🔧	Mechaniker	Elektriker|Handwerker|Klempner|Mann|Mechaniker
👨‍🔬	Wissenschaftler	Chemie|Forscher|Labor|Wissenschaftler
👨‍🚀	Astronaut	Astronaut|Mann|Raumfahrt|Weltraum
👨‍🚒	Feuerwehrmann	Feuerwehr|Feuerwehrhelm|Feuerwehrmann|Mann
👨‍🦯	Mann mit Langstock	Barrierefreiheit|Behinderung|blind|Mann|Mann mit Blindenstock|Mann mit Gehstock|Mann mit Langstock|Mensch|Person|sehbehindert
👨‍🦼	Mann in elektrischem Rollstuhl	Barrierefreiheit|Behinderung|Mann|Mann in elektrischem Rollstuhl|Mann in Rollstuhl|Mensch|Person|Rollstuhl
👨‍🦽	Mann in manuellem Rollstuhl	Barrierefreiheit|Behinderung|Mann|Mann in manuellem Rollstuhl|Mann in Rollstuhl|Mensch|Person|Rollstuhl
👩	Frau	erwachsen|Frau|Gesicht
👩‍🌾	Bäuerin	Ähre|Bäuerin|Farmerin|Gärtnerin|Landwirtin
👩‍🍳	Köchin	kochen|Köchin
👩‍🍼	Frau, die Baby die Flasche gibt	Baby|Eltern|Flasche geben|Flasche gebende Frau|Frau|füttern|Mama|Milch|Mutter|Neugeborenes|Person|Säugling
👩‍🎓	Studentin	Abschluss|Absolventin|Diplom|Doktorhut|Studentin|Uni
👩‍🎤	Sängerin	Frau|Mikrofon|Popstar|Sängerin|Schauspielerin
👩‍🎨	Künstlerin	Farbpalette|Frau|Künstlerin|Malerin
👩‍🏫	Lehrerin	Dozentin|Frau|Lehrerin|Professorin
👩‍🏭	Fabrikarbeiterin	Fabrik|Fabrikarbeiterin|Frau|Helm
👩‍💻	IT-Expertin	Arbeit|Bildschirm|Büro|Computer|Entwickler|Entwicklerin|Frau|IT-Expertin|Laptop|Office
👩‍💼	Büroangestellte	Angestellte|Büro|Büroangestellte|Frau|Managerin|Mangerin
👩‍🔧	Mechanikerin	Elektrikerin|Frau|Handwerkerin|Klempnerin|Mechanikerin
👩‍🔬	Wissenschaftlerin	Forscherin|Frau|Labor|Wissenschaftlerin
👩‍🚀	Astronautin	Astronautin|Frau|Raumfahrt|Weltraum
👩‍🚒	Feuerwehrfrau	Feuerwehrfrau|Feuerwehrhelm|Frau
👩‍🦯	Frau mit Langstock	Barrierefreiheit|Behinderung|blind|Frau|Frau mit Blindenstock|Frau mit Gehstock|Frau mit Langstock|Mensch|Person
👩‍🦼	Frau in elektrischem Rollstuhl	Barrierefreiheit|Behinderung|Frau|Frau in elektrischem Rollstuhl|Frau in Rollstuhl|Mensch|Person|Rollstuhl
👩‍🦽	Frau in manuellem Rollstuhl	Barrierefreiheit|Behinderung|Frau|Frau in manuellem Rollstuhl|Frau in Rollstuhl|Mensch|Person|Rollstuhl
👪	Familie	Familie|Junge|Kind|Mutter|Vater
👫	Mann und Frau halten Hände	Frau|Händchen halten|Mann|Mann und Frau halten Hände|Paar|Pärchen aus Frau und Mann
👬	Händchen haltende Männer	Händchen halten|Händchen haltende Männer|Männer|Paar|Pärchen aus Mann und Mann|Zwillinge
👭	Händchen haltende Frauen	Frauen|Händchen halten|Händchen haltende Frauen|Paar|Pärchen aus Frau und Frau
👮	Polizist(in)	Beruf|festnehmen|Gesetzeshüter|Gesicht|Person|Polizei|Polizist|Polizist(in)|Polizistin|Uniform|verhaften
👯	Personen mit Hasenohren	Bunny|Bunnys|doppelt|Hasenohren|Leute|Party|Person|Personen mit Hasenohren|seelenverwandt|Tanzen|Tänzerinnen|Zwillinge
👰	Person mit Schleier	Braut|Braut mit Schleier|Gesicht|Hochzeit|Person|Person mit Schleier|Schleier
👱	Person: blondes Haar	blond|blondhaarig|Gesicht|Mensch|Person
👲	Mann mit chinesischem Hut	China|chinesisch|Gesicht|Hut|Kappe|Mütze|Person
👳	Person mit Turban	Bart|Dreitagebart|Person|Person mit Turban|Turban
👴	älterer Mann	alt|älter|erwachsen|Großeltern|Großvater|Mann|Mensch|Opa|Senior|weise
👵	ältere Frau	alt|älter|erwachsen|Frau|Großeltern|Großmutter|Mensch|Oma|Seniorin|weise
👶	Baby	Baby|Gesicht|jung|Kind|Kleinkind|Locke
👷	Bauarbeiter(in)	Arbeit|Bau|Bauarbeiter|Bauarbeiter(in)|Bauarbeiterin|Beruf|Gesicht|Helm|Person|Schutzhelm|umbauen
👸	Prinzessin	Gesicht|Krone|Märchen|Prinzessin
👹	Ungeheuer	Gesicht|gruselig|Japan|japanisch|Märchen|Maske|Monster|Oger|Ungeheuer
👺	Kobold	gemein|Gesicht|Japan|japanisch|Kobold|Märchen|Maske|Monster|Tengu|Ungeheuer|wütend
👻	Gespenst	buh|Fantasy|Geist|Gesicht|Gespenst|gruselig|Halloween|Märchen|Spuk|Zunge
👼	Putte	Engel|Gesicht|Kind|Märchen|Putte
👽	Außerirdischer	Alien|All|außerirdisch|Außerirdische|Außerirdischer|Fantasy|Gesicht|Märchen|Monster|UFO|Weltraum|Wesen
👾	Computerspiel-Monster	Computerspiel-Monster|Gesicht|Monster|UFO
👿	wütendes Gesicht mit Hörnern	böse|Dämon|Dämonin|Fantasie|Fantasy|Gesicht|Hörner|Kobold|lila|Märchen|Satan|Teufel|Teufelchen|violett|wütend
💀	Totenkopf	Gesicht|Knochen|Märchen|Schädel|Tod|tot|Totenkopf|yolo
💁	Infoschalter-Mitarbeiter(in)	abgekippt|beleidigen|Gerüchte|Geste|Hand|Klatsch|klatschen|Person|Sarkasmus|sarkastisch|Tratsch|tratschen
💂	Wache	Bärenfellmütze|Buckingham Palace|Gesicht|London|Wache|Wachfrau|Wachmann|Wachsoldat|Wachsoldatin|Wächter
💃	tanzende Frau	elegant|festlich|Flair|Flamenco|Frau|Salsa|Schwung|Tango|Tanz|Tanzen|Tänzerin
💄	Lippenstift	Kosmetik|Lippenstift|Make-up|makeup|Rot|Schminke
💅	Nagellack	Kosmetik|Maniküre|Nagel|Nagellack|Nagelpflege
💆	Person, die eine Kopfmassage bekommt	Behandlung|die eine Kopfmassage bekommt|entspannen|Kopfmassage|Kopfschmerzen|Massage|Migräne|Person|Person, die eine Kopfmassage bekommt|Salon|Spa|Therapie
💇	Person beim Haareschneiden	Friseur|Friseurin|Friseuse|Frisör|Frisörin|Frisur|Haare|Haarschnitt|Person|Person beim Haareschneiden|Schere
💈	Barbershop-Säule	Barbershop-Säule|Friseur|Herrenfriseur|Säule
💉	Spritze	Arzt|impfen|Impfung|Injektion|Kanüle|Nadel|Spritze
💊	Kapsel	Arznei|Arzt|Kapsel|Medizin|Pille|Tabletten
💋	Kussabdruck	Gefühl|Knutsch|Kuss|Kussabdruck|küssen|Liebe|Lippen|Lippenstift|romantisch|sexy
💌	Liebesbrief	Brief|Herz|Liebe|Liebesbrief|Post|Siegel
💍	Ring	Diamantring|Edelstein|Ring|Schmuck|Verlobung
💎	Edelstein	Diamant|Edelstein
💏	sich küssendes Paar	Frau|Herz|Kuss|küssen|Küssendes Paar|Mann|sich küssendes Paar
💐	Blumenstrauß	Blumen|Blumenstrauß|Bouquet
💑	Liebespaar	Frau|Herz|Liebe|Liebespaar|Mann|Paar
💒	Hochzeit	Herz|Hochzeit|Kirche
💓	schlagendes Herz	Gefühl|Herz|Herzschlag|Liebe|Puls|pulsieren|schlagen
💔	gebrochenes Herz	allein|gebrochen|Gefühl|Herz|Herzschmerz|Liebeskummer|Schmerz|traurig|Trennung|zerbrochen
💕	zwei Herzen	Date|Gefühl|Herz|Herzen|Hochzeitstag|Jahrestag|Küsschen|Küsse|Liebe|Rendezvous|xoxo|zwei
💖	funkelndes Herz	Aufregung|funkeln|Gefühl|glitzern|Herz|Liebe|Morgen|Nacht|rosa|xoxo
💗	wachsendes Herz	Aufregung|Gefühl|Herz|Herzschlag|Küsschen|Küsse|Liebe|nervös|Nervosität|Puls|wachsen|xoxo
💘	Herz mit Pfeil	Herz|Herz mit Pfeil|Liebe|Pfeil
💙	blaues Herz	blau|Gefühl|Herz|Liebe|romantisch
💚	grünes Herz	Gefühl|grün|Herz|Liebe|romantisch
💛	gelbes Herz	Gefühl|gelb|Herz|herzlich|Liebe
💜	lila Herz	beste|Gefühl|hdl|Herz|Liebe|lila|lilafarben|violett
💝	Herz mit Schleife	Herz|Hochzeitstag|Jahrestag|Küsschen|Küsse|Liebe|Schleife|Valentinstag|xoxo
💞	kreisende Herzen	Emotion|Gefühl|Herz|Herzen|Hochzeitstag|Jahrestag|kreisen|Liebe|süß
💟	Herzdekoration	Deko|Emotion|Gefühl|Herz|Herzdekoration|Liebe|lila|violett|weiß
💠	Rautenform mit Punkt	Diamant|mit Punkt|Rautenform|Rautenform mit Punkt
💡	Glühbirne	Glühbirne|hell|Idee|Lampe|Licht
💢	Ärger	Ärger|Comic|Wut
💣	Bombe	Bombe|Comic|Dynamit|Explodieren
💤	Schlafen	Buchstaben|Comic|gähn|langweilig|müde|Nickerchen|öde|Schlaf|Schlafen|Schnarchen|ZZZ
💥	Zusammenstoß	Bombe|Boom|Comic|explodieren|Explosion|kollidieren|Kollision|Zusammenstoß|zusammenstoßen
💦	Schweißtropfen	Comic|feucht|nass|Schweiß|Schweißtropfen|schwitzen|trainieren|Training|Tropfen|Wasser
💧	Tropfen	Schweiß|Träne|Tropfen|Wasser|Wassertropfen
💨	Staubwolke	Comic|rennen|Staubwolke|weglaufen
💩	Kothaufen	Kot|Kothaufen|Mist
💪	angespannter Bizeps	Arm|Bizeps|Bodybuilder|Bro|Fitnessstudio|Gewichtheben|Muckies|Muskeln|stark|Training
💫	schwindlig	benommen|Benommenheit|Comic|Komet|schwindlig|Stern|Sterne|Sternschnuppe
💬	Sprechblase mit drei Punkten	Comic|Dialog|Gespräch|Sprechblase|Sprechblase mit drei Punkten|Unterhaltung
💭	Gedankenblase	Comic|Gedankenblase|Nachdenken
💮	Blumenstempel	Blume|Blumenstempel
💯	100 Punkte	100|100 Punkte|Punktestand|volle Punktzahl
💰	Geldsack	Geld|Geldsack|Moneten|reich|Sack
💱	Geldwechsel	Geld|Geldwechsel|Währung|Wechsel
💲	Dollarzeichen extrafett	bezahlen|Dollar|Dollar-Zeichen|Dollarzeichen extrafett|Geld|Knete|Moneten|teuer|USD|Währung
💳	Kreditkarte	Bankkarte|EC-Karte|Geldkarte|Guthaben|Karte|Kreditkarte
💴	Yen-Banknote	Geld|Geldschein|Yen|Yen-Banknote
💵	Dollar-Banknote	Dollar|Dollar-Banknote|Geld|Geldschein|Währung
💶	Euro-Banknote	Euro|Euro-Banknote|Euroschein|Geld|Geldschein
💷	Pfund-Banknote	Geld|Geldschein|Pfund|Pfund-Banknote
💸	Geldschein mit Flügeln	Bank|Euro|Geld|Geldschein mit Flügeln|Knete|Moneten
💹	steigende Kurve mit Yen-Zeichen	Diagramm|Markt|steigende Kurve mit Yen-Zeichen|Steigender Trend mit Yen-Zeichen
💺	Sitzplatz	Bus|Flugzeug|Sitz|Sitzplatz|Zug
💻	Laptop	Bildschirm|Computer|Computermonitor|Laptop|Monitor|Notebook|PC
💼	Aktentasche	Aktentasche|Tasche
💽	Minidisc	MD|Minidisc|Minidisk
💾	Diskette	Datenträger|Diskette
💿	CD	Blu-Ray|CD|DVD
📀	DVD	blu-ray|CD|computer|DVD
📁	Ordner	Akten|Büro|Dokument|geschlossen|Ordner
📂	geöffneter Ordner	Dokument|geöffneter Ordner|Geöffneter Ordner|offen|Ordner
📃	teilweise eingerolltes Blatt	Dokument|Papier|Seite|teilweise eingerolltes Blatt|Teilweise eingerolltes Blatt
📄	Vorderseite eines Blattes	Dokument|Papier|Seite|Vorderseite eines Blattes
📅	Kalender	Datum|Kalender|Kalenderblatt
📆	Abreißkalender	Abreißkalender|Datum|Kalender|Termin
📇	Rotationskartei	Rotationskartei|Visitenkarten
📈	Aufwärtstrend	Aufwärtstrend|Diagramm|Kurve|steigend
📉	Abwärtstrend	Abwärtstrend|Diagramm|fallend|Kurve
📊	Balkendiagramm	Balken|Balkendiagramm|Diagramm
📋	Klemmbrett	Clipboard|Clpboard|Klemmbrett|Zwischenablage
📌	Reißzwecke	anpinnen|Reißzwecke
📍	Stecknadel	anpinnen|Reißzwecke|rund|runde Reißzwecke|Stecknadel
📎	Büroklammer	Büroklammer
📏	Lineal	Lineal
📐	dreieckiges Lineal	dreieckiges Lineal|Dreieckiges Lineal|Geodreieck|Lineal
📑	Pagemarker	Notizen|Pagemarker
📒	Spiralblock	Notizblock|Spiralblock
📓	Notizbuch	Notizbuch|Notizen
📔	Notizbuch mit dekorativem Einband	Einband|Notizbuch|Notizbuch mit dekorativem Einband
📕	geschlossenes Buch	Buch|geschlossen|geschlossenes Buch|Geschlossenes Buch
📖	offenes Buch	Bibliothek|blättern|Buch|geöffnet|lernen|lesen|offen|offenes Buch|Offenes Buch|Seite
📗	grünes Buch	Buch|grün|grünes Buch|Grünes Buch|lesen
📘	blaues Buch	blau|blaues Buch|Blaues Buch|Buch
📙	orangefarbenes Buch	Buch|orangefarben|orangefarbenes Buch|Orangefarbenes Buch
📚	Bücherstapel	Bücher|Bücherstapel|Fantasie|lesen|Roman
📛	Namensschild	Namensschild|Schild
📜	Schriftrolle	Papier|Schriftrolle
📝	Papier und Bleistift	Bleistift|Kurzmitteilung|Nachricht|Notiz|Papier|Papier und Bleistift|Schreibblock|schreiben
📞	Telefonhörer	anrufen|Hörer|Kommunikation|Telefon|Telefonhörer
📟	Pager	Kommunikation|Pager|Piepser
📠	Faxgerät	Fax|Faxgerät|Kommunikation
📡	Satellitenschüssel	Antenne|Sat-Schüssel|Satellitenschüssel|Satschüssel|Schüssel
📢	Lautsprecher	Lautsprecher|Megafon|Schallendes Megafon
📣	Megafon	Jubel|Lautsprecher|Megafon
📤	Postausgang	Ablage|E-Mail|Postausgang
📥	Posteingang	Ablage|E-Mail|Posteingang
📦	Paket	Päckchen|Paket
📧	E-Mail	Brief|E-Mail|E-Mail-Symbol|Post
📨	eingehender Briefumschlag	E-Mail|eingehender Briefumschlag|empfangen|Umschlag
📩	Umschlag mit Pfeil	E-Mail|gesendet|Umschlag mit Pfeil
📪	geschlossener Briefkasten ohne Post	Briefkasten|geschlossen|geschlossener Briefkasten ohne Post|Geschlossener Briefkasten ohne Post|keine E-Mail|keine Post|Post
📫	geschlossener Briefkasten mit Post	Briefkasten|E-Mail|geschlossen|geschlossener Briefkasten mit Post|Geschlossener Briefkasten mit Post|Post
📬	offener Briefkasten mit Post	Briefkasten|E-Mail|offen|offener Briefkasten mit Post|Offener Briefkasten mit Post|Post
📭	offener Briefkasten ohne Post	Briefkasten|keine E-Mail|keine Post|offen|offener Briefkasten ohne Post|Post
📮	Briefkasten	Brief|Briefkasten|Post
📯	Posthorn	Brief|E-Mail|Post|Posthorn
📰	Zeitung	Medien|Nachrichten|Presse|Zeitung
📱	Mobiltelefon	Handy|iPhone|Mobiltelefon|Smartphone|telefonieren
📲	Mobiltelefon mit Pfeil	Anruf|Anrufen|Handy|iPhone|Kommunikation|Mobiltelefon|Mobiltelefon mit Pfeil|Pfeil|WhatsApp
📳	Vibrationsmodus	Handy|Kommunikation|Mobiltelefon|Symbol für Vibrationsalarm|Vibration|Vibrationsmodus|vibrieren
📴	Mobiltelefon aus	ausschalten|Handy aus|Mobiltelefon|Mobiltelefon aus
📵	Mobiltelefone verboten	Handy|Mobiltelefon|Mobiltelefone verboten|Verbot
📶	balkenförmige Signalstärkenanzeige	balkenförmige Signalstärkenanzeige|Balkenförmige Signalstärkenanzeige|Empfang|Mobilfunksignal|Mobiltelefon|Signalstärke
📷	Fotoapparat	Fotoapparat|Fotos|Kamera
📸	Fotoapparat mit Blitz	Blitz|Fotoapparat|Fotoapparat mit Blitz
📹	Videokamera	filmen|Videokamera|Videos
📺	Fernseher	Fernsehen|Fernseher|Film|TV
📻	Radio	Musik|Radio
📼	Videokassette	vhs|Video|Videokassette
📿	Gebetskette	beten|Gebet|Gebetskette|Kette|Religion|Rosenkranz
🔀	Zufallsmodus	gekreuzt|Pfeile|Richtung|verschlungene Pfeile nach rechts|Verschlungene Pfeile nach rechts|Zufallsmodus
🔁	Wiederholen	im Uhrzeigersinn|keycap|Pfeile|tastenkappe|wiederholen|Wiederholen
🔂	Titel wiederholen	dasselbe wiederholen|einmal|im Uhrzeigersinn|noch einmal|Pfeile|Titel wiederholen|wiederholen
🔃	kreisförmige Pfeile im Uhrzeigersinn	im Uhrzeigersinn|kreisförmige Pfeile im Uhrzeigersinn|Kreisförmige Pfeile im Uhrzeigersinn|Pfeile
🔄	Pfeile gegen den Uhrzeigersinn	gegen den Uhrzeigersinn|kreisförmige Pfeile gegen den Uhrzeigersinn|Kreisförmige Pfeile gegen den Uhrzeigersinn|Pfeile|Pfeile gegen den Uhrzeigersinn
🔅	Taste Dimmen	dimmen|gedimmt|Helligkeit|schwache Helligkeit|Schwache Helligkeit|Taste Dimmen
🔆	Heller-Taste	heller|Heller-Taste|Helligkeit|starke Helligkeit|Starke Helligkeit
🔇	durchgestrichener Lautsprecher	durchgestrichener Lautsprecher|Durchgestrichener Lautsprecher|leise|psst|stumm|stummgeschaltet
🔈	Lautsprecher mit geringer Lautstärke	eingeschaltet|Lautsprecher mit geringer Lautstärke|Ton an
🔉	Lautsprecher mit mittlerer Lautstärke	Lautsprecher mit einer Schallwelle|Lautsprecher mit mittlerer Lautstärke|leise|mittellaut|Ton
🔊	Lautsprecher mit hoher Lautstärke	Dezibel|laut|Lautsprecher mit drei Schallwellen|Lautsprecher mit hoher Lautstärke|Musik|Schallwellen
🔋	Batterie	Akku|Batterie
🔌	Netzstecker	Netzstecker|Stecker|Stromstecker
🔍	Lupe nach links	Lupe nach links|Suche|Vergrößerungsglas
🔎	Lupe nach rechts	Lupe|Lupe nach rechts|Suche|Vergrößerungsglas
🔏	Schloss mit Füller	Datenschutz|privat|Schloss mit Füller|Sicherheit
🔐	Schloss mit Schlüssel	Datenschutz|privat|Schloss mit Schlüssel|Sicherheit
🔑	Schlüssel	Passwort|schließen|Schlüssel
🔒	geschlossenes Schloss	Datenschutz|geschlossen|geschlossenes Schloss|Geschlossenes Schloss|Schloss|Sicherheit
🔓	offenes Schloss	nicht gesichert|offen|offenes Schloss|Offenes Schloss|Schloss
🔔	Glocke	ding dong|Glocke|Klingeling|Ton eingeschaltet
🔕	durchgestrichene Glocke	durchgestrichene Glocke|Durchgestrichene Glocke|Glocke|kein ton|leise|Ton ausgeschaltet
🔖	Lesezeichen	Etikett|Lesen|Lesezeichen
🔗	Linksymbol	Kettenglieder|Linksymbol|verknüpfen|Verknüpfung|Verknüpfungssymbol|zwei Ringe
🔘	Optionsfeld	Optionsfeld|Schaltfläche
🔙	BACK-Pfeil	BACK-Pfeil|links|Pfeil|zurück
🔚	END-Pfeil	END-Pfeil|Ende-Zeichen|links|Pfeil
🔛	ON!-Pfeil	anschalten|Ein-Zeichen|einschaltem|ON!-Pfeil|Pfeil|rechts und links
🔜	SOON-Pfeil	Bald-Zeichen|Pfeil|rechts|SOON-Pfeil
🔝	TOP-Pfeil	Pfeil nach oben|TOP-Pfeil|Top-Zeichen
🔞	Minderjährige verboten	Erwachsene|Minderjährige verboten|Mindestalter|nicht jugendfrei|Zeichen mit durchgestrichener 18
🔠	Eingabesymbol lateinische Großbuchstaben	abcd|Buchstaben|Eingabe|Eingabesymbol|Großbuchstaben|großschreiben|lateinisch
🔡	Eingabesymbol lateinische Kleinbuchstaben	Eingabesymbol lateinische Kleinbuchstaben|Kleinbuchstaben|lateinische Kleinbuchstaben
🔢	Eingabesymbol Zahlen	1234|Eingabe|Eingabesymbol|Symbol|Zahlen|Ziffern
🔣	Eingabesymbol Sonderzeichen	&|%|♪|〒|Eingabe|Eingabesymbol|keycap|Sonderzeichen|Symbol|Tastenkappe
🔤	Eingabesymbol lateinische Buchstaben	abc|Alphabet|Buchstaben|Eingabe|Eingabesymbol|lateinisch|Symbol
🔥	Feuer	brennen|Feuer|Flamme|heiß
🔦	Taschenlampe	Lampe|Licht|Taschenlampe
🔧	Schraubenschlüssel	Schraubenschlüssel|Werkzeug
🔨	Hammer	Hammer|Werkzeug
🔩	Mutter und Schraube	Mutter und Schraube|Schraube
🔪	Küchenmesser	Küchenmesser|Messer|schneiden
🔫	Wasserpistole	Pistole|Revolver|Waffe|Wasserpistole
🔬	Mikroskop	Labor|Mikroskop|untersuchen|Wissenschaft
🔭	Teleskop	Himmel|Teleskop
🔮	Kristallkugel	Kristallkugel|Wahrsager|Zukunft
🔯	Hexagramm mit Punkt	Hexagramm mit Punkt|Wahrsager
🔰	japanisches Anfänger-Zeichen	Anfänger|japanisches Anfänger-Zeichen|Japanisches Anfänger-Zeichen|japanisches Symbol
🔱	Dreizack	Anker|Dreizack|Poseidon|Triton
🔲	schwarze quadratische Schaltfläche	quadratisch|Schaltfläche|schwarz|schwarze quadratische Schaltfläche|Schwarze quadratische Schaltfläche
🔳	weiße quadratische Schaltfläche	Quadrat|quadratisch|Schaltfläche|weiß|weiße quadratische Schaltfläche|Weiße quadratische Schaltfläche
🔴	roter Punkt	Ball|Punkt|rot|roter Punkt
🔵	blauer Punkt	Ball|blau|blauer Punkt|Großer blauer Kreis|Kreis|Punkt
🔶	große orangefarbene Raute	große orangefarbene Raute|Große orangefarbene Raute|orangefarben|Raute
🔷	große blaue Raute	blau|große blaue Raute|Große blaue Raute|Raute
🔸	kleine orangefarbene Raute	kleine orangefarbene Raute|Kleine orangefarbene Raute|orangefarben|Raute
🔹	kleine blaue Raute	blau|kleine blaue Raute|Kleine blaue Raute|Raute
🔺	rotes Dreieck mit der Spitze nach oben	aufwärts|Dreieck|rot|rotes Dreieck mit der Spitze nach oben|Rotes Dreieck mit Spitze oben
🔻	rotes Dreieck mit der Spitze nach unten	abwärts|Dreieck|rot|rotes Dreieck mit der Spitze nach unten
🔼	Aufwärts-Schaltfläche	aufwärts|Aufwärts-Schaltfläche|nach oben|Pfeil|Schaltfläche
🔽	Abwärts-Schaltfläche	abwärts|Abwärts-Schaltfläche|nach unten|Pfeil|Schaltfläche
🕋	Kaaba	Hajj|Islam|Kaaba|Moslem|Muslim|Religion
🕌	Moschee	Islam|Moschee|Moslem|Muslim|Religion
🕍	Synagoge	Jude|jüdisch|Religion|Synagoge|Tempel
🕎	Menora	Leuchter|Menora|Religion
🕐	1:00 Uhr	01:00|1|1:00 Uhr|13:00|Punkt eins|Uhr|Zeit|Ziffernblatt 1:00 Uhr|Ziffernblatt 1.00 Uhr
🕑	2:00 Uhr	2|2:00 Uhr|Uhr|Zeit|Ziffernblatt 2:00 Uhr|Ziffernblatt 2.00 Uhr
🕒	3:00 Uhr	3|3:00 Uhr|Uhr|Zeit|Ziffernblatt 3:00 Uhr|Ziffernblatt 3.00 Uhr
🕓	4:00 Uhr	4|4:00 Uhr|Uhr|Zeit|Ziffernblatt 4:00 Uhr|Ziffernblatt 4.00 Uhr
🕔	5:00 Uhr	05:00|17:00|5|5:00 Uhr|Punkt fünf|Uhr|Zeit|Ziffernblatt 5:00 Uhr|Ziffernblatt 5.00 Uhr
🕕	6:00 Uhr	6|6:00 Uhr|Uhr|Zeit|Ziffernblatt 6:00 Uhr|Ziffernblatt 6.00 Uhr
🕖	7:00 Uhr	7|7:00 Uhr|Uhr|Ziffernblatt 7:00 Uhr|Ziffernblatt 7.00 Uhr
🕗	8:00 Uhr	8|8:00 Uhr|Uhr|um 8|Zeit|Ziffernblatt 8:00 Uhr|Ziffernblatt 8.00 Uhr
🕘	9:00 Uhr	9|9:00 Uhr|Uhr|Zeit|Ziffernblatt 9:00 Uhr|Ziffernblatt 9.00 Uhr
🕙	10:00 Uhr	10|10:00 Uhr|Uhr|Zeit|Ziffernblatt 10:00 Uhr|Ziffernblatt 10.00 Uhr
🕚	11:00 Uhr	11|11:00 Uhr|Uhr|Zeit|Ziffernblatt 11:00 Uhr|Ziffernblatt 11.00 Uhr
🕛	Ziffernblatt 12:00 Uhr	0 Uhr|12|12:00 Uhr|Mittag|Mitternacht|Uhr|Ziffernblatt 12:00 Uhr|Ziffernblatt 12.00 Uhr|zwölf Uhr
🕜	1:30 Uhr	1 Uhr 30|1:30 Uhr|halb zwei|Uhr|Ziffernblatt 1:30 Uhr|Ziffernblatt 1.30 Uhr
🕝	2:30 Uhr	2:30 Uhr|halb drei|Uhr|Zeit|Ziffernblatt 2:30 Uhr|Ziffernblatt 2.30 Uhr
🕞	3:30 Uhr	3:30 Uhr|halb vier|Uhr|Ziffernblatt 3:30 Uhr|Ziffernblatt 3.30 Uhr
🕟	4:30 Uhr	04:30|16:30|4:30 Uhr|halb fünf|Uhr|Zeit|Ziffernblatt 4:30 Uhr|Ziffernblatt 4.30 Uhr
🕠	5:30 Uhr	05:30|17:30|5:30 Uhr|halb sechs|Uhr|Ziffernblatt 5:30 Uhr|Ziffernblatt 5.30 Uhr
🕡	6:30 Uhr	6:30 Uhr|halb sieben|Uhr|Ziffernblatt 6.30 Uhr
🕢	7:30 Uhr	7:30 Uhr|halb acht|Uhr|Zeit|Ziffernblatt 7:30 Uhr|Ziffernblatt 7.30 Uhr
🕣	8:30 Uhr	8:30 Uhr|halb neun|Uhr|Ziffernblatt 8:30 Uhr|Ziffernblatt 8.30 Uhr
🕤	9:30 Uhr	9:30 Uhr|halb zehn|Uhr|Zeit|Ziffernblatt 9:30 Uhr|Ziffernblatt 9.30 Uhr
🕥	10:30 Uhr	10:30 Uhr|halb elf|Uhr|Ziffernblatt 10:30 Uhr|Ziffernblatt 10.30 Uhr
🕦	11:30 Uhr	11:30 Uhr|halb zwölf|Uhr|Zeit|Ziffernblatt 11:30 Uhr|Ziffernblatt 11.30 Uhr
🕧	12:30 Uhr	00:30|12:30|halb eins|Uhr|Zeit|Ziffernblatt 12:30 Uhr|Ziffernblatt 12.30 Uhr
🕺	tanzender Mann	elegant|festlich|Flair|Flamenco|Mann|Salsa|Schwung|Tango|Tanz|Tanzen|Tänzer
🖕	Mittelfinger	Finger|Hand|Mittelfinger
🖖	vulkanischer Gruß	Finger|Gruß|grüßen|Hand|Hände|spreizen
🖤	schwarzes Herz	böse|Herz|schwarz|schwarzes Herz
🗻	Fuji	Berg|Fuji|Vulkan
🗼	Tokyo Tower	Fernsehturm|Tokio|Tokyo Tower
🗽	Freiheitsstatue	Amerika|Freiheit|Freiheitsstatue
🗾	Umriss von Japan	Japan|Karte|Umriss von Japan
🗿	Statue	Gesicht|Maske|Osterinsel|Statue
😀	grinsendes Gesicht	froh|fröhlich|Gesicht|grinsen|haha|lachen|lol|lustig|Smiley
😁	strahlendes Gesicht mit lachenden Augen	Augen|fröhlich|Gesicht|grinsen|happy|lächeln|lachen|lustig|Smiley|strahlen|Zähne
😂	Gesicht mit Freudentränen	Freude|Freudentränen|fröhlich|Gesicht|haha|happy|hehe|hihi|lachen|lol|lustig|muahaha|rofl|Smiley|Tränen|witzig
😃	grinsendes Gesicht mit großen Augen	Augen|fröhlich|Gesicht|glücklich|grinsen|große|lächeln|lachen|lol|lustig|Mund|offen|Smiley
😄	grinsendes Gesicht mit lachenden Augen	Augen|fröhlich|geschlossen|Gesicht|glücklich|grinsen|lächeln|lachen|lol|lustig|Mund|offen|Smiley|witzig
😅	grinsendes Gesicht mit Schweißtropfen	Gesicht|grinsen|lächeln|lachen|lustig|Mund|nervös|offen|Schweiß|Schweißtropfen|schwitzen|Smiley
😆	Grinsegesicht mit zugekniffenen Augen	Augen|geschlossen|Gesicht|Grinsegesicht|grinsen|haha|hehe|hihi|lachen|lol|lustig|Mund|offen|Smiley|witzig|zugekniffen|zusammengekniffen
😇	lächelndes Gesicht mit Heiligenschein	brav|Engel|Gesicht|glücklich|Heiligenschein|Lächeln|lieb|seelig|Smiley
😈	grinsendes Gesicht mit Hörnern	böse|Dämon|Dämonin|Fantasie|grinsen|Hörner|lila|Märchen|Satan|Smiley|Teufel|violett
😉	zwinkerndes Gesicht	Auge|flirten|Gesicht|sexy|Smiley|zudrücken|zugedrückt|zukneifen|zuzwinkern|Zwinkern
😊	lächelndes Gesicht mit lachenden Augen	Augen|erröten|Freude|freundlich|Gesicht|glücklich|lächeln|lachen|rot|Wangen
😋	sich die Lippen leckendes Gesicht	Gesicht|lächeln|lecker|leckeres Essen|Sich die Lippen leckender Smiley|sich die Lippen leckendes Gesicht|Smiley|Zunge
😌	erleichtertes Gesicht	Augen|entspannt|erleichtert|geschlossen|Gesicht|Smiley|Zen|zufrieden
😍	lächelndes Gesicht mit herzförmigen Augen	Augen|Gesicht|glücklich|Herzen|herzförmig|lächeln|Liebe|Smiley|verliebt
😎	lächelndes Gesicht mit Sonnenbrille	cool|Gesicht|lächeln|Smiley|Sonnenbrille
😏	süffisant lächelndes Gesicht	feixen|flirten|Gesicht|lächeln|Mundwinkel|schief|Smiley|süffisant
😐	neutrales Gesicht	ausdruckslos|Gesicht|kommentarlos|neutral|Smiley|todernst|unbeeindruckt
😑	ausdrucksloses Gesicht	ausdruckslos|Gesicht|kommentarlos|selbstgefällig|Smiley|unbeeindruckt|unglaublich
😒	verstimmtes Gesicht	Gesicht|langweilig|Smiley|traurig|unglücklich|unzufrieden|verstimmt
😓	bedrücktes Gesicht mit Schweiß	Angstschweiß|Augen|bedrückt|geschlossen|Gesicht|Kopfschmerzen|Schweiß|Smiley
😔	nachdenkliches Gesicht	enttäuscht|Gesicht|nachdenklich|schrecklich|Smiley|traurig|verlieren|verloren
😕	verwundertes Gesicht	Gesicht|keine Ahnung|Smiley|traurig|verwirrt|verwundert|weiß nicht
😖	verwirrtes Gesicht	bestürzt|frustriert|Gesicht|konfus|Smiley|verwirrt|verzweifelt
😗	küssendes Gesicht	flirten|Gesicht|HDL|Knutsch|Kuss|küssen|Smiley|xoxo
😘	Kuss zuwerfendes Gesicht	flirten|Gesicht|Kuss|Küsschen|küssen|lieb|Smiley|zuwerfen
😙	küssendes Gesicht mit lächelnden Augen	Augen|flirten|Gesicht|knutsch|Kuss|küssen|lächeln|Smiley
😚	küssendes Gesicht mit geschlossenen Augen	geschlossen|Gesicht|Knutsch|Kuss|Küsschen|küssen|rot|Smiley|ugen|Wangen
😛	Gesicht mit herausgestreckter Zunge	ätsch|bäh|Gesicht|herausgestreckt|lachen|lustig|Smiley|Zunge
😜	zwinkerndes Gesicht mit herausgestreckter Zunge	Auge|Gesicht|herausgestreckt|herausstrecken|Smiley|zudrücken|zugedrückt|Zunge|Zwinkern
😝	Gesicht mit herausgestreckter Zunge und zusammengekniffenen Augen	Auge|Augen|bäh|ekel|Gesicht|herausgestreckt|herausstrecken|igitt|schmeck|schrecklich|Smiley|Zunge|zusammengekniffen|zusammenkneifen
😞	enttäuschtes Gesicht	enttäuscht|Gesicht|leider|schade|Smiley|traurig|verloren
😟	besorgtes Gesicht	besorgt|Gesicht|Smiley|sorgen|traurig
😠	verärgertes Gesicht	ärgern|böse|Gesicht|Smiley|verärgert|Wut|wütend|zornig
😡	schmollendes Gesicht	Gesicht|rot|Rot angelaufener Smiley|schmollendes Gesicht|wütend
😢	weinendes Gesicht	Gesicht|Smiley|Träne|traurig|weinen
😣	entschlossenes Gesicht	ausdauernd|durchhalten|Fokus|Gesicht|Konzentration|konzentrieren|Kopfschmerzen
😤	schnaubendes Gesicht	erleichtert|Gesicht|gewonnen|schnaubendes Gesicht
😥	trauriges aber erleichtertes Gesicht	ängstlich|enttäuscht|erleichtert|Gesicht|knapp|Schweiß|traurig
😦	entsetztes Gesicht	entsetzt|Gesicht|Mund|offen|schockiert|Smiley|verwundert
😧	qualvolles Gesicht	arm|Gesicht|leidend|qualvoll|Smiley|vergessen|wow
😨	ängstliches Gesicht	Angst|ängstlich|besorgt|Gesicht
😩	erschöpftes Gesicht	erschöpft|Fehlschlag|Gesicht|hungrig|müde|nein|Smiley|unglücklich
😪	schläfriges Gesicht	Gesicht|gute|müde|Nacht|schläfrig|Smiley|traurig
😫	müdes Gesicht	Gesicht|müde|niesen|Smiley|traurig
😬	Grimassen schneidendes Gesicht	Gesicht|Grimasse|peinlich|schneiden|Smiley|verziehen|Zähne
😭	heulendes Gesicht	flennen|Gesicht|heulen|schluchzen|Smiley|Tränen|Tränenfluss|traurig|weinen
😮	Gesicht mit offenem Mund	erstaunt|Gesicht|Mund|offen|omg|schockiert|unglaublich|vergessen|wow
😮‍💨	Gesicht, das ausatmet	ausatmen|erleichtert|erschöpft|Gesicht|husten|puh|pusten|schnaufen|Seufz|seufzen|Smiley
😯	verdutztes Gesicht	erstaunt|Gesicht|omg|Smiley|sprachlos|verdutzt
😰	besorgtes Gesicht mit Schweißtropfen	Angst|ängstlich|Angstschweiß|besorgt|Gesicht|Mund|nervös|offen|Schweiß
😱	vor Angst schreiendes Gesicht	Angst|ängstlich|Gesicht|Munch|omg|Panik|Schrei|schreien|schreiend
😲	erstauntes Gesicht	erstaunt|Gesicht|nee|omg|schockiert|Smiley|verwundert
😳	errötetes Gesicht mit großen Augen	Augen|erröten|Gesicht|groß|peinlich|rot|Scham|schämen|Smiley|überrascht|verlegen|Wangen
😴	schlafendes Gesicht	dösen|einschlafen|gähnen|Gesicht|gute Nacht|langweilig|Mittagsschlaf|müde|Nickerchen|Schlaf|schlafen|Smiley|zzz
😵	benommenes Gesicht	Augen|benommen|Gesicht|ko|krank|Kreuze|schwindelig|schwindlig|Smiley
😵‍💫	Gesicht mit Spiralen als Augen	Augen|Gesicht|Höhenangst|Hypnose|hypnotisiert|omg|schwindelig|schwindlig|Smiley|Spiralen|verwirrt|wirr
😶	Gesicht ohne Mund	Gesicht|kein|Mund|ohne|Smiley|sprachlos
😷	Gesicht mit Atemschutzmaske	Arzt|Atemschutzmaske|Bazillen|erkältet|Gesicht|krank|Krankheit|Mund|Mundschutz|Schutzmaske|Smiley|Viren|Virus
😸	grinsende Katze mit lachenden Augen	Augen|Gesicht|grinsen|Katze|Katzengesicht|lachen|Smiley|Tier
😹	Katze mit Freudentränen	Freude|Freudentränen|Gesicht|Katze|Katzengesicht|lachen|Smiley|Tier|Tränen
😺	grinsende Katze	Gesicht|grinsen|Katze|Katzengesicht|lachen|lol|lustig|Mund|offen|Smiley|Tier
😻	lachende Katze mit Herzen als Augen	Augen|Gesicht|Herzaugen|Herzen|Katze|Katzengesicht|lächeln|lachen|Liebe|Smiley|Tier|verliebt
😼	verwegen lächelnde Katze	Gesicht|grinsen|ironisch|Katze|Katzengesicht|lächeln|lachen|Smiley|Tier|verwegen
😽	küssende Katze	Augen|geschlossen|Gesicht|Katze|Katzengesicht|Kuss|Küsschen|Küsse|küssen|rot|Smiley|Tier|Wangen
😾	schmollende Katze	Gesicht|Katze|Katzengesicht|schmollen|Schmollmund|Smiley|Tier|verärgert
😿	weinende Katze	Gesicht|Katze|Katzengesicht|Smiley|Tier|Träne|traurig|weinen
🙀	erschöpfte Katze	Angst|erschöpft|Gesicht|Katze|Katzengesicht|Panik|Schock|schockiert|Schrei|schreien|Smiley|Tier|überrascht
🙁	betrübtes Gesicht	betrübt|Gesicht|schade|Smiley|traurig
🙂	leicht lächelndes Gesicht	Gesicht|lächeln|leicht|Smiley
🙃	umgekehrtes Gesicht	auf dem Kopf|Gesicht|lächeln|Smiley|stehen|umgekehrt
🙄	Augen verdrehendes Gesicht	Augen|genervt|Gesicht|meinetwegen|nerv|ohje|rollen|Smiley|verdrehen|verrollen
🙅	Person mit überkreuzten Armen	Arme|Gesicht|NEIN|nicht|Person|überkreuzt|verbieten|verboten
🙆	Person mit Händen auf dem Kopf	Geste|Hände|oje|OK|omg|Person|über Kopf|Übung
🙇	sich verbeugende Person	Bedauern|bitten|Demut|Entschuldigung|Geste|Kniefall|Meditation|meditieren|Person|sorry|unterwerfen|verbeugen|Verzeihung
🙈	sich die Augen zuhaltendes Affengesicht	Affe|Affengesicht|Augen|böse|Geheimnis|gemein|Geste|nein|omg|sehen|Tier|verboten|vergessen|verstecken|zuhalten
🙉	sich die Ohren zuhaltendes Affengesicht	Affe|Affengesicht|böse|Geheimnis|gemein|Geste|hören|nein|Ohren|Tier|verboten|zuhalten|zuhören
🙊	sich den Mund zuhaltendes Affengesicht	Affe|Affengesicht|böse|Geheimnis|gemein|Geste|Hand|heimlich|leise|Mund|nein|sagen|sprechen|still|Tier|ups|verboten|zuhalten
🙋	Person mit erhobenem Arm	aufzeigen|drankommen|drannehmen|Frage|Geste|Hand|heben|hier|ich|Person|sich melden|wissen
🙌	zwei erhobene Handflächen	erhoben|feiern|Geste|Hände|Handflächen|hurra|zwei
🙍	missmutige Person	frustriert|Gesicht|missmutig|Person|runzeln|stirnrunzelnd|unzufrieden|verärgert
🙎	schmollende Person	eingeschnappt|enttäuscht|jammerd|jammern|Person|schmollen|schmollend|verärgert
🙏	zusammengelegte Handflächen	beten|betend|bitten|danke|danken|Gebet|gefaltet|grüßen|Handflächen|zusammengelegt
🚀	Rakete	All|Rakete|Weltraum
🚁	Hubschrauber	fliegen|Helikopter|Hubschrauber|reisen
🚂	Dampflokomotive	Bahn|Dampf|Dampflok|Dampflokomotive|Fahrzeug|Lokomotive|Schiene|Zug
🚃	Eisenbahnwagen	Eisenbahnwagen|Fahrzeug|Straßenbahn|Straßenbahnwagen|Tram|Wagen|Waggon|Wagon|Zug
🚄	Hochgeschwindigkeitszug mit spitzer Nase	Hochgeschwindigkeitszug mit spitzer Nase|ICE|Shinkansen|TGV|Zug
🚅	Hochgeschwindigkeitszug	Bahn|Hochgeschwindigkeitszug|Japan|Shinkansen|Zug
🚆	Zug	Bahn|Eisenbahn|ICE|Zug
🚇	U-Bahn	Metro|U-Bahn
🚈	S-Bahn	Bahn|ICE|Monorail|S-Bahn|Zug
🚉	Bahnhof	Bahn|Bahnhof|Zug
🚊	Straßenbahn	Straßenbahn|Tram|Verkehrsmittel
🚋	Straßenbahnwagen	Straßenbahn|Straßenbahnwagen|Tram|Tramwagen|Transport|Verkehrsmittel|Waggon
🚌	Bus	Bus|Fahrzeug|Schulbus
🚍	Bus von vorne	Bus|Bus von vorne|Verkehrsmittel|Vorderansicht Bus
🚎	Oberleitungsbus	Oberleitungsbus|Straßenbahn|Trolleybus
🚏	Bushaltestelle	Bus|Bushaltestelle|Haltestelle
🚐	Kleinbus	Bus|Fahrzeug|Kleinbus
🚑	Krankenwagen	Ambulanz|Krankenwagen|Notfall
🚒	Feuerwehrauto	Brand|Feuerwehrauto|Löschfahrzeug
🚓	Polizeiwagen	Polizei|Polizeiwagen|Streifenwagen
🚔	Polizeiwagen von vorne	Polizei|Polizeiwagen von vorne|Streifenwagen|Vorderansicht Polizeiwagen
🚕	Taxi	Auto|Fahrzeug|Taxi
🚖	Taxi von vorne	Auto|fahren|gelb|Taxi|Taxi von vorne|Vorderansicht Taxi
🚗	Auto	Auto|fahren|Fahrzeug|rot|Verkehr
🚘	Auto von vorne	Auto|Auto von vorne|Automobil|Fahrzeug|rot|Vorderansicht Auto
🚙	Wohnmobil	Auto|blau|fahren|verreisen|Wohnmobil
🚚	Lieferwagen	Lastwagen|Lieferwagen|LKW
🚛	Sattelzug	Lastwagen|LKW|Sattelzug|umziehen|ziehen um
🚜	Traktor	Bauernhof|Landwirtschaft|Traktor|Trecker
🚝	Einschienenbahn	Bahn|Einschienenbahn|Magnetschwebebahn|Monorail
🚞	Bergbahn	Bahn|Bergbahn|Bimmelbahn|Zug
🚟	Schwebebahn	Hängebahn|Schwebebahn
🚠	Bergschwebebahn	Bergschwebebahn|Schwebebahn
🚡	Bergseilbahn	Bergseilbahn|Gondel|Seilbahn
🚢	Schiff	Dampfer|Kreuzfahrtschiff|Schiff|Traumschiff
🚣	Person im Ruderboot	Angeln|Boot|Kanu|Paddel|Person|Person im Ruderboot|Ruderboot|Rudern|Sport
🚤	Schnellboot	Boot|Luxus|Schnellboot|See|Sommer|Wasser|Yacht
🚥	horizontale Verkehrsampel	Ampel|horizontale Verkehrsampel|Horizontale Verkehrsampel|Verkehrsampel|vertikal
🚦	vertikale Verkehrsampel	Ampel|horizontal|Verkehrsampel|vertikale Verkehrsampel|Vertikale Verkehrsampel
🚧	Baustellenabsperrung	Baustelle|Baustellenabsperrung|Baustellenschild|Schild
🚨	Polizeilicht	Polizei|Polizeilicht|Sirene
🚩	Wimpel	Dreiecksflagge|Flagge|rot|Standortflagge|Wimpel
🚪	Tür	Eingang|geschlossen|Tür
🚫	Verboten	kein zutritt|Kein-Zutritt-Zeichen|Verboten|Verbotszeichen
🚬	Zigarette	Kippe|Rauchen|Rauchersymbol|Zigarette
🚭	Rauchverbot	Rauchen verboten|Rauchverbot|Zigarette
🚮	Symbol „Papierkorb“	Abfall|Müll|Mülleimer|Sauberkeit|Symbol „Papierkorb“|wegschmeißen|wegwerfen
🚯	Abfall verboten	Abfall|Müll|Müll-verboten-Zeichen|verboten
🚰	Trinkwasser	Trinkwasser|Wasser|Wasserhahn
🚱	Kein Trinkwasser	kein Trinkwasser|Kein Trinkwasser|verboten|verschmutzt|Wasser
🚲	Fahrrad	BMX|Fahrrad|Rad|Radeln|Radler|Spinning
🚳	Fahrräder verboten	Fahhrad|Fahrrad-verboten-Schild|Fahrräder verboten|Radfahren verboten|verboten
🚴	Radfahrer(in)	Fahrrad|Person|Rad|radeln|Radfahren|Radfahrer|Radfahrer(in)|Radfahrerin|Sport|Tour de France
🚵	Mountainbiker(in)	Fahrrad|Mountainbiker|Mountainbiker(in)|Mountainbikerin|Mountainbiking|Person|Rad|Radfahren|Radfahrer|Radfahrerin|Sport|Tour de France
🚶	Fußgänger(in)	Fußgänger|Fußgänger(in)|Fußgängerin|gehen|gehend|Person|schlendern|schlurfen|wandern
🚷	Fußgänger verboten	Fußgänger verboten|Fußgänger-verboten-Schild|verboten
🚸	Kinder überqueren die Straße	Kinder|Kinder überqueren die Straße|Kinder-queren-die-Straße-Schild|Straßenschild|Vorsicht
🚹	Herren	Herren|Herrentoilette|WC
🚺	Damen	Damen|Damentoilette|WC
🚻	Toiletten	Toilette|Toiletten|WC
🚼	Symbol „Baby“	Baby|Symbol „Baby“|Wickelraum
🚽	Toilette	Klo|Toilette|WC
🚾	WC	Toilette|WC
🚿	Dusche	Dusche|Duschkopf
🛀	badende Person	Bad|baden|badende Person|Badewanne|Badezimmer|Dusche|entspannen
🛁	Badewanne	Bad|Badewanne|Badezimmer|Dusche
🛂	Passkontrolle	Pass|Passkontrolle
🛃	Zollkontrolle	Zoll|Zollkontrolle
🛄	Gepäckausgabe	Gepäck|Gepäckausgabe
🛅	Gepäckaufbewahrung	Gepäck|Gepäckaufbewahrung|Schließfach
🛌	im Bett liegende Person	Bett|gute Nacht|Heia|im Bett liegende Person|Im Bett liegende Person|müde|Nachtruhe|schlaf schön|schlafen|zzz
🛐	religiöse Stätte	Kultstätte|Religion|religiöse Stätte
🛑	Stoppschild	achteckig|Schild|Stopp|Stoppschild
🛒	Einkaufswagen	einkaufen|Einkaufswagen
🛕	Hindutempel	Gebäude|Hindu|Hindutempel|Tempel
🛖	Hütte	Behausung|Gebäude|Haus|Hütte|Jurte|Objekt|Rundhaus|Schutz
🛗	Fahrstuhl	Aufzug|Fahrstuhl|Haus|Lift|Symbol|Transport
🛘	Erdrutsch	Berg|Erdbeben|Felsen|Gefahr|Katastrophe|Lawine|Murenabgang|Murgang|Schlammlawine
🛜	WLAN	Computer|drahtlos|Hotspot|Internet|kabellos|Netzwerk|Router|Verbindung|Wi-Fi|WLAN
🛝	Spielplatzrutsche	Rutschbahn|Rutsche|spielen|Spielplatz|Spielplatzrutsche|Vergnügungspark
🛞	Autorad	Autorad|Autoreifen|drehen|Rad|Reifen|Reifen mit Felgen|rotieren
🛟	Rettungsring	Leben retten|Lebensretter|retten|Rettung|Rettungsring|Schwimmring|Sicherheit
🛫	Abflug	Abflug|fliegen|Flughafen|Flugzeug|Start|Start eines Flugzeugs
🛬	Landung eines Flugzeugs	Ankunft|Flieger|Flughafen|Flugzeug|landen|Landung|Landung eines Flugzeugs
🛴	Tretroller	Roller|Tretroller
🛵	Motorroller	Motoroller|Motorroller|Roller|Vespa
🛶	Kanu	Boot|Kanu|Wassersport
🛷	Schlitten	Rodel|Rodeln|Schlitten|Schnee
🛸	fliegende Untertasse	Alien|Außerirdisch|fliegende Untertasse|UFO
🛹	Skateboard	Board|Brett|Räder|Skateboard|Skateboard fahren|skaten|Skater
🛺	Autorikscha	Autorikscha|Fahrzeug|Tuk-Tuk
🛻	Pick-up	Auto|fahren|Fahrzeug|Laster|Lastwagen|Lieferwagen|LKW|Pick-up|Transport
🛼	Rollschuh	Rollen|Rollerskate|Rollschuh|Rollschuh laufen|Schuh|Sport
🟠	oranger Punkt	Form|Kreis|orange|orange Scheibe|oranger Kreis|oranger Punkt|Punkt
🟡	gelber Punkt	Form|gelb|gelbe Scheibe|gelber Kreis|gelber Punkt|Kreis|Punkt|Scheibe
🟢	grüner Punkt	Form|grün|grüne Scheibe|grüner Kreis|grüner Punkt|Kreis|Punkt
🟣	lila Punkt	Form|Kreis|lila|Punkt|Scheibe|violett
🟤	brauner Punkt	braun|braune Scheibe|brauner Kreis|brauner Punkt|Form|Kreis|Punkt
🟥	rotes Quadrat	Form|Quadrat|rot|rotes Quadrat|rotes Viereck|Viereck
🟦	blaues Quadrat	blau|blaues Quadrat|blaues Viereck|Form|Quadrat|Viereck
🟧	oranges Quadrat	Form|orange|oranges Quadrat|oranges Viereck|Quadrat|Viereck
🟨	gelbes Quadrat	Form|gelb|gelbes Quadrat|gelbes Viereck|Quadrat|Viereck
🟩	grünes Quadrat	Form|grün|grünes Quadrat|grünes Viereck|Quadrat|Viereck
🟪	lila Quadrat	Form|lila|Quadrat|Viereck|violett
🟫	braunes Quadrat	braun|braunes Quadrat|braunes Viereck|Form|Quadrat|Viereck
🟰	Gleichheitszeichen extrafett	gleich|Gleichheit|Gleichheitszeichen|Gleichheitszeichen extrafett|ist gleich|Mathematik|Vergleichszeichen
🤌	zusammengedrückte Finger	Bündelhand|Finger|Fingerspitzen|gehts noch|Geste|Hand|Handgeste|italienisch|was|zusammengedrückt|zusammengelegt
🤍	weißes Herz	Herz|weiß|weißes Herz
🤎	braunes Herz	braun|braunes Herz|Herz
🤏	Wenig-Geste	Betrag|Finger|gering|Geste|Hand|klein|Menge|unbedeutend|wenig|Wenig-Geste|winzig
🤐	Gesicht mit Reißverschlussmund	Geheimnis|Gesicht|halten|Mund|Reißverschluss|schweigen|Smiley|wahren
🤑	Gesicht mit Dollarzeichen	Dollar|Dollarzeichen|Geld|Gesicht|Mund|Smiley|Zunge
🤒	Gesicht mit Fieberthermometer	Fieber|Gesicht|krank|messen|Smiley|Thermometer
🤓	Strebergesicht	Brille|Gesicht|intelligent|klug|Nerd|schlau|Schlaumeier|smart|Smiley|Streber|Strebergesicht
🤔	nachdenkendes Gesicht	fragen|Gesicht|grübeln|hm|komisch|nachdenken|nachdenklich|Smiley|wundern
🤕	Gesicht mit Kopfverband	aua|autsch|Gesicht|Kopf|Schmerzen|Smiley|Verband|Verletzung
🤖	Roboter	Gesicht|Monster|Roboter|Robotergesicht|Roboterkopf
🤗	Gesicht mit umarmenden Händen	drücken|Gesicht|Hände|Smiley|umarmen|Umarmung
🤘	Teufelsgruß	corna|Finger|Hand|Heavy|Hörner|Mano cornuta|Metal|Metalhand|Pommesgabel|Rock|Teufel|Teufelsgruß|yeah
🤙	Ruf-mich-an-Handzeichen	Anruf|anrufen|Hand|ruf|Ruf-mich-an-Handzeichen|Shaka
🤚	erhobene Hand von hinten	erhoben|erhobene Hand von hinten|erhobener Handrücken|Hand
🤛	Faust nach links	Faust|Hand|nach links
🤜	Faust nach rechts	Faust|Hand|nach rechts
🤝	Handschlag	Hände|Händeschütteln|Handschlag|Vereinbarung
🤞	Hand mit gekreuzten Fingern	Finger|gekreuzt|Hand|Hand mit gekreuzten Fingern
🤟	Ich-liebe-dich-Geste	drei|Finger|Geste|Hand|hdl|Ich-liebe-dich-Geste|Liebe
🤠	Gesicht mit Cowboyhut	Cowboy|Cowboyhut|Cowgirl|Gesicht|Hut|Smiley
🤡	Clown-Gesicht	Clown|Clown-Gesicht|Gesicht
🤢	würgendes Gesicht	ekel|eklig|erbrechen|Gesicht|grün|igitt|Smiley|Übelkeit|übergeben|widerlich|würgen
🤣	sich vor Lachen auf dem Boden wälzen	Boden|Gesicht|haha|hehe|lachen|lol|lustig|muahaha|rofl|Smiley|Tränen|wälzen|witzig
🤤	sabberndes Gesicht	Gesicht|sabbern|Smiley
🤥	lügendes Gesicht	Gesicht|Lüge|Nase|Pinocchio|Schwindel
🤦	sich an den Kopf fassende Person	fassen|frustriert|genervt|Gesicht|Kopf|oh nein|OMG|Person|unfassbar|unglaublich|verzweifelt
🤧	niesendes Gesicht	erkältet|Erkältung|Gesicht|Gesundheit|Grippe|hatschi|krank|Nase|niesen|putzen|Smiley|Taschentuch
🤨	Gesicht mit hochgezogenen Augenbrauen	argwöhnisch|Augenbrauen|Gesicht|hochgezogen|misstrauen|skeptisch|Smiley|stutzig|Zweifel
🤩	überwältigt	aufgeregt|Augen|Gesicht|grinsen|Smiley|Star|Stern|überwältigt|wow
🤪	irres Gesicht	Auge|Augen|Gesicht|groß|irre|klein|Smiley|verrückt
🤫	ermahnendes Gesicht	ermahnen|Finger|Gesicht|leise|psst|pst|Ruhe|ruhig|sch|Smiley
🤬	Gesicht mit Symbolen über dem Mund	Ärger|ärgern|fluchen|Gesicht|Mund|schimpfen|Schimpfwort|Smiley|Symbole|verdammt|Wut|wütend|Zensur
🤭	verlegen kicherndes Gesicht	Gesicht|haha|Hand|hihi|Huch|kichern|lachen|Mund|rot|Smiley|verlegen|Wangen
🤮	kotzendes Gesicht	brechen|erbrechen|Gesicht|kotzen|krank|schlecht|Smiley|speien|spucken|übel|übergeben
🤯	explodierender Kopf	entsetzt|explodieren|geschockt|Gesicht|Kopf|Schock|schockiert|Smiley|überwältigt|unglaublich
🤰	schwangere Frau	Frau|schwanger|schwangere Frau
🤱	Stillen	Baby|Brust|Frau|Person|stillen|Stillen
🤲	Handflächen nach oben	beten|Gebet|Hand|Hände|nach oben|zusammen
🤳	Selfie	Selfie|Smartphone
🤴	Prinz	Krone|Prinz
🤵	Person im Smoking	Anzug|Bräutigam|formell|Mann|Person|Person im Smoking|Smoking|vornehm
🤶	Weihnachtsfrau	Weihnachten|Weihnachtsfrau
🤷	schulterzuckende Person	egal|gleichgültig|keine Ahnung|Person|Schultern zucken|schulterzuckend|weiß nicht|Zweifel
🤸	Rad schlagende Person	Akrobatik|Bodenturnen|Gymnastik|Person|Rad|Rad schlagen|Rad schlagende Person|Radschlag|Sport|Turner|Turnerin
🤹	Jongleur(in)	Artist|Artistin|geschickt|Jongleur|Jongleur(in)|Jongleurin|Jongleuse|jonglieren|Multitasking|Person|Zirkus
🤺	Fechter(in)	fechten|Fechter|Fechter(in)|Schwert|Sport
🤼	Ringer(in)	Catchen|Catcher|Person|ringen|Ringer|Ringer(in)|Ringkampf|Sport|Sportler|Wrestler|Wrestling
🤽	Wasserballspieler(in)	Person|Schwimmsport|Sport|Sportler|Sportlerin|Wasser|Wasserball|Wasserballspieler|Wasserballspieler(in)|Wasserballspielerin|Wassersport
🤾	Handballspieler(in)	Handball|Handballer|Handballerin|Handballspieler|Handballspieler(in)|Handballspielerin|Person|schleudern|Sport|Sportler|werfen
🤿	Tauchmaske	schnorcheln|schwimmen|Sport|Sporttauchen|tauchen|Tauchmaske
🥀	welke Blume	am sterben|Blume|sterbend|verwelkt|welk|welke Blume|welkende Blume
🥁	Trommel	Drumsticks|Instrument|Musik|Schlägel|Sticks|Trommel|Trommelstöcke
🥂	Sektgläser	anstoßen|Feier|feiern|Getränk|Gläser|prost|Sekt|Sektgläser
🥃	Trinkglas	Bar|Schnaps|Trinkglas|Whiskey
🥄	Löffel	Besteck|Löffel
🥅	Tor	Fußball|Netz|Sport|Tor
🥇	Goldmedaille	Erster|Gewinn|Goldmedaille|Medaille 1. Platz
🥈	Silbermedaille	Medaille 2. Platz|Silbermedaille|Zweiter
🥉	Bronzemedaille	Bronzemedaille|Dritter|Medaille 3. Platz
🥊	Boxhandschuh	Boxen|Boxhandschuh|Handschuh|Sport
🥋	Kampfsportanzug	Judo|Kampfkunst|Kampfsport|Kampfsportanzug|Karate|Taekwondo
🥌	Curlingstein	Curlingstein|Spiel|Sport|Stein
🥍	Lacrosse	Ball|Lacrosse|Schläger|Sport|Stick|Stock|Tor
🥎	Softball	Ball|Baseball|Handschuh|Softball|Sport|Unterarm|werfen
🥏	Frisbee	Disc|Disk|fliegende Untertasse|Frisbee|Scheibe|Ultimate
🥐	Croissant	Corissant|Croissant|französisch|Frühstück|Frühstückshörnchen
🥑	Avocado	Avocado|Essen|Frucht
🥒	Gurke	Essen|Gemüse|Gurke|Scheiben
🥓	Bacon	Bacon|Essen|Frühstücksspeck|Speck|Speckstreifen
🥔	Kartoffel	Essen|Gemüse|Kartoffel
🥕	Karotte	Gemüse|Karotte|Möhre|Mohrrübe
🥖	Baguette	Baguette|Brot|französisch|Frühstück
🥗	Salat	Blattgemüse|Essen|gesund|grün|Salat
🥘	Pfannengericht	Essen|Paella|Pfannengericht|Reispfanne
🥙	Döner	Döner|Döner Kebab|Falafel|Wrap
🥚	Ei	Ei|Frühstück|Frühstücksei
🥛	Glas Milch	Getränk|Glas|Milch|trinken
🥜	Erdnuss	Erdnuss|Essen
🥝	Kiwi	Frucht|Kiwi|Obst
🥞	Pfannkuchen	Crepe|Eierpfannkuchen|Essen|Pfannkuchen
🥟	Teigtasche	chinesische Teigtasche|dumpling|empanada|Empanada|essen|Gyōza|Jiaozi|kloß|Pierogi|potsticker|Teigtasche
🥠	Glückskeks	essen|Glückskeks|Prophezeiung
🥡	Takeaway-Schachtel	chinesisches essen|essen|stäbchen|Takeaway-Box|Takeaway-Schachtel
🥢	Essstäbchen	chinesisches essen|essen|Essstäbchen|Hashi|japanisches essen|stäbchen|Stäbchen
🥣	Schüssel mit Löffel	brei|Cerealien|essen|Frühstück|haferbrei|Reisbrei|schüssel|Schüssel mit Löffel|suppe
🥤	Becher mit Strohhalm	becher|Becher mit Strohhalm|brause|erfrischung|Saft|Selters|soda|strohhalm|trinken|trinkhalm|wasser
🥥	Kokosnuss	Colada|Essen|Frucht|Kokosnuss|Palme|Piña
🥦	Brokkoli	Broccoli|Brokkoli|essen|Gemüse|Gemüsekohl|Kohl
🥧	Kuchen	Essen|Füllung|Gebäck|Kuchen|Pastete|Torte
🥨	Brezel	brezel|Brezel|brezen|brezn|essen|gedreht|oktoberfest
🥩	Fleischstück	essen|Fleisch|Fleischstück|Kotelett|Lammkotelett|rot|Schnitzel|Schweinekotelett|Steak
🥪	Sandwich	brot|Brot|essen|sandwich|Sandwich
🥫	Konserve	Büchse|Dose|essen|Konserve
🥬	Blattgemüse	Blattgemüse|blattgrün|Essen|Gemüse|Grünkohl|Grünzeug|Kohl|Kraut|Mangold|Pak Choi|Pok Choi|Salat|Salatblatt|Spinat
🥭	Mango	Essen|Frucht|Früchte|Mango|Obst|Shaker|tropisch
🥮	Mondkuchen	Essen|Fest|Festival|Herbst|Kuchen|Mondfest|Mondkuchen|Pinyin|Yuebing
🥯	Bagel	Bäckerei|Backwaren|Bagel|Brötchen|Essen|Frühstück|Pausenbrot
🥰	lächelndes Gesicht mit Herzen	3|anhimmeln|bewundern|Gesicht|HDGDL|HDL|Herzchen|Herzen|lächeln|lieb|Liebe|Smiley|verknallt|verliebt|verzückt
🥱	gähnendes Gesicht	gähnen|gähnend|gelangweilt|Gesicht|langweilig|müde|öde|schnarch|Smiley|zzz
🥲	lachendes Gesicht mit Träne	berührt|dankbar|erleichtert|Freudenträne|gerührt|Gesicht|lächeln|Smiley|stolz|Träne
🥳	Partygesicht	aufgeregt|Feier|Fest|fröhlich|Geburtstag|Gesicht|Glückwunsch|Hurra|Hut|Party|Smiley|Überraschung
🥴	schwindeliges Gesicht	angeheitert|angeschwipst|angetrunken|benebelt|berauscht|beschwipst|betrunken|gewellt|Mund|schwindelig|schwindlig|Smiley
🥵	schwitzendes Gesicht	erhitzt|Fieber|fiebrig|Gesicht|heiß|herausstrecken|Hitze|Hitzschlag|rot|schnaufen|schwitzen|Smiley|Zunge
🥶	frierendes Gesicht	bibbern|blau|eisig|erfrieren|frieren|frösteln|frostig|Gesicht|kalt|Smiley|unter Null|Zähne|Zähneklappern|zittern
🥷	Ninja	Ausdauer|Geheimmission|Kämpfer|Killer|Krieger|Kunoichi|Mörder|Ninja|Person|Shinobi|Soldat|vermummt
🥸	verkleidet	Brille|Gesicht|incognito|inkognito|Maske|Nase|Nasenbrille|Person|Smiley|spionieren|verdeckt|verkleidet|Verkleidung
🥹	Gesicht, das Tränen zurückhält	aufgebracht|dankbar|Freude|Freudentränen|gerührt|Gesicht|Rührung|Smiley|stolz|Tränen|weinen|zurückhalten
🥺	bettelndes Gesicht	anflehen|Augen|betteln|bettelnd|bitte|bitten|flehend|Gesicht|groß|Kulleraugen|Smiley|traurig|Welpenaugen
🥻	Sari	Kleid|Kleidung|Sari
🥼	Laborkittel	Arzt|Arztkittel|Doc|Doktor|Experiment|Kleidung|Kleidungsstück|Laborkittel|Labormantel|weiße Jacke|weißer Mantel|Wissenschaftler
🥽	Schutzbrille	Augenschutz|Brille|Schutzbrille|schweißen|Schweißen|Schweißerbrille|schwimmen|Schwimmen|tauchen|Taucherbrille
🥾	Wanderstiefel	brauner Schuh|campen|Camping|Kleidungsstück|Outdoor|Rucksacktour|Schuh|Stiefel|Wandern|Wanderstiefel|Wanderung
🥿	flacher Schuh	Ballerina|Ballet-Pumps|bequem|flacher Schuh|Frauenschuh|Kleidungsstück|Schuh|Slipper
🦀	Krebs	Krabbe|Krebs|Meer|Sternzeichen|Strand|Tierkreis
🦁	Löwe	Gesicht|Löwe|Löwengesicht|Sternzeichen|Tier|Tierkreis
🦂	Skorpion	Horoskop|Skorpion|Sternzeichen|Tierkreis
🦃	Truthahn	Geflügel|Pute|Thanksgiving|Truthahn
🦄	Einhorn	Einhorn|Einhorngesicht|Gesicht
🦅	Adler	Adler|Tier|Vogel
🦆	Ente	Ente|Tier|Vogel
🦇	Fledermaus	Fledermaus|Tier|Vampir
🦈	Hai	Fisch|Hai|Haifisch|Meer|Tier
🦉	Eule	Eule|Raubvogel|Tier|Uhu|Vogel|weise
🦊	Fuchs	Fuchs|Fuchsgesicht|Gesicht|Tier
🦋	Schmetterling	Insekt|Schmetterling|schön
🦌	Hirsch	Gesicht|Hirsch|Tier
🦍	Gorilla	Affe|Gesicht|Gorilla|Tier
🦎	Eidechse	Eidechse|Reptil
🦏	Nashorn	Nashorn|Rhinozeros|Tier
🦐	Garnele	Garnele|Gourmet|Krustentier|Meeresfrucht|Shrimp
🦑	Tintenfisch	Kalmar|Tier|Tintenfisch
🦒	Giraffe	flecken|Flecken|giraffe|Giraffe|tier
🦓	Zebra	streifen|Streifen|tier|zebra|Zebra
🦔	Igel	igel|Igel|stachelig|stacheln|tier
🦕	Sauropode	Brachiosaurus|Brontosaurus|Dino|Dinosaurier|Diplodocus|Saurier|Sauropode
🦖	T-Rex	Dino|dinosaurier|Dinosaurier|saurier|Saurier|t-rex|T-Rex|tree|Tyrannosaurus Rex
🦗	Grille	grashüpfer|grille|Grille|Heuschrecke|insekt|tier|zikade
🦘	Känguru	Australien|Beuteltier|Down Under|hüpfen|Hüpfen|Känguru|Quokka|Skippy|springen|Tier|Wallaby
🦙	Lama	Alpaca|Alpaka|Anden|Kamel|Lama|Tier|Vicuña|Wolle
🦚	Pfau	bunt|Pfau|stolz|stolzieren|Tier|Vogel
🦛	Nilpferd	Flusspferd|Hippo|Nilpferd|Tier
🦜	Papagei	ausplaudern|Papagei|Pirat|plappern|sprechen|Tier|Vogel|Wiederholen
🦝	Waschbär	klug|neugierig|schlau|Tier|Waschbär
🦞	Hummer	Hummer|Lobster|Meeresfrucht|Meeresfrüchte|Meerestier|Scheren|Tier
🦟	Mücke	Biss|Fieber|Insekt|Insektenbiss|Insektenstich|Krankheit|Malaria|Moskito|Mücke|Schnake|Stechmücke|Stich|Tier|Virus
🦠	Mikrobe	Amöbe|Amöben|Bakterie|Bakterien|Einzeller|Medizin|Mikrobe|Virus|Wissenschaft
🦡	Dachs	Dachs|Dachse|Frechdachs|Honigdachs|Ratel|Tier
🦢	Schwan	hässliches Entlein|Schwan|Tier|Vogel
🦣	Mammut	Aussterben|groß|Mammut|Natur|Stoßzahn|Tier|wollig
🦤	Dodo	Aussterben|Dodo|Dronte|groß|Mauritius|Natur|Tier|Vogel
🦥	Faultier	faul|Faultier|langsam|Tier|träge
🦦	Otter	fischen|Otter|Tier|verspielt
🦧	Orang-Utan	Affe|Orang-Utan|Tier
🦨	Stinktier	Skunk|stinken|Stinktier|Tier
🦩	Flamingo	bunt|farbenfroh|Flamingo|rosa|Tier|Tropen|tropisch|Vogel
🦪	Auster	Auster|Meer|Muschel|Perle|tauchen|Tier
🦫	Biber	Biber|Biberschwanz|Biberzahn|Damm|Natur|Otter|Tier
🦬	Bison	Bison|Büffel|Herde|Ochse|Tier|Wisent
🦭	Seehund	Meer|Ozean|Robbe|Seehund|Seelöwe|Tier
🦮	Blindenhund	Barrierefreiheit|Behinderung|blind|Blindenhund|Hund|sehbehindert|Tier
🦯	Blindenstock	Barrierefreiheit|Behinderung|blind|Blindenstock|Gehstock
🦴	Knochen	Hund|Hundeknochen|Kauknochen|Knochen|Skelett
🦵	Bein	Bein|Extremität|Fuß|gebeugtes Knie|Gliedmaße|Knie|Körperglied|Körperteil|Treten|Tritt
🦶	Fuß	Fuß|Füße|Kick|Knöchel|Körperteil|stampfen|treten|Tritt
🦷	Zahn	perlweiß|weiß|Zahn|Zahnarzt|Zahnärztin|Zähne
🦸	Superheld(in)	Held|Person|Superheld|Superheld(in)|Superheldin|Superkraft|Superkräfte|Superman|Übermensch|Umhang
🦹	Bösewicht	böse|Bösewicht|Bösewichtin|Krimineller|Person|Schurke|Schurkin|Superkräfte|Superschurke|Superschurkin|Verbrecher
🦺	Sicherheitsweste	Kleidung|Notfall|Sicherheit|Sicherheitsweste|Weste
🦻	Ohr mit Hörgerät	Barrierefreiheit|gehörlos|Hilfsgerät|Hörgerät|Hörhilfe|Ohr|schwerhörig|taub
🦼	elektrischer Rollstuhl	Barrierefreiheit|Behinderung|elektrischer Rollstuhl|Rollstuhl
🦽	manueller Rollstuhl	Barrierefreiheit|Behinderung|manueller Rollstuhl|Rollstuhl
🦾	Armprothese	Arm|Armprothese|Barrierefreiheit|Prothese
🦿	Beinprothese	Barrierefreiheit|Bein|Beinprothese|Prothese
🧀	Käsestück	Käse|Käsestück
🧁	Cupcake	Bäckerei|Cupcake|Dessert|Essen|Gebäck|Kalorienbombe|Konditorei|Muffin|Nachspeise|Streusel|süß|Zucker
🧂	Salz	gesalzen|Geschmack|Gewürz|Salz|salzig|Salzstreuer|Würze|Zutat
🧃	Trinkpäckchen	Fruchtsaft|Getränk|Obstsaft|Saft|Saftpackung|Trinkpäckchen
🧄	Knoblauch	Essen|Geschmack|Knoblauch|Lebensmittel|Nahrung|Würze|Zutat
🧅	Zwiebel	Essen|Geschmack|Gewürz|Lebensmittel|Nahrung|Würze|Zwiebel
🧆	Falafel	Bällchen|Essen|Falafel|Fleischbällchen|Kichererbsen|Lebensmittel|Nahrung
🧇	Waffel	Essen|Lebensmittel|Nahrung|Waffel|Waffel mit Butter
🧈	Butter	Butter|Essen|Lebensmittel|Milchprodukt|Nahrung
🧉	Mate-Tee	Getränk|Mate-Tee|Tee
🧊	Eiswürfel	Eisberg|Eiswürfel|gefroren|kalt|kühlen|Würfel
🧋	Bubble Tea	Blase|Bubble Tea|Essen|Getränk|Lebensmittel|Milch|Perle|Taiwan|Tee
🧌	Troll	Fantasy|gruslig|Kobold|Märchen|Monster|Ork|Troll|Ungeheuer
🧍	stehende Person	Mensch|Person|Stand|stehen|stehende Person
🧎	kniende Person	Fersensitz|knien|kniend|kniende Person|Meditation|meditieren|Mensch|Person|Seiza|Zazen
🧏	gehörlose Person	Barrierefreiheit|gehörlos|hören|Ohr|Person|schwerhörig|taub
🧐	Gesicht mit Monokel	elegant|Gesicht|Monokel|reich|Smiley
🧑	Person	erwachsen|erwachsene Person|Mensch|Person
🧑‍🌾	Bauer/Bäuerin	Bauer/Bäuerin|Farmer(in)|Gärtner(in)|Landwirt(in)
🧑‍🍳	Koch/Köchin	Koch/Köchin|Kochen
🧑‍🍼	Person, die Baby die Flasche gibt	Baby|Flasche geben|Flasche gebende Person|Person
🧑‍🎄	Weihnachtsperson	Gesicht|Gesicht mit Hut|Person|Santa Claus|Weihnachten|Weihnachtsfrau|Weihnachtshut|Weihnachtsmann|Weihnachtsmütze|Weihnachtsperson
🧑‍🎓	Student(in)	Absolvent(in)|Doktorhut|Student(in)|Uni
🧑‍🎤	Sänger(in)	Entertainer(in)|Rock|Sänger(in)|Star
🧑‍🎨	Künstler(in)	Farbpalette|Künstler(in)|Maler(in)
🧑‍🏫	Lehrer(in)	Dozent(in)|Lehrer(in)|Professor(in)
🧑‍🏭	Fabrikarbeiter(in)	Arbeiter(in)|Fabrik|Fabrikarbeiter(in)|industriell|Montage
🧑‍💻	IT-Experte/IT-Expertin	Bildschirm|Computer|Entwickler(in)|IT-Experte/IT-Expertin
🧑‍💼	Büroangestellte(r)	Architekt(in)|Büroangestellte(r)|Business|Manager(in)|Schlips und Kragen
🧑‍🔧	Mechaniker(in)	Elektriker(in)|Klempner(in)|Mechaniker(in)
🧑‍🔬	Wissenschaftler(in)	Forscher(in)|Labor|Wissenschaftler(in)
🧑‍🚀	Astronaut(in)	Astronaut(in)|Raumfahrt|Weltraum
🧑‍🚒	Feuerwehrmann/-frau	Feuerwehrhelm|Feuerwehrmann/-frau
🧑‍🤝‍🧑	sich an den Händen haltende Personen	Händchen halten|Hände|Hände halten|Menschen|Paar|Pärchen|Personen|sich an den Händen haltende Personen
🧑‍🦯	Person mit Langstock	Barrierefreiheit|blind|Person mit Blindenstock|Person mit Langstock
🧑‍🦼	Person in elektrischem Rollstuhl	Barrierefreiheit|Person in elektrischem Rollstuhl|Rollstuhl
🧑‍🦽	Person in manuellem Rollstuhl	Barrierefreiheit|Person in manuellem Rollstuhl|Rollstuhl
🧑‍🧑‍🧒	Familie: 2 Erwachsene, 1 Kind	Erwachsene|Erwachsener|Familie|Kind
🧑‍🧑‍🧒‍🧒	Familie: 2 Erwachsene, 2 Kinder	Erwachsene|Erwachsener|Familie|Kind
🧑‍🧒	Familie: 1 Erwachsene(r), 1 Kind	Erwachsene|Erwachsener|Familie|Kind
🧑‍🧒‍🧒	Familie: 1 Erwachsene(r), 2 Kinder	Erwachsene|Erwachsener|Familie|Kind
🧑‍🩰	Balletttänzerin	Ballett|Tänzerin
🧒	Kind	Enkelkind|jung|jünger|Kind|munter|strahlend
🧓	ältere Person	alt|älter|erwachsen|Großeltern|Mensch|Person|weise
🧔	Person: Bart	Bart|bärtig|Person|Schnurrbart
🧕	Frau mit Kopftuch	Frau|Frau mit Kopftuch|Hidschab|Hijab|Kopftuch|Mantilla|Person|Tichel|Tuch
🧖	Person in Dampfsauna	abschalten|Dampfbad|Dampfsauna|entspannen|Frau|luxuriös|Person|Person in Dampfsauna|Relaxen|Sauna|Spa
🧗	Bergsteiger(in)	Bergsteiger|Bergsteiger(in)|Fels|Kletterer|klettern|Person|Sport
🧘	Person im Lotossitz	burmesischer Sitz|Frau|Lotussitz|Meditation|Person|Person im Lotossitz|Person in Lotussitz|Schneidersitz|Yoga|Zen
🧙	Magier(in)	Hexe|Hexenmeister|Magier|Magier(in)|Magiker|Person|Zauberer|Zauberin|zaubern|Zauberspruch|Zauberstab
🧚	Märchenfee	Elf|Elfe|Fantasy|Fee|Flügel|geflügelt|Märchen|Märchenfee|mystisch|Person|Wesen
🧛	Vampir	Blutsauger|Dracula|Halloween|Person|Reißzähne|untot|Untoter|Vampir|Zähne
🧜	Wassermensch	Märchen|Meerjungfrau|Meermann|Nixe|Person|Sirene|Wasserfrau|Wassermann|Wassermensch
🧝	Elf(e)	Elbe|Elben|Elbin|Elf|Elf(e)|Elfe|Fantasy|Herr der Ringe|Magie|magisch|Person
🧞	Flaschengeist	Aladdin|Aladin|Dschinn|Flaschengeist|Lampe|Person|Wunderlampe|Wünsche
🧟	Zombie	Apokalypse|Halloween|Horror|Person|untot|Untoter|Walking Dead|wandelnder Toter|Zombie
🧠	Gehirn	Gehirn|Hirn|intelligent|Intelligenz|klug|schlau
🧡	oranges Herz	Herz|Liebe|orange
🧢	Baseballmütze	Baseball|Baseball-Kappe|Baseball-mütze|Baseballkappe|Baseballmütze|Mütze|Schirmkappe
🧣	Schal	Hals|kalt|Kleidung|Schal|warm anziehen
🧤	Handschuhe	Hand|Handschuh|Handschuhe
🧥	Mantel	brr|Jacke|kalt|Kleidung|Mantel|warm anziehen
🧦	Socken	socken|Socken|strumpf|strümpfe|Strümpfe
🧧	roter Umschlag	Geld|Geschenk|Glück|Hong Bao|Hongbao|roter Umschlag
🧨	Feuerwerkskörper	Dynamit|Explosion|explosiv|Feuer|Feuerwerk|Feuerwerkskörper|Funken|Knall|knallen|Knaller|Kracher|Silvester|sprengen|Sprengstoff|Zündstoff
🧩	Puzzleteil	Bestandteile|Hinweise|Hobby|passen|puzzeln|Puzzle|Puzzlestück|Puzzleteil|Puzzleteile|Spiel|Teile|zusammenpassen|zusammensetzen
🧪	Reagenzglas	Chemie|Chemikalie|Chemiker|Experiment|Labor|Reagenzglas|Substanz|Versuche|Wissenschaft
🧫	Petrischale	Bakterien|Bakterienkultur|Biologe|Biologie|Biologin|Kultur|Labor|Petrischale|Pipette|Probe
🧬	DNA	Biologe|Biologie|Biologin|DNA|DNS|Evolution|Gen|Genetik|Genmanipulation|Leben
🧭	Kompass	Himmelsrichtung|Kompass|magnetisch|Navigation|Orientierung|Richtung|Windrose
🧮	Abakus	Abaki|Abakus|Abakusse|Berechnung|Kalkulation|Mathe|Mathematik|Rechenhilfe|Rechenrahmen|Rechenschieber|Rechnen|zählen|Zählrahmen
🧯	Feuerlöscher	Feuer|Feuerlöscher|löschen
🧰	Werkzeugkasten	Box|Handkasten|Kasten|Kiste|Mechaniker|rote Kiste|Werkzeug|Werkzeugkasten|Werkzeugkiste|Werkzeugkoffer
🧱	Ziegelstein	bauen|Grenze|Klinker|Mauer|Mauerwerk|Mörtel|Wand|Ziegel|Ziegelstein|Ziegelsteine|zugemauert
🧲	Magnet	Anziehung|Anziehungskraft|Hufeisen|Magnet|magnetisch|Pole|positiv negativ|U-Form
🧳	Gepäck	Ballast|Gepäck|Hartschalenkoffer|Koffer|Reise|Trolley-Tasche
🧴	Creme	Creme|Feuchtigkeitscreme|Feuchtigkeitsmilch|Haarwaschmittel|Körpercreme|Lotion|Nachtcreme|Shampoo|Sonnencreme
🧵	Faden	Faden|Nadel|nähen|Nähen|Nähfaden|Nähgarn|Rolle|Spule|Zwirn
🧶	Wollknäuel	Ball|Garn|häkeln|Häkeln|spinnen|stricken|Stricken|Wolle|Wollknäuel|Zwirn
🧷	Sicherheitsnadel	Punk|Sicherheitsnadel|Windel
🧸	Teddybär	Bär|Kuscheltier|Plüschteddy|Plüschtier|Spielwaren|Spielzeug|Stoffbär|Stofftier|Teddy|Teddybär
🧹	Besen	Besen|fegen|Fegen|Hexe|Hexenbesen|kehren|Kehren|reinigen|sauber machen|säubern
🧺	Korb	Bauernhof|Korb|Landwirtschaft|Picknick|Tragekorb|Wäsche|Wäschekorb
🧻	Küchenrolle	Hygiene|Klopapier|Küchenrolle|Papierrolle|Papiertücher|Toilette|Toilettenpapier|WC|WC-Papier
🧼	Seife	baden|Baden|putzen|reinigen|Riegel|sauber|sauber machen|säubern|Schaum|schäumen|Seife|Seifenschale|Seifenstück
🧽	Schwamm	absorbieren|aufsaugen|löchrig|porös|putzen|Putzmittel|reinigen|sauber machen|Schaum|schäumen|Schwamm
🧾	Beleg	Abrechnung|Aufstellung|Beleg|Blatt|Buchhalter|Buchhaltung|Quittung|Rechnung|Rechnungswesen|Schriftstück
🧿	Nazar-Amulett	Amulett|blau|böser Blick|Glasperle|Glücksbringer|Kügelchen|Nazar|Nazar-Amulett|Perle|Talisman
🩰	Ballettschuhe	Ballett|Ballettschuhe|Kleidung|Schuhe|Tanz
🩱	einteiliger Badeanzug	Badeanzug|einteiliger Badeanzug|Kleidung
🩲	Slip	Badeanzug|Einteiler|Kleidung|Slip|Unterwäsche
🩳	Shorts	Badebekleidung|Badehose|Boxershorts|Kleidung|Schwimmshorts|Shorts
🩴	Zehensandale	Badelatschen|Flipflops|Latschen|Sandalen|Schuh|Strandschuh|Zehensandale|Zehensandalen
🩵	hellblaues Herz	aquamarin|Emotion|gefallen|gefällt|Gefühl|hdl|hellblau|Herz|Liebe|mag|mögen|niedlich|süß|türkis|zyan
🩶	graues Herz	Emotion|grau|graues Herz|hdl|Herz|Liebe|schieferfarben|silber|silberfarben
🩷	pinkes Herz	gefallen|gefällt|Gefühl|Herz|Liebe|mag|mögen|niedlich|pink|rosa|süß|verliebt
🩸	Blutstropfen	Blutspende|Blutstropfen|Flüssigkeit|Medizin|Menstruation
🩹	Heftpflaster	Heftpflaster|Pflaster|verletzt|Wunde
🩺	Stethoskop	abhören|Arzt|Doktor|Herz|Herzschlag|Medizin|Stethoskop|Untersuchung
🩻	Röntgenbild	durchleuchten|Knochen|Medizin|Radiologie|Rippen|Röntgen|Röntgenbild|Röntgenstrahlen|Skelett
🩼	Krücke	Behinderung|Beinverletzung|Fußverletzung|Gehhilfe|Gehstütze|Hilfe|Krücke|Schmerzen|Stock|verletzt|Verletzung
🪀	Jo-Jo	Jo-Jo|Spielzeug|Yo-Yo
🪁	Drachen	Drachen|fliegen|hochfliegen|steigen|Wind
🪂	Fallschirm	Fallschirm|Fallschirmspringen|Paragliding|Skydiving|Sport
🪃	Bumerang	Aborigines|Australien|Boomerang|Bumerang|Schleuder|Waffe|werfen
🪄	Zauberstab	Abrakadabra|Hexe|Hexer|Magie|magisch|Wunder|Zauberei|Zauberer|Zauberin|zaubern|Zauberstab
🪅	Piñata	Feier|Hau drauf|mexikanisch|Mexiko|Objekt|Party|Pinada|Pinata|Piñata|süß|Süßigkeiten
🪆	Matroschka	Babuschka|Matrioschka|Matrjoschka|Matroschka|Puppe|Russland|Spielzeug
🪇	Maracas	Cha-Cha-Cha|Instrument|Maracas|Musik|Musikinstrument|musizieren|Party|Percussion|Rassel|rasseln|Tanz|tanzen
🪈	Flöte	Band|Blaskapelle|Flöte|Holzblasinstrument|Instrument|Musik|Musikinstrument|musizieren|Orchester|Spielmannszug
🪉	Harfe	Amor|Cupido|Harfe|Instrument|Liebe|Musik|Orchester
🪊	Posaune	Blasinstrument|Blechbläser|Blechblasinstrument|Instrument|Jazz|Musik|schieben|traurig|ziehen
🪎	Schatztruhe	Beute|Edelstein|Geld|Gold|Juwelen|Preis|Reichtum|Silber|Wertgegenstände
🪏	Schaufel	graben|Loch|Schaufel|Schippe|Spaten
🪐	Ringplanet	Gasplanet|Himmelskörper|Planet|Ringplanet|Saturn
🪑	Stuhl	Holzstuhl|Möbel|sitzen|Stuhl
🪒	Rasierer	Klinge|rasieren|Rasierer|Rasiermesser|scharf
🪓	Axt	Axt|Beil|hacken|Holz|spalten|Werkzeug
🪔	Öllampe	Diya|Lampe|Öl|Öllampe
🪕	Banjo	Banjo|Instrument|Musik|Saiteninstrument|Zupfinstrument
🪖	Militärhelm	Armee|Heer|Helm|Kämpfer|Kämpferin|Krieg|Militär|Militärhelm|Schutzhelm|Soldat|Soldatin
🪗	Akkordeon	Akkordeon|Akkordeons|Concertina|Harmonika|Instrument|Musik|Musikinstrument|Quetschkommode|Quetschkommoden|Schifferklavier|spielen|Ziehharmonika|Ziehharmonikas
🪘	afrikanische Trommel	afrikanische Trommel|Conga|Handtrommel|Instrument|Musikinstrument|Rhythmus|Trommel|trommeln
🪙	Münze	bezahlen|Dollar|Euro|Geld|Gold|Goldesel|Metall|Münze|reich|Schatz|Silber|sparen
🪚	Handsäge	Handsäge|Holz|Säge|sägen|Tischler|trimmen|Werkzeug
🪛	Schraubenzieher	Schraube|schrauben|Schraubendreher|Schraubenzieher|Werkzeug
🪜	Leiter	hochsteigen|Holzleiter|klettern|Leiter|Sprosse|Stufe
🪝	Haken	Angelhaken|aufhaken|aufhängen|einhaken|Haken|hängen|Metallhaken
🪞	Spiegel	Holzspiegel|Reflexion|Spiegel|Spiegelbild|Wandspiegel
🪟	Fenster	Aussicht|durchsichtig|Fenster|Fensterrahmen|frische Luft|Glas|Haus|lüften|Öffnung|Rahmen
🪠	Saugglocke	Abfluss|Gummiglocke|Klempner|Klo|Pömpel|Pümpel|Sanitär|Saugglocke|Saugglocken|Toilette|verstopft|WC|Werkzeug
🪡	Nähnadel	einfädeln|Faden|Nadel|Nadel und Faden|nähen|Nähnadel|Nähte|schneidern|Stiche|sticken
🪢	Knoten	Achterknoten|binden|Knoten|Schnur|Schnürsenkel|Seemansknoten|Segelboot|segeln|Seil|verknoten|zusammendrehen
🪣	Eimer	Behälter|Bottich|Eimer|Kübel|Wassereimer
🪤	Mausefalle	anlocken|Falle|Käse|Maus|Mausefalle|Mäusefalle
🪥	Zahnbürste	Badezimmer|Bürste|Körperpflege|Mundhygiene|putzen|sauber|Zahnbürste|Zähne|Zahnhygiene
🪦	Grabstein	Friedhof|Grab|Grabstein|RIP|tot
🪧	Protestschild	Ankündigung|Bekanntmachung|Demonstration|Hinweis|Mahnwache|Plakat|Protest|Protestschild|Schild
🪨	Felsen	Felsen|felsig|hart|Natur|schwer|Stein|steinig
🪩	Discokugel	Disco|Discokugel|Lichtreflexe|Party|Spiegel|Spiegelkugel|Tanz|tanzen
🪪	Ausweis	Ausweis|Dokument|Führerschein|Karte|Pass|Personalausweis|Plakette|Reisepass
🪫	schwache Batterie	Akku|Akku fast leer|Akku leer|aufladen|Batterie|Batterie fast leer|Batterie leer|Elektronik|Ladestand|niedriger Akkustand|schwache Batterie|schwacher Akku
🪬	Hamsa	Amulett|Auge in offener Hand|Fatima|Glückssymbol|Hamsa|Hand|jüdisch|Maria|muslimisch|Schutz
🪭	Faltfächer	Abkühlung|Fächer|Faltfächer|flirten|heiß|kühlen|Luft zufächeln|schüchtern|spanisch|Tanz|warm
🪮	Haarkamm	afro|Afro|Afro Pick|Haare|Haarkamm|Kamm|kämmen
🪯	Khanda	Deg Tegh Fateh|Glaube|Khalsa|Khanda|Khanda-Emblem|Religion|Schwert|Sikh|Sikhismus
🪰	Fliege	Fliege|fliegen|Insekt|Krankheit|Made|Mücke|Plage|Schmeißfliege|Tier|verwesen
🪱	Wurm	Insekt|Natur|Parasit|Regenwurm|Ringelwurm|Tier|Wurm
🪲	Käfer	Insekt|Käfer|Krabbeltier|Minzkäfer|Tier|Wanze
🪳	Kakerlake	Insekt|Käfer|Kakerlake|krabbeln|Krabbeltier|Küchenschabe|La Cucaracha|Schabe|Tier
🪴	Topfpflanze	Dekor|Grünpflanze|Haus|Pflanze|pflegen|Topfpflanze|wachsen|Zimmerpflanze
🪵	Holz	Baumstamm|Feuerholz|Holz|holzig|Holzscheite|Lagerfeuer
🪶	Feder	Feder|federleicht|Federn|fliegen|Gefieder|leicht|Vogelfeder
🪷	Lotusblüte	Blume|Buddhismus|Erleuchtung|Gleichmut|Hinduismus|Liebe|Lotosblume|Lotusblüte|Pflanze|Reinheit|Ruhe|Schönheit
🪸	Koralle	Great Barrier Reef|Klimawandel|Koralle|Korallenriff|Meer|Ozean|Riff|Tier
🪹	leeres Nest	Heim|leeres Nest|Nest|Nestbau|nisten|Vogelnest|Zuhause
🪺	Nest mit Eiern	Heim|Nest|Nest mit blauen Eiern|Nest mit Eiern|Nestbau|nisten|Vogelnest|Zuhause
🪻	Hyazinthe	blaue Wiesenlupine|blühen|Blume|Blüte|Frühling|Hyazinthe|Lavendel|lila|Löwenmaul|Lupine|Pflanze|violett
🪼	Qualle	autsch|brennen|Gallert|Glibber|Meer|Meeresbewohner|Meerestier|Nesseltier|Ozean|Qualle|Tentakeln
🪽	Flügel	Engel|Engelsflügel|Federn|fliegen|Flug|Flügel|himmlisch|Mythologie|Vogel
🪾	kahler Baum	dürr|kahl|kahler Baum|karg|trocken|Winter
🪿	Gans	blöd|dumm|dumme Gans|Gans|Gänserich|Ganter|Geflügel|schnattern|Tier|Vogel
🫀	Herz (Organ)	Anatomie|Herz|Herzschlag|Körper|Körperteil|Mensch|Organ|Puls|schlagen
🫁	Lunge	Atem|atmen|ausatmen|einatmen|Körper|Körperteil|Lunge|Lungenflügel|Mensch|Organ
🫂	sich umarmende Personen	Abschied|Danke|drücken|Drücker|Freundschaft|Hallo|Liebe|sich umarmende Personen|Tschüss|Umarmung
🫃	schwangerer Mann	aufgebläht|Bauch|dick|Person|schwanger|schwangerer Mann|überfressen|zu viel gegessen
🫄	schwangere Person	aufgebläht|Bauch|dick|dicker Bauch|Person|schwanger|schwangere Person|Schwangerschaft|überfressen|zu viel gegessen
🫅	Person mit Krone	adelig|König|Königin|königlich|königliche Hoheit|Krönung|Monarch|Monarchin|Person|Person mit Krone|Prinz|Prinzessin
🫆	Fingerabdruck	Fingerabdruck|Forensik|Identität|Sicherheit
🫈	haariges Wesen	Bigfoot|Fabelwesen|Gigant|haarig|Kryptid|Riese|Sasquatch|Wald|wilder Mann|Woodwose|Yeti
🫍	Orca	Meer|Meeressäuger|Meerestier|Orka|Ozean|Wal
🫎	Elch	Elch|Geweih|Säugetier|Tier
🫏	Esel	austreten|Dickschädel|Dummkopf|Esel|Maultier|Säugetier|störrisch|stur|Tier
🫐	Blaubeeren	Beere|blau|Blaubeere|Blaubeeren|Essen|Frucht|Heidelbeere|Heidelbeeren|Lebensmittel|Nahrung|Obst
🫑	Paprika	Essen|Gemüse|Gemüsepaprika|grün|Lebensmittel|Nahrung|Paprika|Peperoni
🫒	Olive	Essen|grün|Lebensmittel|Nahrung|Olive|Olivenöl|Olivenzweig|Zweig
🫓	Fladenbrot	Arepa|Brot|Essen|Fladenbrot|Lavasch|Lebensmittel|Naan|Nahrung|Pita
🫔	Tamale	Burrito|eingewickelt|Essen|Lebensmittel|mexikanisch|Streetfood|Tamale|Wrap
🫕	Fondue	Essen|Fondue|geschmolzen|Käse|Schokolade|schweizerisch|Topf
🫖	Teekanne	Getränk|Kanne|Lebensmittel|Tee|Tee brühen|Teekanne|Teekrug|trinken
🫗	Flüssigkeit ausgießen	ausgießen|ausleeren|Flüssigkeit ausgießen|Getränk|gießen|Glas|leer|Missgeschick|tropfende Flüssigkeit|verschütten
🫘	Bohnen	Bohne|Bohnen|Essen|Gemüse|Hülsenfrucht|Kidney-Bohne|Kidneybohne|Lebensmittel
🫙	Einmachglas	Einmachglas|Einweckglas|Essen|Gewürzglas|leer|leerer Behälter|leeres Einweckglas|leeres Glas|Marmeladeglas|Schraubglas
🫚	Ingwer	gesund|Gewürz|Ginger Ale|Ingwer|Ingwerbier|scharf|Wurzel|würzig
🫛	Erbsenschote	Bohne|Edamame|Erbse|Erbsen|Erbsenschote|Essen|Gemüse|Hülsenfrucht|Hülsenfrüchte|Schote
🫜	Wurzelgemüse	Bete|Garten|Gemüse|Rote Bete|Rübe|Wurzel
🫟	Spritzer	Farbe|Fleck|Holi|Klecks|Spritzer|Tinte
🫠	schmelzendes Gesicht	auflösen|beschämt|flüssig|Gesicht|Hitze|Sarkasmus|sarkastisch|schmelzen|schwitzen|Smiley|verschwinden
🫡	salutierendes Gesicht	Aye|Gesicht|jawohl|jawoll|Militär|ok|Respekt|salutieren|Smiley|zu Befehl
🫢	Gesicht mit offenen Augen und Hand über dem Mund	Augen|Erschrecken|Erstaunen|Furcht|geschockt|Gesicht|Hand|Mund|offen|OMG|Schock|Smiley|Überraschung|Unglauben|Verlegenheit
🫣	Gesicht mit durch die Finger linsendem Auge	Auge|Finger|gebannt|Gesicht|hervorlugen|linsen|schüchtern|Smiley|spähen|starren|verlegen
🫤	Gesicht mit schrägem Mund	enttäuscht|genervt|Gesicht|hmpf|keine Ahnung|langweilig|skeptisch|Smiley|unsicher|zweifelnd
🫥	gestricheltes Gesicht	depressiv|deprimiert|egal|Gesicht|gestrichelt|introvertiert|Smiley|traurig|unsichtbar|verschwinden|verstecken
🫦	auf Lippe beißen	Angst|ängstlich|beißen|besorgt|flirten|flirtend|Kuss|Lippenstift|Mund|nervös|sexy|unbehaglich|Zähne
🫧	Blasen	Blasen|Perlen|reinigen|Schaum|schweben|Seife|Seifenblasen|unter Wasser|Wasserblasen
🫨	zitterndes Doppelgesicht	Doppelgesicht|Erdbeben|Gesicht|OMG|Panik|Schock|Smiley|überrascht|verrückt|vibrieren|wow|zittern
🫩	Gesicht mit Augenringen	Augenringe|erschöpft|Gesicht|müde|schläfrig|Smiley|übermüdet
🫪	verzerrtes Gesicht	Angst|ängstlich|aufgedunsen|besorgt|Panik|panisch|schockiert|überrascht
🫯	Kampfwolke	Handgemenge|Kampf|Krawall|Prügelei|Rauferei|Schlägerei|Streit|Wortgefecht
🫰	Hand mit gekreuztem Zeigefinger und Daumen	Daumen|Finger|Fingerherz|gekreuzt|Geld|Hand|Handgeste|Kosten|teuer|Zeigefinger
🫱	nach rechts weisende Hand	ausgestreckt|ausstrecken|Hand|Hände|Händeschütteln|rechts|reichen|schütteln|weisen
🫲	nach links weisende Hand	ausgestreckt|ausstrecken|Hand|Hände|Händeschütteln|links|reichen|schütteln|weisen
🫳	Hand mit Handfläche nach unten	abweisen|fallen lassen|fallenlassen|Hand|Handfläche|Handgeste|hau ab|unten|verscheuchen|wegscheuchen|wegschicken
🫴	Hand mit Handfläche nach oben	anbieten|Angebot|darbieten|einladen|entgegenstrecken|Hand|Handfläche|Handgeste|kommen|locken|oben|reichen
🫵	auf Betrachter zeigender Zeigefinger	deuten|du|Finger|Fingerzeig|Hand|Handgeste|Sie|stupsen|Zeigefinger|zeigen
🫶	Hände, die Herz bilden	<3|Finger|Geste|Hände|Händeherz|Handgeste|Handherz|hdl|Herz|Liebe
🫷	nach links schiebende Hand	drücken|Halt|Hand|High 5|High five|links|Moment|nein|schieben|Schluss|Stopp|warte mal|warten
🫸	nach rechts schiebende Hand	drücken|Halt|Hand|High 5|High five|Moment|nein|rechts|schieben|Schluss|Stopp|warte mal|warten
