⌚	ժամացույց	ժամացույց
⌛	ավազի ժամացույց	ավազ|ավազի ժամացույց|ժամաչափ
⏩	արագ առաջ կոճակ	առաջ|արագ|արագ առաջ կոճակ|կրկնակի|սլաք
⏪	արագ հետադարձել կոճակ	արագ հետադարձել կոճակ|արագ հետադարձման կոճակ|արագ հետադարձում կոճակ|կրկնակի|հետադարձում|սլաք
⏫	արագ վերև կոճակ	արագ վերև կոճակ|կրկնակի|սլաք
⏬	արագ ներքև կոճակ	արագ ներքև կոճակ|կրկնակի|ներքև|սլաք
⏰	զարթուցիչ	զարթուցիչ|ժամացույց
⏳	ավազի ժամացույց հոսող ավազով	ավազ|ավազի ժամացույց|ավազի ժամացույց հոսող ավազով|ժամաչափ
◽	սպիտակ միջին-փոքր քառակուսի	երկրաչափական|սպիտակ միջին-փոքր քառակուսի|քառակուսի
◾	սև միջին-փոքր քառակուսի	երկրաչափական|սև միջին-փոքր քառակուսի|քառակուսի
☔	անձրևանոց անձրևի կաթիլներով	անձրև|անձրևանոց|անձրևանոց անձրևի կաթիլներով|եղանակ|կաթիլ|հագուստ
☕	տաք ըմպելիք	ըմպելիք|թեյ|խմել|սուրճ|տաք
♈	Խոյ	Խոյ|կենդանակերպ
♉	Ցուլ	կենդանակերպ|Ցուլ
♊	Երկվորյակներ	Երկվորյակներ|կենդանակերպ
♋	Խեցգետին	Խեցգետին|կենդանակերպ
♌	Առյուծ	Առյուծ|կենդանակերպ
♍	Կույս	կենդանակերպ|Կույս
♎	Կշեռք	արդարադատություն|կենդանակերպ|Կշեռք|հավասարակշռություն
♏	Կարիճ	Կարիճ|կենդանակերպ
♐	Աղեղնավոր	Աղեղնավոր|կենդանակերպ
♑	Այծեղջյուր	այծ|Այծեղջյուր|կենդանակերպ
♒	Ջրհոս	կենդանակերպ|կրող|ջուր|Ջրհոս
♓	Ձկներ	կենդանակերպ|Ձկներ|ձուկ
♿	անվասայլակի նշան	անվասայլակի նշան|մատչելիություն|սայլակ|սայլակի նշան
⚓	խարիսխ	գործիք|խարիսխ|նավ
⚡	բարձր լարում	բարձր լարում|էլեկտրական|էլեկտրականություն|լարում|կայծակ|վտանգ
⚪	սպիտակ շրջան	երկրաչափական|շրջան|սպիտակ շրջան
⚫	սև շրջանակ	երկրաչափական|շրջան|սև շրջան|սև շրջանակ
⚽	ֆուտբոլի գնդակ	գնդակ|ֆուտբոլ|ֆուտբոլի գնդակ
⚾	բեյսբոլ	բեյսբոլ|բեյսբոլի գնդակ|գնդակ
⛄	ձնեմարդ առանց ձյան	եղանակ|ձյուն|ձնեմարդ|ձնեմարդ առանց ձյան|սառը
⛅	արև ամպի հետևում	ամպ|արև|արև ամպի հետևում|եղանակ
⛎	Օձակիր	կենդանակերպ|կրող|օձ|Օձակիր
⛔	մուտք չկա	արգելված|երթևեկություն|մուտք|մուտք չկա|ոչ
⛪	եկեղեցի	եկեղեցի|խաչ|կրոն|շենք|քրիստոնեական
⛲	շատրվան	շատրվան
⛳	գոլֆի դրոշակ	անցք|գոլֆ|գոլֆի դրոշակ
⛵	առագաստանավ	առագաստանավ|զբոսանավ|ծով|հանգստավայր|նավակ|փոխադրամիջոց
⛺	վրան	ճամբար|վրան
⛽	վառելիքի պոմպ	բենզալցակայան|բենզին|կայան|պոմպ|վառելիք|վառելիքի պոմպ
✅	ստուգանշանի կոճակ	✓|թռչնիկ|կոճակ|նշան|ստուգանշան|ստուգանշանի կոճակ
✊	բարձրացված բռունցք	բարձրացված բռունցք|բռունցք|հարված|ձեռք|մարմին|սեղմված
✋	բարձրացված ձեռք	բարձրացված ձեռք|ձեռք|մարմին
✨	կայծեր	աստղ|կայծ|կայծեր
❌	խաչի նշան	բազմապատկում|խաչ|խաչի նշան|նշան|չեղարկել
❎	խաչի նշանով կոճակ	խաչի նշանով կոճակ|նշել|քառակուսի
❓	հարցական նշան	?|կետադրություն|հարց|հարցական նշան|նշան
❔	սպիտակ հարցական նշան	կետադրություն|հարց|նշան|ուրվագծված|սպիտակ հարցական նշան
❕	սպիտակ բացականչական նշան	բացականչություն|կետադրություն|նշան|ուրվագծված|սպիտակ բացականչական նշան
❗	բացականչական նշան	բացականչական նշան|բացականչություն|կետադրություն|նշան
➕	գումարման նշան	+|գումարման նշան|թվաբանություն|մաթեմատիկա|նշան|պլյուս
➖	հանման նշան	-|−|թվաբանություն|հանման նշան|մաթեմատիկա|մինուս|նշան
➗	բաժանում	÷|բաժանման նշան|բաժանում|թվաբանություն|մաթեմատիկա|նշան
➰	ոլորուն հանգույց	հանգույց|ոլորուն հանգույց|ոլորված
➿	կրկնակի ոլորուն հանգույց	կրկնակի|կրկնակի ոլորուն հանգույց|հանգույց|ոլորված
⬛	սև մեծ քառակուսի	երկրաչափական|սև մեծ քառակուսի|քառակուսի
⬜	սպիտակ մեծ քառակուսի	երկրաչափական|սպիտակ մեծ քառակուսի|քառակուսի
⭐	աստղ	աստղ
⭕	կարմիր դատարկ շրջան	կարմիր|կարմիր դատարկ շրջան|մեծ|շրջան|օղակ
🀄	մաջոնգի կարմիր վիշապ	խաղ|կարմիր|մաջոնգ|մաջոնգի կարմիր վիշապ
🃏	ջոկեր	թղթախաղ|թուղթ|խաղ|խաղալ|ծաղրածու|ջոկեր
🆎	էյ-բի կոճակ	ab|արյուն|էյ-բի կոճակ
🆑	սի-էլ	cl|սի-էլ
🆒	ԶԻԼ բառը ուղղանկյունի մեջ	զիլ|ԶԻԼ բառը ուղղանկյունի մեջ
🆓	ԱՆՎՃԱՐ բառը ուղղանկյունի մեջ	ազատ|ԱՆՎՃԱՐ բառը ուղղանկյունի մեջ
🆔	այ-դի	id|այ-դի|ինքնություն
🆕	ՆՈՐ բառը ուղղանկյունի մեջ	նոր|ՆՈՐ բառը ուղղանկյունի մեջ
🆖	էն-ջի	ng|էն-ջի
🆗	օքեյ	ok|օքեյ
🆘	սոս	sos|սոս|օգնել
🆙	ափ կոճակ	up|ափ կոճակ|նշան|վեր
🆚	վի-էս	ընդդեմ|ԸՆԴԴԵՄ կոճակ|վի-էս
🈁	կատականա կոկո	կատականա կոկո|ճապոնական|ճապոներեն
🈚	ժխտում գաղափարագիր	ժխտում գաղափարագիր|ճապոնական|ճապոներեն
🈯	մատ գաղափարագիր	ճապոնական|ճապոներեն|մատ գաղափարագիր
🈲	արգելել գաղափարագիր	արգելել գաղափարագիր|ճապոնական|ճապոներեն
🈳	դատարկ գաղափարագիր	դատարկ գաղափարագիր|չինական|չինարեն
🈴	միասին գաղափարագիր	միասին գաղափարագիր|չինական|չինարեն
🈵	լիություն գաղափարագիր	լիություն գաղափարագիր|չինական|չինարեն
🈶	գոյ գաղափարագիր	գոյ գաղափարագիր|ճապոնական|ճապոներեն
🈸	կիրառել գաղափարագիր	կիրառել գաղափարագիր|չինական|չինարեն
🈹	բաժանել գաղափարագիր	բաժանել գաղափարագիր|ճապոնական|ճապոներեն
🈺	աշխատում է գաղափարագիր	աշխատում է գաղափարագիր|չինական|չինարեն
🉐	առավելություն գաղափարագիր շրջանակի մեջ	առավելություն գաղափարագիր շրջանակի մեջ|ճապոնական|ճապոներեն
🉑	ընդունել գաղափարագիր շրջանակի մեջ	ընդունել գաղափարագիր շրջանակի մեջ|չինական|չինարեն
🌀	ցիկլոն	եղանակ|թայֆուն|պտտվող|ցիկլոն
🌁	մառախլապատ	եղանակ|մառախլապատ|մառախուղ
🌂	փակ անձրևանոց	անձրև|անձրևանոց|եղանակ|հագուստ|փակ անձրևանոց
🌃	աստղազարդ գիշեր	աստղ|աստղազարդ գիշեր|գիշեր|եղանակ
🌄	արևածագը լեռներում	առավոտ|արև|արևածագ|արևածագը լեռներում|եղանակ|լեռ
🌅	արևածագ	առավոտ|արև|արևածագ|եղանակ
🌆	քաղաքային պատկեր մթնշաղին	արև|եղանակ|երեկո|լանդշաֆտ|մայրամուտ|մթնշաղ|շենք|քաղաք|քաղաքային պատկեր մթնշաղին
🌇	մայրամուտ	արև|եղանակ|մայրամուտ|մթնշաղ|շենք
🌈	ծիածան	անձրև|եղանակ|ծիածան
🌉	կամուրջը գիշերով	գիշեր|եղանակ|կամուրջ|կամուրջը գիշերով
🌊	ջրի ալիք	ծով|ջուր|ջրի ալիք|օվկիանոս
🌋	հրաբուխ	եղանակ|ժայթքում|լեռ|հրաբուխ
🌌	ծիր կաթին	եղանակ|ծիր կաթին|տիեզերք
🌍	Եվրոպան և Աֆրիկան պատկերող գլոբուս	աշխարհ|Աֆրիկա|գլոբուս|Եվրոպա|Եվրոպան և Աֆրիկան պատկերող գլոբուս|երկիր
🌎	Ամերիկաները պատկերող գլոբուս	Ամերիկաներ|Ամերիկաները պատկերող գլոբուս|աշխարհ|գլոբուս|երկիր
🌏	Ասիան և Ավստրալիան պատկերող գլոբուս	աշխարհ|Ասիա|Ասիան և Ավստրալիան պատկերող գլոբուս|Ավստրալիա|գլոբուս|երկիր
🌐	միջօրեականներով գլոբուս	աշխարհ|գլոբուս|երկիր|միջօրեականներ|միջօրեականներով գլոբուս
🌑	նորալուսին	եղանակ|լուսին|մութ|նորալուսին|տիեզերք
🌒	աճող մահիկ	աճող|եղանակ|լուսին|մահիկ|տիեզերք
🌓	լուսինն առաջին քառորդում	եղանակ|լուսին|լուսինն առաջին քառորդում|տիեզերք|քառորդ
🌔	աճող ուռուցիկ լուսին	աճող|եղանակ|լուսին|ուռուցիկ|տիեզերք
🌕	լիալուսին	եղանակ|լիալուսին|լուսին|տիեզերք
🌖	նվազող ուռուցիկ լուսին	եղանակ|լուսին|նվազող|ուռուցիկ|տիեզերք
🌗	լուսինը երկրորդ քառորդում	եղանակ|լուսին|լուսինը երկրորդ քառորդում|տիեզերք|քառորդ
🌘	նվազող մահիկ	եղանակ|լուսին|մահիկ|նվազող|տիեզերք
🌙	մահիկ	եղանակ|լուսին|մահիկ|տիեզերք
🌚	դեմքով նորալուսին	դեմք|դեմքով նորալուսին|եղանակ|լուսին|տիեզերք
🌛	լուսինն առաջին քառորդում դեմքով	դեմք|եղանակ|լուսին|լուսինն առաջին քառորդում դեմքով|տիեզերք|քառորդ
🌜	լուսինը երկրորդ քառորդում դեմքով	դեմք|եղանակ|լուսին|լուսինը երկրորդ քառորդում դեմքով|տիեզերք|քառորդ
🌝	դեմքով լիալուսին	դեմք|դեմքով լիալուսին|եղանակ|լիալուսին|լուսին|պայծառ|տիեզերք
🌞	դեմքով արև	արև|դեմք|դեմքով արև|եղանակ|պայծառ|տիեզերք
🌟	փայլող աստղ	աստղ|կայծ|շողացող|փայլող աստղ
🌠	ընկնող աստղ	աստղ|ընկնող|տիեզերք
🌭	հոթդոգ	հոթդոգ|նրբերշիկ|ֆրանկֆուրտեր
🌮	տակո	մեքսիկական|տակո
🌯	բուրիտո	բուրիտո|բրդուճ|մեքսիկական|պատառ
🌰	շագանակ	բույս|շագանակ
🌱	ծիլ	բույս|ծիլ|մատղաշ
🌲	եղևնի	բույս|եղևնի|ծառ
🌳	սաղարթավոր ծառ	բույս|ծառ|սաղարթավոր
🌴	արմավենի	արմավենի|բույս|ծառ
🌵	կակտուս	բույս|կակտուս
🌷	կակաչ	բույս|ծաղիկ|կակաչ
🌸	բալենու ծաղիկ	բալ|բալենու ծաղիկ|բույս|ծաղիկ
🌹	վարդ	բույս|ծաղիկ|վարդ
🌺	բաղրջուկ	բաղրջուկ|բույս|ծաղիկ|հիբիսկուս
🌻	արևածաղիկ	արև|արևածաղիկ|բույս|ծաղիկ
🌼	ծաղիկ	բույս|ծաղիկ
🌽	եգիպտացորեն	ականջ|բույս|եգիպտացորեն
🌾	բրնձի հասկեր	ականջ|բույս|բրինձ|բրնձի հասկեր
🌿	բույս	բույս|տերեւ
🍀	քառատերև երեքնուկ	4|բույս|երեքնուկ|չորս|տերև|քառատերև երեքնուկ
🍁	թխկու տերև	բույս|ընկնող|թխկի|թխկու տերև|տերև
🍂	ընկած տերև	բույս|ընկած տերև|ընկնող|տերև
🍃	ճախրող տերևներ	բույս|թրթռալ|ճախրող տերևներ|տերև|փչել|քամի
🍄	սունկ	բույս|սունկ
🍄‍🟫	շագանակագույն սունկ	բնություն|բորբոս|բուսական|բուսակեր|բուսակերական|դարչնագույն սունկ|լցոնումներ|ծիլ|շամպինյոն|շիտակե|պիցցայի լցոնումներ|սնունդ|սունկ|սպոր|տրյուֆել
🍅	լոլիկ	բանջարեղեն|բույս|լոլիկ
🍆	սմբուկ	բանջարեղեն|բույս|սմբուկ
🍇	խաղող	բույս|խաղող|պտուղ
🍈	սեխ	բույս|պտուղ|սեխ
🍉	ձմերուկ	բույս|ձմերուկ|պտուղ
🍊	մանդարին	բույս|մանդարին|նարինջ|պտուղ
🍋	կիտրոն	բույս|կիտրոն|պտուղ|ցիտրուս
🍋‍🟩	լայմ	արեւադարձային|զարդարել|թանձր|թարմացնող|թթու|կիտրոն|կոկտեյլ|համ|միրգ|մոխիտո|սալսա|տեկիլա
🍌	բանան	բանան|բույս|պտուղ
🍍	արքայախնձոր	արքայախնձոր|բույս|պտուղ
🍎	կարմիր խնձոր	բույս|խնձոր|կարմիր|պտուղ
🍏	կանաչ խնձոր	բույս|խնձոր|կանաչ|պտուղ
🍐	տանձ	բույս|պտուղ|տանձ
🍑	դեղձ	բույս|դեղձ|պտուղ
🍒	բալ	բալ|բույս|պտուղ
🍓	ելակ	բույս|ելակ|հատապտուղ|պտուղ
🍔	համբուրգեր	բուրգեր|համբուրգեր
🍕	պիցցա	կտոր|պանիր|պիցցա
🍖	ոսկորով միս	միս|ոսկոր|ոսկորով միս
🍗	հավի բուդ	բուդ|թռչնամիս|հավ|հավի բուդ|ոսկոր
🍘	բրնձի կրեկեր	բրինձ|բրնձի կրեկեր|կրեկեր
🍙	բրնձի գնդիկ	բրինձ|բրնձի գնդիկ|գնդիկ|ճապոնական
🍚	եփած բրինձ	բրինձ|եփած
🍛	քարրիով բրինձ	բրինձ|կարրի|քարրիով բրինձ
🍜	տաք ապուր	գոլորշի|թաս|լապշա|ռամեն|ռամյոն|տաք ապուր|տաք ուտեստ
🍝	սպագետի	մակարոնեղեն|սպագետի
🍞	հաց	բոքոն|հաց
🍟	տապակած կարտոֆիլ	կարտոֆիլ|տապակած կարտոֆիլ
🍠	բոված քաղցր կարտոֆիլ	բոված|կարտոֆիլ|քաղցր
🍡	դանգո	աղանդեր|դանգո|ճապոնական|շամփուր|փայտիկ|քաղցր
🍢	օդեն	ծովամթերք|շամփուր|փայտիկ|քյաբաբ|օդեն
🍣	սուշի	սուշի
🍤	տապակած ծովախեցգետին	ծովախեցգետին|տապակած
🍥	ձկնային տորթ պտտանախշով	խմորեղեն|ձկնային տորթ պտտանախշով|ձուկ|պտտանախշ|տորթ
🍦	լցնովի պաղպաղակ	աղանդեր|լցնովի|կրեմ|պաղպաղակ|քաղցր
🍧	մանրացված սառույց	աղանդեր|մանրացված|սառույց|քաղցր
🍨	պաղպաղակ	աղանդեր|կրեմ|պաղպաղակ|քաղցր
🍩	դոնաթ	աղանդեր|դոնաթ|քաղցր
🍪	թխվածքաբլիթ	աղանդեր|թխվածքաբլիթ|քաղցր
🍫	շոկոլադե սալիկ	աղանդեր|շոկոլադ|շոկոլադե սալիկ|սալիկ|քաղցր
🍬	կոնֆետ	աղանդեր|կոնֆետ|քաղցր
🍭	սառնաշաքար	աղանդեր|կոնֆետ|սառնաշաքար|քաղցր
🍮	պուդինգ	աղանդեր|պուդինգ|քաղցր
🍯	մեղրի կճուճ	կճուճ|մեղր|մեղրի կճուճ|քաղցր
🍰	տորթի կտոր	աղանդեր|խմորեղեն|կտոր|տորթ|տորթի կտոր|քաղցր
🍱	բենտո արկղ	արկղ|բենտո
🍲	թասով ճաշ	թաս|թասով ճաշ|ճաշ
🍳	եփում	եփել|եփում|թավա|թավայով ձվածեղ|ձու|նախաճաշ|տապակել
🍴	պատառաքաղ և դանակ	դանակ|եփել|խոհարարություն|պատառաքաղ|պատառաքաղ և դանակ|սպասք
🍵	թեյի բաժակ առանց բռնակի	բաժակ|ըմպելիք|թեյ|թեյի բաժակ|թեյի բաժակ առանց բռնակի|խմել
🍶	սակե	բաժակ|բար|ըմպելիք|խմել|շիշ|սակե
🍷	գինու բաժակ	բաժակ|բար|գինի|գինու բաժակ|ըմպելիք|խմել
🍸	կոկտեյլի բաժակ	բաժակ|բար|խմել|կոկտեյլ|կոկտեյլի բաժակ
🍹	արևադարձային ընպելիք	արևադարձային|արևադարձային ընպելիք|բար|խմել
🍺	գարեջրի գավաթ	բար|գավաթ|գարեջուր|գարեջրի գավաթ|խմել
🍻	զրնգացող գարեջրի գավաթներ	բար|գավաթ|գարեջուր|զրնգալ|զրնգացող գարեջրի գավաթներ|խմել
🍼	մանկական շիշ	խմել|կաթ|մանկական|շիշ
🍾	թռչող խցանով շիշ	բար|դուրս թռչել|թռչող խցանով շիշ|խմել|խցան|շիշ
🍿	ադիբուդի	ադիբուդի
🎀	ժապավեն	ժապավեն|տոն|տոնակատարություն
🎁	փաթեթավորված նվեր	արկղ|նվեր|տոն|փաթեթավորված
🎂	ծննդյան տորթ	աղանդեր|խմորեղեն|ծննդյան տորթ|տարեդարձ|տոն|քաղցր
🎃	ջեքի լապտեր	լապտեր|հելոուին|ջեք|ջեքի լապտեր|տոն
🎄	տոնածառ	ծառ|սուրբ ծնունդ|տոն|տոնածառ
🎅	Սանտա Կլաուս	հայր|հեքիաթ|սանտա|Սանտա Կլաուս|Սուրբ ծնունդ|տոն|ֆանտազիա
🎆	հրավառություն	հրավառություն|տոնակատարություն
🎇	բենգալյան կրակ	բենգալյան կրակ|կայծ|հրավառություն|տոնակատարություն
🎈	փուչիկ	տոն|փուչիկ
🎉	ճայթուկ	երեկույթ|ճայթուկ|տոն
🎊	կոնֆետի	գունդ|կոնֆետի|տոն
🎋	տանաբատայի ծառ	դրոշակ|ծառ|ճապոնական|տանաբատա|տանաբատայի ծառ|տոն
🎌	խաչված դրոշակներ	խաչ|խաչված|խաչված դրոշակներ|ճապոնական|տոն
🎍	սոճու զարդարանք	բամբուկ|բամբուկից դեկորացիա|բույս|դեկորացիա|ճապոնական|սոճու զարդարանք|տոն
🎎	ճապոնական տիկնիկներ	ճապոնական|ճապոնական տիկնիկներ|տիկնիկ|տոն|փառատոն
🎏	կարպերի տեսքով նավադրոշ	կարպ|կարպերի տեսքով նավադրոշ|նավադրոշ|տոն
🎐	քամու զանգակ	զանգ|տոն|քամի|քամու զանգակ
🎑	լուսնի դիտման ծես	լուսին|լուսնի դիտման ծես|ծես|տոն
🎒	ուսապարկ	դպրոց|ուսապարկ|պայուսակ
🎓	շրջանավարտի գլխարկ	ավարտական|գլխարկ|հագուստ|շրջանավարտի գլխարկ|տոն
🎠	կարուսելի ձի	կարուսել|կարուսելի ձի|ձի
🎡	սատանայի անիվ	անիվ|զվարճանքների այգի|սատանայի
🎢	ամերիկյան բլուրներ	ամերիկյան|բլուրներ|զվարճանքների այգի
🎣	կարթաձող	կարթ|կարթաձող|ձուկ
🎤	խոսափող	խոսափող|կարաոկե
🎥	կինոխցիկ	խցիկ|կինո|կինոխցիկ
🎦	կինո	ժապավեն|կինո|կինոմատոգրաֆիա|տեսախցիկ|ֆիլմ
🎧	ականջակալ	ականջակալ
🎨	ներկապնակ	արվեստ|թանգարան|ներկապնակ|նկարչություն
🎩	բարձր գլխարկ	բարձր գլխարկ|գլխարկ|հագուստ|ցիլինդր
🎪	կրկեսի վրան	կրկես|կրկեսի վրան|վրան
🎫	տոմս	մուտք|տոմս
🎬	կինոդուբլների համարացույց	կինոդուբլ|կինոդուբլների համարացույց|ֆիլմ
🎭	կատարողական արվեստ	արվեստ|դիմակ|թատրոն|կատարողական արվեստ|ներկայացում
🎮	տեսախաղ	խաղ|համակարգչային խաղ|վահանակ|տեսախաղ
🎯	դիպուկ հարված	դարթ|դիպուկ հարված|թիրախ|խաղ|կենտրոն|հարվածել|նշանակետ
🎰	խաղային սարք	ավտոմատ|խաղ|խաղային սարք
🎱	8 գնդանոց բիլիարդ	8|8 գնդանոց բիլիարդ|բիլիարդ|գնդակ|խաղ|ութ
🎲	զառ	զառ|խաղ
🎳	բոուլինգ	բոուլինգ|գնդակ|խաղ
🎴	ծաղկի խաղաթղթեր	թղթախաղ|խաղ|խաղալ|ծաղիկ|ծաղկի խաղաթղթեր|ճապոնական
🎵	նոտա	երաժշտություն|նոտա
🎶	նոտաներ	երաժշտություն|ձայնանիշ
🎷	սաքսոֆոն	գործիք|երաժշտություն|սաքսոֆոն
🎸	կիթառ	գործիք|երաժշտություն|կիթառ
🎹	երաժշտական ստեղնաշար	գործիք|դաշնամուր|երաժշտական ստեղնաշար|երաժշտություն|ստեղնաշար
🎺	շեփոր	գործիք|երաժշտություն|շեփոր
🎻	ջութակ	գործիք|երաժշտություն|ջութակ
🎼	սոլի բանալի	երաժշտություն|սոլի բանալի
🎽	վազքի շապիկ	ժապավեն|շապիկ|վազքի շապիկ
🎾	թենիս	գնդակ|թենիս|թենիսի գնդակ|մեծ
🎿	դահուկներ	դահուկ|դահուկներ|ձյուն
🏀	բասկետբոլ	բասկետբոլ|բասկետբոլի գնդակ|գնդակ
🏁	վանդակավոր դրոշ	մրցարշավ|վանդակավոր|վանդակավոր դրոշ
🏂	սնոուբորդիստ	դահուկ|ձյուն|սնոուբորդ|սնոուբորդիստ
🏃	վազող անձ	մարաթոն|վազող անձ|վազք
🏄	սերֆեր	սերֆեր|սերֆինգ
🏅	մարզական մեդալ	մարզական մեդալ|մեդալ|սպորտային մեդալ
🏆	գավաթ	գավաթ|մրցանակ
🏇	ձիարշավ	ժոկեյ|ձի|ձիավազք|ձիարշավ|մրցարշավ|մրցարշավային ձի
🏈	ամերիկյան ֆուտբոլի գնդակ	ամերիկյան|ամերիկյան ֆուտբոլի գնդակ|գնդակ|ֆուտբոլ
🏉	ռեգբիի գնդակ	գնդակ|ռեգբի|ռեգբիի գնդակ|ֆուտբոլ
🏊	լողորդ	լողալ|լողորդ
🏏	կրիկետ	գնդակ|թիակ|խաղ|կրիկետ
🏐	վոլեյբոլ	գնդակ|խաղ|վոլեյբոլ|վոլեյբոլի գնդակ
🏑	մականախաղ	գնդակ|դաշտ|խաղ|հոկեյ|մական|մականախաղ
🏒	սառույցի մականախաղ	խաղ|հոկեյ|մական|սառույց|սառույցի մականախաղ|տափօղակ
🏓	սեղանի թենիս	գնդակ|թի|խաղ|ձեռնաթիակ|պինգ-պոնգ|սեղանի թենիս
🏠	տուն	բնակարան|բնակելի տուն|շենք|տուն
🏡	այգիով տուն	այգի|այգիով տուն|բնակարան|շենք|տուն
🏢	գրասենյակային շենք	գրասենյակային շենք|շենք
🏣	ճապոնական փոստատուն	ճապոնական|շենք|փոստատուն
🏤	փոստատուն	եվրոպական|շենք|փոստատուն
🏥	հիվանդանոց	բժիշկ|բժշկություն|հիվանդանոց|շենք
🏦	բանկ	բանկ|շենք
🏧	բանկոմատի նշան	atm|բանկ|բանկոմատ|բանկոմատի նշան|գանձապահ
🏨	հյուրանոց	հյուրանոց|շենք
🏩	սիրային հյուրանոց	հյուրանոց|շենք|սեր|սիրային հյուրանոց
🏪	շուրջօրյա խանութ	խանութ|շենք|շուրջօրյա
🏫	դպրոց	դպրոց|շենք
🏬	հանրախանութ	խանութ|հանրախանութ|շենք
🏭	գործարան	գործարան|շենք
🏮	թղթե կարմիր լապտեր	բար|թղթե կարմիր լապտեր|լապտեր|լույս|կարմիր|ճապոնական
🏯	ճապոնական դղյակ	դղյակ|ճապոնական|շենք
🏰	դղյակ	դղյակ|եվրոպական|շենք
🏴	ծածանվող սև դրոշ	ծածանվող|ծածանվող սեւ դրոշ|ծածանվող սև դրոշ
🏸	բադմինտոն	բադմինտոն|խաղ|ձեռնաթիակ|ռակետ|վոլան|փետրագնդակ
🏹	նետ ու աղեղ	աղեղ|աղեղնավոր|գործիք|զենք|նետ|նետ ու աղեղ
🏺	սափոր	գործիք|զենք|խմել|խոհարարություն|կենդանակերպ|ջրհոս|սափոր
🐀	առնետ	առնետ
🐁	մուկ	մուկ
🐂	ցուլիկ	կենդանակերպ|ցուլ|ցուլիկ
🐃	ջրագոմեշ	ջուր|ջրագոմեշ
🐄	կով	կով
🐅	վագր	վագր
🐆	ընձառյուծ	ընձառյուծ
🐇	ճագար	ընտանի կենդանի|ճագար|նապաստակ
🐈	կատու	ընտանի կենդանի|կատու
🐈‍⬛	սև կատու	անհաջողակ|կատու|սև
🐉	վիշապ	հեքիաթ|վիշապ
🐊	կոկորդիլոս	կոկորդիլոս
🐋	կետ	կետ
🐌	խխունջ	դանդաղաշարժ|խեցի|խխունջ|տնակ
🐍	օձ	կենդանակերպ|օձ
🐎	ձի	ձի|մրցավազք|մրցավազքային ձի
🐏	արու ոչխար	արու ոչխար|խոյ|կենդանակերպ|ոչխար
🐐	այծ	այծ|այծեղջյուր|կենդանակերպ
🐑	մաքի	մաքի|ոչխար
🐒	կապիկ	կապիկ
🐓	աքաղաղ	աքաղաղ|ընտանի|թռչուն|ծուղրուղու|հպարտ
🐔	հավ	ընտանի|թռչուն|հավ
🐕	շուն	ընտանի|հավատարիմ|շուն|տնային կենդանի
🐕‍🦺	ծառայողական շուն	ծառայողական շուն|հաշմանդամ|շուն|օգնություն
🐖	խոզ	էգ խոզ|խոզ
🐗	վարազ	վայրի խոզ|վարազ
🐘	փիղ	փիղ
🐙	ութոտնուկ	ութոտնուկ
🐚	պարուրաձև խխունջախեցի	խխունջ|պարույր|պարուրաձև խխունջախեցի
🐛	միջատ	թրթուր|միջատ
🐜	մրջյուն	աշխատասեր|միջատ|մրջյուն
🐝	մեղու	աշխատասեր|մեղու|մեղր|միջատ
🐞	զատիկ	բզեզ|զատիկ|միջատ|պուտեր
🐟	ձուկ	կենդանակերպ|ձկներ|ձուկ
🐠	արևադարձային ձուկ	արևադարձային|ձուկ
🐡	փքաձուկ	ձուկ|փքաձուկ
🐢	կրիա	կրիա
🐣	ձվից դուրս եկող ճուտիկ	դեղնակտուց|ձվից դուրս եկող ճուտիկ|ճուտ
🐤	ճուտիկ	ձագ|ճուտ|ճուտիկ|փոքր
🐥	դեմքով շրջված ճուտիկ	դեմքով շրջված ճուտիկ|ծիտիկ|ձագուկ|ճուտ
🐦	թռչուն	թռչուն|ծիտ
🐦‍⬛	կեռնեխ	ագռավ|թռչուն|կեռնեխ|սերմնագռավ|սև
🐦‍🔥	փյունիկ	հրեղեն թռչուն|վերածնունդ|փյունիկ
🐧	պինգվին	անտարկտիդա|թռչուն|պինգվին
🐨	կոալա	արջ|կոալա
🐩	պուդել	շուն|պուդել
🐪	ուղտ	միասապատ|ուղտ|սապատ
🐫	երկսապատավոր ուղտ	երկսապատանի|երկսապատավոր ուղտ|կուզ|ուղտ
🐬	դելֆին	դելֆին
🐭	մկան մռութ	դեմք|մկան մռութ|մուկ
🐮	կովի մռութ	կով|կովի մռութ|մռութ
🐯	վագրի մռութ	մռութ|վագր|վագրի մռութ|վայրի
🐰	ճագարի մռութ	ընտանի կենդանի|ճագար|ճագարի մռութ|մռութ|նապաստակ
🐱	կատվի մռութ	ընտանի կենդանի|կատու|կատվի մռութ|մռութ
🐲	վիշապի մռութ	դեմք|հեքիաթ|մռութ|վիշապ|վիշապի մռութ
🐳	ջուր ցայտեցնող կետաձուկ	դեմք|կետաձուկ|ջուր ցայտեցնող կետաձուկ|ցայտում
🐴	ձիու մռութ	ձի|ձիու մռութ|մռութ
🐵	կապիկի դեմք	դեմք|կապիկ|կապիկի դեմք|մռութ
🐶	շան մռութ	ընտանի|մռութ|շան մռութ|շուն
🐷	խոզի մռութ	խոզ|խոզի մռութ|մռութ
🐸	գորտ	գորտ|դեմք|մռութ
🐹	գերմանամուկ	գերմանամուկ|դեմք|ընտանի կենդանի|մռութ
🐺	գայլ	գայլ|դեմք|մռութ
🐻	արջ	արջ|դեմք|մռութ
🐼	պանդա	դեմք|մռութ|պանդա
🐽	խոզի դունչ	խոզ|խոզի դունչ|մռութ|քիթ
🐾	թաթերի հետքեր	թաթ|թաթերի հետքեր|հետք|ոտքեր
👀	աչքեր	աչք|աչքեր|դեմք|մարմին
👂	ականջ	ականջ|մարմին
👃	քիթ	մարմին|քիթ
👄	բերան	բերան|մարմին|շուրթեր
👅	լեզու	լեզու|մարմին
👆	դեպի վեր ուղղված ցուցամատ	դեպի վեր ուղղված ցուցամատ|ձեռք|մատ|մարմին|ուղղված|վեր|ցուցամատ
👇	դեպի վար ուղղված ցուցամատ	դեպի վար ուղղված ցուցամատ|ձեռք|մատ|մարմին|ուղղված|վար|ցուցամատ
👈	դեպի ձախ ուղղված ցուցամատ	դեպի ձախ ուղղված ցուցամատ|ձեռք|մատ|մարմին|ուղղված|ցուցամատ
👉	դեպի աջ ուղղված ցուցամատ	դեպի աջ ուղղված ցուցամատ|ձեռք|մատ|մարմին|ուղղված|ցուցամատ
👊	հանդիպակաց բռունցք	բռունցք|հանդիպակաց բռունցք|հարված|ձեռք|մարմին|սեղմված
👋	թափահարող ձեռք	թափահարել|թափահարող|ձեռք|մարմին
👌	ok ցույց տվող ձեռք	ok|ok ցույց տվող ձեռք|ձեռք|մարմին
👍	բութ մատը վեր	+1|բութ|բութ մատը վեր|ձեռք|մարմին|վեր
👎	բութ մատը ներքև	-1|բութ մատ|բութ մատը ներքև|ձեռք|մարմին|ներքև
👏	ծափահարող ձեռքեր	ծափահարել|ծափահարող ձեռքեր|ձեռք|մարմին
👐	բաց ձեռքեր	բաց|բաց ձեռքեր|ձեռք|մարմին
👑	թագ	արքա|թագ|թագուհի|հագուստ
👒	կնոջ գլխարկ	գլխարկ|կին|կնոջ գլխարկ|հագուստ
👓	ակնոց	ակնոց|աչք|հագուստ
👔	փողկապ	հագուստ|փողկապ
👕	սպորտային վերնաշապիկ	հագուստ|սպորտային|վերնաշապիկ
👖	ջինս	հագուստ|շալվար|ջինս|տաբատ
👗	զգեստ	զգեստ|հագուստ
👘	կիմոնո	կիմոնո|հագուստ
👙	բիկինի	բիկինի|լողալ|հագուստ
👚	կնոջ հագուստ	կին|կնոջ հագուստ|հագուստ
👛	դրամապանակ	դրամապանակ|հագուստ|մետաղադրամ
👜	ձեռքի պայուսակ	հագուստ|ձեռքի պայուսակ|պայուսակ
👝	պայուսակ	հագուստ|պայուսակ
👞	տղամարդու կոշիկ	կոշիկ|հագուստ|տղամարդ|տղամարդու կոշիկ
👟	վազքի կոշիկ	կոշիկ|հագուստ|մարզական|վազքի կոշիկ
👠	բարձրակրունկ կոշիկ	բարձրակրունկ կոշիկ|կին|կոշիկ|կրունկ|հագուստ
👡	կնոջ սանդալ	կին|կնոջ սանդալ|կոշիկ|հագուստ|սանդալ
👢	կնոջ երկարաճիթք կոշիկ	երկարաճիթք կոշիկ|կին|կնոջ երկարաճիթք կոշիկ|կոշիկ|հագուստ
👣	ոտնահետքեր	հագուստ|հետք|մարմին|ոտնահետք|ոտնահետքեր
👤	ուրվագծված կիսանդրի	կիսանդրի|ուրվագիծ|ուրվագծված կիսանդրի
👥	ուրվագծված կիսանդրիներ	կիսանդրի|ուրվագիծ|ուրվագծված կիսանդրիներ
👦	տղա	երիտասարդ|տղա
👧	աղջիկ	աղջիկ|կենդանակերպ|կույս|օրիորդ
👨	մարդ	մարդ|մեծահասակ
👨‍🌾	տղամարդ ֆերմեր	ագարակատեր|այգեգործ|գյուղացի|տղամարդ ֆերմեր|ֆերմեր
👨‍🍳	տղամարդ խոհարար	խոհարար|տղամարդ
👨‍🍼	երեխային կերակրող մարդ	երեխա|երեխային կերակրող մարդ|երեխային կերակրող տղամարդ|կերակրում|տղամարդ
👨‍🎓	ուսանող տղա	ուսանող|տղա
👨‍🎤	տղամարդ երգիչ	աստղ|երգիչ|կատարող|տղամարդ
👨‍🎨	տղամարդ նկարիչ	նկարիչ|պնակ|տղամարդ
👨‍🏫	տղամարդ ուսուցիչ	դասատու|ուսուցիչ|տղամարդ
👨‍🏭	տղամարդ բանվոր	արդյունաբերություն|բանվոր|գործարան|տղամարդ
👨‍💻	տղամարդ ծրագրավորող	ծրագրավորող|համակարգիչ|տղամարդ
👨‍💼	տղամարդ գրասենյակի աշխատող	բիզնես|գրասենյակ|ղեկավար|տղամարդ|տղամարդ գրասենյակի աշխատող
👨‍🔧	տղամարդ փականագործ	էլեկտրիկ|մեխանիկ|տղամարդ|փականագործ
👨‍🔬	տղամարդ գիտնական	գիտնական|կենսաբան|տղամարդ|քիմիկոս
👨‍🚀	տղամարդ տիեզերագնաց	տիեզերագնաց|տիեզերանավ|տիեզերք|տղամարդ
👨‍🚒	տղամարդ հրշեջ	հրշեջ|հրշեջ մեքենա|տղամարդ
👨‍🦯	ձեռնափայտով տղամարդ	կույր|հաշմանդամ|ձեռնափայտով տղամարդ|մարդ
👨‍🦼	մոտորասայլակով տղամարդ	անվասայլակ|հաշմանդամ|մոտորասայլակով տղամարդ|տղամարդ
👨‍🦽	անվասայլակով տղամարդ	անվասայլակ|անվասայլակով տղամարդ|հաշմանդամ|տղամարդ
👩	կին	կին|մեծահասակ
👩‍🌾	կին ֆերմեր	ագարակատեր|գյուղացի|կին|ֆերմեր
👩‍🍳	խոհարարուհի	խոհարար|խոհարարուհի|կին
👩‍🍼	երեխային կերակրող կին	երեխա|երեխային կերակրող կին|խնամք|կերակրում|կին
👩‍🎓	ուսանողուհի	աղջիկ|ուսանող|ուսանողուհի
👩‍🎤	երգչուհի	աստղ|երգիչ|երգչուհի|կատարող|կին
👩‍🎨	նկարչուհի	կին|նկարիչ|նկարչուհի|պնակ
👩‍🏫	ուսուցչուհի	դասատու|կին|ուսուցիչ|ուսուցչուհի
👩‍🏭	բանվորուհի	արդյունաբերություն|բանվոր|բանվորուհի|գործարան|կին
👩‍💻	կին ծրագրավորող	ծրագրավորող|կին|համակարգիչ
👩‍💼	կին գրասենյակի աշխատող	բիզնես|գրասենյակ|կին|կին գրասենյակի աշխատող|ղեկավար
👩‍🔧	կին փականագործ	էլեկտրիկ|կին|մեխանիկ|փականագործ
👩‍🔬	կին գիտնական	գիտնական|կենսաբան|կին|քիմիկոս
👩‍🚀	կին տիեզերագնաց	կին|տիեզերագնաց|տիեզերանավ|տիեզերք
👩‍🚒	կին հրշեջ	կին|հրշեջ|հրշեջ մեքենա
👩‍🦯	ձեռնափայտով կին	կին|կույր|հաշմանդամ|ձեռնափայտով կին
👩‍🦼	մոտորասայլակով կին	անվասայլակ|կին|հաշմանդամ|մոտորասայլակով կին
👩‍🦽	ձեռքով կառավարվող անվասայլակով կին	անվասայլակ|կին|հաշմանդամ|ձեռքով կառավարվող անվասայլակով կին
👪	ընտանիք	երեխա|ընտանիք|հայր|մայր
👫	իրար ձեռք բռնած կին ու տղամարդ	բռնել|զույգ|իրար ձեռք բռնած կին ու տղամարդ|կին|ձեռք|ձեռք բռնած|տղամարդ
👬	իրար ձեռք բռնած տղամարդիկ	երկվորյակներ|զույգ|զույգեր|իրար ձեռք բռնած տղամարդիկ|կենդանակերպ|ձեռք բռնել|տղամարդիկ
👭	իրար ձեռք բռնած կանայք	զույգ|իրար ձեռք բռնած կանայք|կանայք|ձեռք|ձեռք բռնել
👮	ոստիկան	ոստիկան|ոստիկանություն|սպա
👯	ճագարի ականջներով մարդիկ	ականջ|աղջիկ|կին|ճագար|ճագարի ականջներով մարդիկ|պարող|պարող կանայք
👰	քողով անձ	հարս|հարսանիք|քող|քողով անձ|քողով հարս
👱	անձ․ շիկահեր	անձ․ շիկահեր|շեկ|շիկահեր
👲	թասակով անձ	անձ|գլխարկ|թասակով անձ
👳	թյուրբանով անձ	թյուրբան|թյուրբանով անձ|մարդ
👴	տարեց մարդ	ծեր|մարդ|տարեց|տղամարդ
👵	տարեց կին	ծեր|կին|տարեց
👶	մանուկ	երեխա|մանուկ|նորածին
👷	շինարար	աշխատող|գլխարկ|շինարար|շինարարություն
👸	արքայադուստր	արքայադուստր|հեքիաթ|ֆանտազիա
👹	մարդակեր հսկա	արարած|դեմք|հեքիաթ|հրեշ|ճապոնական|մարդակեր հսկա|ֆանտազիա
👺	չար ոգի	արարած|դեմք|հեքիաթ|հրեշ|ճապոնական|չար ոգի|ֆանտազիա
👻	ուրվական	արարած|դեմք|հեքիաթ|հրեշ|ուրվական|ֆանտազիա
👼	մանուկ-հրեշտակ	դեմք|երեխա|հեքիաթ|հրեշտակ|մանուկ-հրեշտակ|ֆանտազիա
👽	այլմոլորակային	այլմոլորակային|արարած|դեմք|հեքիաթ|հրեշ|չթօ|տիեզերք|ֆանտազիա
👾	այլմոլորակային հրեշ	այլմոլորակային|արարած|դեմք|հեքիաթ|հրեշ|չթօ|տիեզերք|ֆանտազիա
👿	զայրացած դեմք՝ պոզերով	դեմք|դև|զայրացած դեմք՝ պոզերով|հեքիաթ|ֆանտազիա
💀	գանգ	գանգ|դեմք|հեքիաթ|հրեշ|մահ|մարմին
💁	ձեռքը թեքած անձ	հանդուգն|ձեռձեռքը թեքած անձ|ձեռքը թեքած անձ|տեղեկատվություն|օգնել
💂	պահակազորային	պահակ|պահակազորային
💃	պարուհի	կին|պարող|պարուհի
💄	շրթներկ	դիմահարդարում|կոսմետիա|շրթներկ
💅	եղունգների լաքապատում	եղունգ|եղունգների լաքապատում|խնամք|կոսմետիկա|հղկել|մատնահարդարում|մարմին
💆	մերսվող անձ	դեմք|մերսում|մերսվող անձ|սրահ
💇	մազերը կտրող անձ	գեղեցկություն|կտրել|մազերը կտրող անձ|սանրվածք|սրահ|վարսավիր
💈	վարսավիրանոցի հոլ	ձող|սանրվածք|վարսավիր|վարսավիրանոցի հոլ
💉	ներարկիչ	ասեղ|բժիշկ|բժշկություն|գործիք|հիվանդ|ներարկիչ
💊	հաբ	բժիշկ|բժշկություն|հաբ|հիվանդ
💋	համբույրի հետք	համբույր|համբույրի հետք|հետք|շուրթեր|սիրավեպ|սիրտ
💌	սիրային նամակ	նամակ|սեր|սիրային նամակ|սիրավեպ|սիրտ|փոստ
💍	մատանի	ադամանդ|մատանի|սիրավեպ
💎	ակն	ադամանդ|ակն|գոհար|թանկարժեք քար|սիրավեպ
💏	համբույր	զույգ|համբույր|սիրավեպ
💐	ծաղկեփունջ	բույս|ծաղիկ|ծաղկեփունջ|սիրավեպ
💑	սրտիկով զույգ	զույգ|սեր|սիրավեպ|սիրտ|սրտիկով զույգ
💒	հարսանիք	հարսանիք|մատուռ|սիրավեպ
💓	բաբախող սիրտ	բաբախյուն|բաբախող սիրտ|պուլսացիա|սիրտ|սրտխփոց
💔	կոտրված սիրտ	կոտրել|կոտրված|սիրտ
💕	երկու սիրտ	երկու սիրտ|սեր|սիրտ
💖	շողշողացող սիրտ	կայծ|շողշողացող սիրտ|ոգևորված|սիրտ
💗	աճող սիրտ	աճող|նյարդային|ոգևորված|սիրտ|սրտի զարկ
💘	նետահարված սիրտ	կուպիդոն|նետ|նետահարված սիրտ|սիրավեպ|սիրտ
💙	կապույտ սիրտ	կապույտ|սիրտ
💚	կանաչ սիրտ	կանաչ|սիրտ
💛	դեղին սիրտ	դեղին|սիրտ
💜	մանուշակագույն սիրտ	մանուշակագույն|սիրտ
💝	ժապավենով սիրտ	ժապավեն|ժապավենով սիրտ|սիրտ|վալենտին
💞	պտտվող սրտեր	պտտվող|պտտվող սրտեր|սիրտ
💟	սրտաձև նախշ	նախշ|սիրտ|սրտաձև նախշ
💠	կետով շեղանկյուն	երկրաչափական|կետով շեղանկյուն|կոմիքս|ներսում|շեղանկյուն
💡	էլեկտրական լամպ	գաղափար|էլեկտրական|լամպ|լույս|կոմիքս
💢	զայրույթի նշան	զայրացած|զայրույթի նշան|խենթ|կոմիքս|նշան
💣	ռումբ	կոմիքս|ռումբ
💤	խռռռ	խռռռ|կոմիքս|քնել
💥	բախում	բախում|բում|կոմիքս
💦	քրտինքի կաթիլներ	կաթիլներ|կոմիքս|ցայտող|քրտինք|քրտինքի կաթիլներ
💧	կաթիլ	եղանակ|կաթիլ|կոմիքս|սառը|քրտինք
💨	սրընթաց փախուստ	ընթանալ|կոմիքս|սլանալ|սրընթաց փախուստ
💩	կեղտի կույտ	ախկո|գոմաղբ|դեմք|կեղտ|կեղտի կույտ|կղանք|կոմիքս|հրեշ
💪	ձգված բիցեպս	բիցեպս|կոմիքս|ձգել|ձգված բիցեպս|մարմին|մկան
💫	գլխապտույտ	աստղ|գլխապտույտ|կոմիքս
💬	խոսքի ամպիկ	երկխոսություն|խոսք|խոսքի ամպիկ|կոմիքս|պղպջակ|փուչիկ
💭	մտքի ամպիկ	կոմիքս|միտք|մտքի ամպիկ|պղպջակ|փուչիկ
💮	սպիտակ ծաղիկ	ծաղիկ|սպիտակ ծաղիկ
💯	հարյուր միավոր	100|ամբողջ|հաշիվ|հարյուր|միավոր
💰	փողի պարկ	դոլար|պարկ|փող|փողի պարկ
💱	տարադրամի փոխանակում	բանկ|տարադրամ|տարադրամի փոխանակում|փոխանակում|փող
💲	դոլարի թավ նշան	դոլար|դոլարի թավ նշան|տարադրամ|փող
💳	պլաստիկ քարտ	բանկ|պլաստիկ քարտ|վարկ|փող|քարտ
💴	իեն թղթադրամ	բանկ|թղթադրամ|իեն|տարադրամ|փող
💵	դոլար թղթադրամ	բանկ|դոլար|թղթադրամ|տարադրամ|փող
💶	եվրո թղթադրամ	բանկ|եվրո|թղթադրամ|տարադրամ|փող
💷	ֆունտ թղթադրամ	բանկ|թղթադրամ|տարադրամ|փող|ֆունտ
💸	փող թևերով	բանկ|դոլար|թևեր|թղթադրամ|թռչել|փող|փող թևերով
💹	աճող դիագրամ իենով	աճ|աճող դիագրամ իենով|բանկ|բարձրանալ|գրաֆիկ|դիագրամ|իեն|միտում|շուկա|վերև|տարադրամ|փող
💺	նստատեղ	բազկաթոռ|նստատեղ
💻	նոթբուք	անձնական|համակարգիչ|նոթբուք
💼	պորտֆել	պորտֆել
💽	համակարգչային սկավառակ	համակարգիչ|համակարգչային սկավառակ|սկավառակ|օպտիկական
💾	ճկուն սկավառակ	համակարգիչ|ճկուն|սկավառակ
💿	օպտիկական սկավառակ	blu-ray|cd|dvd|համակարգիչ|սկավառակ|օպտիկական
📀	DVD	blu-ray|cd|DVD|համակարգիչ|սկավառակ|օպտիկական
📁	թղթապանակ	թղթապանակ|ֆայլ
📂	բաց թղթապանակ	բաց|թղթապանակ|ֆայլ
📃	ոլորված էջ	էջ|ոլորված|փաստաթուղթ
📄	էջ	էջ|փաստաթութղ
📅	օրացույց	ամսաթիվ|օրացույց
📆	պոկովի օրացույց	պոկովի օրացույց|օրացույց
📇	քարտադարան	ինդեքս|քարտ|քարտադարան
📈	աճող գծապատկեր	աճ|աճող գծապատկեր|գծապատկեր|միտում|վեր|տրամագի
📉	նվազող գծապատկեր	գծապատկեր|միտում|ներքև|նվազող գծապատկեր|տրամագիր
📊	գոտեձև գծապատկեր	գոտեձև գծապատկեր|գոտի|գրաֆիկ|դիագրամ
📋	սեղմատախտակ	սեղմակ|սեղմատախտակ|տախտակ
📌	քորոց	քորոց
📍	գնդասեղ	գնդասեղ|քորոց
📎	ամրակ	ամրակ
📏	քանոն	ուղղանկյուն|քանոն
📐	եռանկյունի քանոն	եռանկյունի|քանոն
📑	էջանիշ ներդիրներ	էջանիշ|էջանիշ ներդիրներ|ներդիր|նշել|նշիչ
📒	հաշվապահական մատյան	հաշվապահական մատյան|նոթատետր
📓	տետր	տետր
📔	ձևավոր կազմով տետր	գիրք|կազմ|ձևավոր կազմով տետր|ձևավորված|նոթատետր
📕	փակ գիրք	գիրք|փակ գիրք|փակված
📖	բաց գիրք	բաց գիրք|բացված|գիրք
📗	կանաչ գիրք	գիրք|կանաչ
📘	կապույտ գիրք	գիրք|կապույտ
📙	նարնջագույն գիրք	գիրք|նարնջագույն
📚	գրքեր	գիրք|գրքեր
📛	բեյջ	անուն|բեյջ
📜	գալարաթուղթ	գալարաթուղթ|թուղթ
📝	հուշաթերթ	հուշաթերթ|մատիտ
📞	հեռախոսի լսափող	լսափող|հեռախոս|հեռախոսի լսափող
📟	փեյջեր	փեյջեր
📠	ֆաքսի մեքենա	ֆաքս|ֆաքսի մեքենա
📡	արբանյակային ալեհավաք	ալեհավաք|արբանյակ|արբանյակային ալեհավաք|ափսե
📢	մեծ բարձրախոս	բարձրաձայն|հասարակական|մեծ բարձրախոս
📣	մեգաֆոն	մեգաֆոն|ոգևորում
📤	ելքի արկղ	արկղ|դարակ|ելքի արկղ|նամակ|ուղարկված|փոստ
📥	մուտքի արկղ	արկղ|դարակ|մուտքի արկղ|նամակ|ստանալ|փոստ
📦	ծանրոց	արկղ|ծանրոց
📧	էլ․ նամակ	էլ․ նամակ|էլփոստ|նամակ|փոստ
📨	ստացվող ծրար	էլփոստ|ծրար|նամակ|ստանալ|ստացվող|փոստ
📩	ծրար սլաքով	էլփոստ|ծրար|ծրար սլաքով|նամակ|ներքև|ուղարկված|ուղարկվող|սլաք|փոստ
📪	փակ փոստարկղ իջեցված դրոշակով	իջեցված|փակ|փակ փոստարկղ իջեցված դրոշակով|փոստ|փոստատուփ|փոստարկղ
📫	փակ փոստարկղ բարձրացված դրոշակով	փակ|փակ փոստարկղ բարձրացված դրոշակով|փոստ|փոստատուփ|փոստարկղ
📬	բաց փոստարկղ բարձրացված դրոշակով	բաց|բաց փոստարկղ բարձրացված դրոշակով|փոստ|փոստատուփ|փոստարկղ
📭	բաց փոստարկղ իջեցված դրոշակով	բաց|բաց փոստարկղ իջեցված դրոշակով|իջեցված|փոստ|փոստատուփ|փոստարկղ
📮	փոստատուփ	փոստ|փոստատուփ|փոստարկղ
📯	փոստային եղջյուր	եղջյուր|փոստ|փոստային
📰	լրագիր	թերթ|լրագիր|նորություններ
📱	բջջային հեռախոս	բջջային|հեռախոս|շարժական
📲	բջջային հեռախոս սլաքով	բջջային|բջջային հեռախոս սլաքով|զանգել|հեռախոս|շարժական|սլաք
📳	թրթռազանգի ռեժիմ	բջջային|թրթռազանգի ռեժիմ|թրթռում|հեռախոս|շարժական|ռեժիմ
📴	բջջայինն անջատված է	անջատված|բջջային|բջջայինն անջատված է|հեռախոս|շարժական
📵	բջջային հեռախոսներն արգելվում են	արգելված|բջջային|բջջային հեռախոսներն արգելվում են|հեռախոս|շարժական|ոչ
📶	անտենայի գծիկներ	ազդանշան|անտենա|անտենայի գծիկներ|բջջային|գծիկ|հեռախոս|շարժական
📷	ֆոտոապարատ	վիդեո|ֆոտոապարատ
📸	ֆոտոապարատ լուսաթարթիչով	լուսաթարթիչ|վիդեո|ֆոտոապարատ|ֆոտոապարատ լուսաթարթիչով
📹	տեսախցիկ	վիդեո|տեսախցիկ
📺	հեռուստացույց	tv|հեռուստացույց|վիդեո
📻	ռադիո	ռադիո|վիդեո
📼	տեսաերիզ	vcr|vhs|երիզ|հին|տեսա|տեսաերիզ|տեսապարկուճ
📿	վարդարան	աղոթք|կրոն|հագուստ|ուլունքներ|վարդարան|վզնոց
🔀	խառնել կատարումները կոճակ	խաչված|խառնել կատարումները կոճակ|սլաք
🔁	կրկնման կոճակ	անընդհատ կրկնել կոճակ|ժամասլաքի ուղղությամբ|կրկնել|կրկնման կոճակ|սլաք
🔂	կրկնել մեկ անգամ կոճակ	ժամասլաքի ուղղությամբ|կրկնել մեկ անգամ կոճակ|մեկ անգամ|սլաք
🔃	ժամասլաքի ուղղությամբ ուղղահայաց սլաքներ	ժամասլաքի ուղղությամբ|ժամասլաքի ուղղությամբ ուղղահայաց սլաքներ|սլաք|վերաբեռնել
🔄	ժամասլաքին հակառակ ուղղությամբ սլաքներով կոճակ	ժամասլաքին հակառակ ուղղությամբ|ժամասլաքին հակառակ ուղղությամբ սլաքներով կոճակ|հակառակ ուղղությամբ|սլաք
🔅	մթեցնելու կոճակ	թույլ|մթեցնել|մթեցնել կոճակ|մթեցնելու կոճակ|պայծառություն
🔆	պայծառեցնելու կոճակ	պայծառ|պայծառեցնելու կոճակ|պայծառություն
🔇	բարձրախոսն անջատված է	անջատել ձայնը|բարձրախոս|բարձրախոսն անջատված է|լուռ|հանգիստ|ձայն
🔈	բարձրախոս	բարձրախոս|ձայն|ձայնի ուժգնություն
🔉	բարձրախոսը միացված է	ալիք|բարձրախոս|բարձրախոսը միացված է|ձայն|ցածր
🔊	բարձրախոսի ձայնը բարձր է	բարձր ձայն|բարձրախոսի ձայնը բարձր է|բարձրաձայն|ձայնարկիչ
🔋	մարտկոց	մարտկոց
🔌	էլեկտրական խրոց	էլեկտրական|էլեկտրականություն|խրոց
🔍	ձախ ուղղված խոշորացույց	ապակի|գործիք|խոշորացնող|ձախ ուղղված խոշորացույց|որոնել
🔎	աջ ուղղված խոշորացույց	ապակի|աջ ուղղված խոշորացույց|գործիք|խոշորացնող|որոնել
🔏	կողպեք ինքնահոսով	գաղտնիություն|գրիչ|գրչածայր|թանաք|կողպեք|կողպեք ինքնահոսով
🔐	փակ կողպեք բանալիով	ապահով|բնալի|կողպեք|փակ|փակ կողպեք բանալիով
🔑	բանալի	բանալի|գաղտնաբառ|կողպեք
🔒	կողպված	կողպեք|կողպված|փակ
🔓	բաց կողպեք	ապակողպել|բաց|կողպեք
🔔	զանգ	զանգ
🔕	զանգակ շեղ գծիկով	անջատել ձայնը|արգելված|զանգակ|զանգակ շեղ գծիկով|լուռ|հանգիստ|ոչ
🔖	էջանիշ	էջանիշ|նշել
🔗	օղակ	օղակ
🔘	կետակոճակ	երկրաչափական|կետ|կետակոճակ|կոճակ|ռադիո
🔙	հետ գրությամբ սլաք	հետ|հետ գրությամբ սլաք|սլաք
🔚	ՎԵՐՋ սլաք	սլաք|վերջ
🔛	միացված է գրությամբ սլաք	միացված է|միացված է գրությամբ սլաք|նշան|սլաք
🔜	շուտով գրությամբ սլաք	շուտով|շուտով գրությամբ սլաք|սլաք
🔝	վերև գրությամբ սլաք	սլաք|վեր|վերև|վերև գրությամբ սլաք
🔞	տասնութից ցածր արգելվում է	18|անչափահաս|արգելված|ոչ|տասնութ|տասնութից ցածր արգելվում է|տարիքային սահմանափակում
🔠	լատինատառ մեծատառ ներածում	լատինական|լատինատառ մեծատառ ներածում|մեծատառ|մուտքագրել|տառեր
🔡	լատինատառ փոքրատառ ներածում	abcd|լատինական|լատինատառ փոքրատառ ներածում|մուտքագրել|տառեր|փոքրատառ
🔢	թվերի ներածում	1234|թվեր|թվերի ներածում|մուտքագրել
🔣	նշանների ներածում	մուտքագրել|նշանների ներածում
🔤	լատինատառ ներածում	abc|այբուբեն|լատինական|լատինատառ ներածում|մուտքագրել|տառեր
🔥	կրակ	բոց|գործիք|կրակ
🔦	գրպանի լապտեր	գործիք|գրպանի լապտեր|էլեկտրական|լապտեր|լույս
🔧	պտուտակաբանալի	գործիք|պտուտակաբանալի
🔨	մուրճ	գործիք|մուրճ
🔩	մանեկ ու հեղույս	գործիք|հեղույս|մանեկ|մանեկ ու հեղույս
🔪	խոհանոցային դանակ	գործիք|դանակ|եփել|զենք|խոհանոցային դանակ|խոհարար
🔫	ջրային ատրժանակ	ատրճանակ|գործիք|զենք|ջրային ատրժանակ
🔬	մանրադիտակ	գործիք|մանրադիտակ
🔭	հեռադիտակ	գործիք|հեռադիտակ
🔮	բյուրեղյա գունդ	բախտ|բյուրեղ|բյուրեղյա գունդ|գործիք|գունդ|հեքիաթ|ֆանտազիա
🔯	կետիկով վեցթևանի աստղ	աստղ|բախտ|կետիկով վեցթևանի աստղ
🔰	սկսնակ լինելու ճապոնական նշան	գործիք|դեղին|կանաչ|հեծանակ|ճապոնական|սկսնակ|սկսնակ լինելու ճապոնական նշան|տերև
🔱	եռաժանի խորհրդանշան	գործիք|եռաժանի|եռաժանի խորհրդանշան|զինանշան|խարիսխ|նավ
🔲	սև քառակուսի կոճակ	երկրաչափական|կոճակ|սև քառակուսի կոճակ|քառակուսի
🔳	սպիտակ քառակուսի կոճակ	երկրաչափական|կոճակ|ուրվագծված|սպիտակ քառակուսի կոճակ|քառակուսի
🔴	կարմիր շրջան	երկրաչափական|կարմիր|շրջան
🔵	կապույտ շրջան	երկրաչափական|կապույտ|շրջան
🔶	նարնջագույն մեծ շեղանկյուն	երկրաչափական|նարնջագույն|նարնջագույն մեծ շեղանկյուն|շեղանկյուն
🔷	կապույտ մեծ շեղանկյուն	երկրաչափական|կապույտ|կապույտ մեծ շեղանկյուն|շեղանկյուն
🔸	նարնջագույն փոքր շեղանկյուն	երկրաչափական|նարնջագույն|նարնջագույն փոքր շեղանկյուն|շեղանկյուն
🔹	կապույտ փոքր շեղանկյուն	երկրաչափական|կապույտ|կապույտ փոքր շեղանկյուն|շեղանկյուն
🔺	կարմիր եռանկյուն ուղղված վերև	երկրաչափական|կարմիր|կարմիր եռանկյուն ուղղված վերև
🔻	կարմիր եռանկյուն ուղղված ներքև	երկրաչափական|կարմիր|կարմիր եռանկյուն ուղղված ներքև|ներքև
🔼	վերև կոճակ	կարմիր|կոճակ|սլաք|վերև կոճակ
🔽	ներքև կոճակ	կարմիր|կոճակ|ներքև|սլաք
🕋	կաաբա	իսլամ|կաաբա|կրոն|մուսուլման
🕌	մզկիթ	իսլամ|կրոն|մզկիթ|մուսուլման
🕍	սինագոգ	կրոն|հրեա|հրեական|սինագոգ|տաճար
🕎	մենորա	աշտանակ|կրոն|մենորա|մոմակալ
🕐	ժամը մեկը	00|1|1:00|ժամ|ժամացույց|ժամը մեկը|մեկ
🕑	ժամը երկուսը	00|2|2:00|երկու|ժամ|ժամացույց|ժամը երկուսը
🕒	ժամը երեքը	00|3|3:00|երեք|ժամ|ժամացույց|ժամը երեքը
🕓	ժամը չորսը	00|4|4:00|ժամ|ժամացույց|ժամը չորսը|չորս
🕔	ժամը հինգը	00|5|5:00|ժամ|ժամացույց|ժամը հինգը|հինգ
🕕	ժամը վեցը	00|6|6:00|ժամ|ժամացույց|ժամը վեցը|վեց
🕖	ժամը յոթը	00|7|7:00|ժամ|ժամացույց|ժամը յոթը|յոթ
🕗	ժամը ութը	00|8|8:00|ժամ|ժամացույց|ժամը ութը|ութ
🕘	ժամը ինը	00|9|9:00|ժամ|ժամացույց|ժամը ինը|ինը
🕙	ժամը տասը	00|10|10:00|ժամ|ժամացույց|ժամը տասը|տասը
🕚	ժամը տասնմեկը	00|11|11:00|ժամ|ժամացույց|ժամը տասնմեկը|տասնմեկ
🕛	ժամը տասներկուսը	00|12|12:00|ժամ|ժամացույց|ժամը տասներկուսը|տասներկու
🕜	մեկն անց կես	1|1:30|30|երեսուն|ժամացույց|մեկ|մեկն անց կես
🕝	երկուսն անց կես	2|2:30|30|երեսուն|երկու|երկուսն անց կես|ժամացույց
🕞	երեքն անց կես	3|3:30|30|երեսուն|երեք|երեքն անց կես|ժամացույց
🕟	չորսն անց կես	30|4|4:30|երեսուն|ժամացույց|չորս|չորսն անց կես
🕠	հինգն անց կես	30|5|5:30|երեսուն|ժամացույց|հինգ|հինգն անց կես
🕡	վեցն անց կես	30|6|6:30|երեսուն|ժամացույց|վեց|վեցն անց կես
🕢	յոթն անց կես	30|7|7:30|երեսուն|ժամացույց|յոթ|յոթն անց կես
🕣	ութն անց կես	30|8|8:30|երեսուն|ժամացույց|ութ|ութն անց կես
🕤	ինն անց կես	30|9|9:30|երեսուն|ժամացույց|ինը|ինն անց կես
🕥	տասն անց կես	10|10:30|30|երեսուն|ժամացույց|տասը|տասն անց կես
🕦	տասնմեկն անց կես	11|11:30|30|երեսուն|ժամացույց|տասնմեկ|տասնմեկն անց կես
🕧	տասներկուսն անց կես	12|12:30|30|երեսուն|ժամացույց|տասներկու|տասներկուսն անց կես
🕺	պարող մարդ	մարդ|պար|պարող մարդ|պարող տղամարդ
🖕	միջնամատ	ձեռք|մատ|միջնամատ
🖖	վուլկանցիների ողջույն	ձեռք|մատ|մարմին|վուլկան|վուլկանցիների ողջույն
🖤	սև սիրտ	չար|սև|սիրտ
🗻	Ֆուջի լեռ	գագաթ|լեռ|սար|Ֆուձի|Ֆուձիյամա|ֆուջի
🗼	Տոկիոյի աշտարակ	աշտարակ|Տոկիո|Տոկիոյի աշտարակ
🗽	ազատության արձանը	ազատության արձանը|ազատություն|արձան
🗾	Ճապոնիայի քարտեզը	Ճապոնիա|Ճապոնիայի քարտեզը|քարտեզ
🗿	մոաի	արձան|դեմք|մոաի|մոայի
😀	ծիծաղող դեմք	դեմք|ծիծաղող դեմք|քմծիծաղել
😁	ծիծաղող դեմք ժպտացող աչքերով	աչք|դեմք|ժպտալ|ծիծաղող դեմք ժպտացող աչքերով|քմծիծաղել
😂	դեմք ուրախության արցունքներով	արցունք|դեմք|դեմք ուրախության արցունքներով|ծիծաղել|ուրախություն
😃	ժպտացող դեմք բաց բերանով	բաց|բերան|դեմք|ժպտալ|ժպտացող դեմք բաց բերանով
😄	ժպտացող աչքերով լայն ժպիտով դեմք	աչք|բաց|բաց բերնով ժպտացող դեմք՝ ժպտացող աչքերով|բերան|դեմք|ժպտալ|ժպտացող աչքերով լայն ժպիտով դեմք
😅	սառը քրտինքով լայն ժպիտով դեմք	բաց|դեմք|ժպտալ|ժպտացող դեմք բաց բերանով և սառը քրտինքով|սառը քրտինքով լայն ժպիտով դեմք|քրտինք
😆	աչքերը կկոցած լայն ժպիտով դեմք	աչքերը կկոցած լայն ժպիտով դեմք|բաց|բերան|գոհ|ժպտացող դեմք բաց բերանով և ամուր փակած աչքերով|ծիծաղել|քմծիծաղող շեղված դեմք
😇	ժպտացող դեմք լուսապսակով	անմեղ|դեմք|ժպիտ|ժպտացող դեմք լուսապսակով|լուսապսակ|հրեշտակ
😈	ժպտացող դեմք եղջյուրներով	դեմք|եղջյուրներ|ժպտալ|ժպտացող դեմք եղջյուրներով|հեքիաթ|ֆանտազիա
😉	աչքով անող դեմք	աչքով անել|աչքով անող դեմք|դեմք
😊	ժպտացող դեմք ժպտացող աչքերով	աչք|դեմք|ժպիտ|ժպտացող դեմք ժպտացող աչքերով|շիկնել
😋	համեղ ուտելիք վայելող դեմք	դեմք|ժպիտ|համեղ|համեղ ուտելիք վայելող դեմք|նյամ|վայելել
😌	թեթևացած դեմք	դեմք|թեթևացած
😍	ժպտացող դեմք սրտաձև աչքերով	աչք|դեմք|ժպիտ|ժպտացող դեմք սրտաձև աչքերով|սեր
😎	ժպտացող դեմք արևային ակնոցով	արև|արևային ակնոց|դեմք|զիլ|թույն|ժպտացող դեմք արևային ակնոցով
😏	կեղծ ժպտացող դեմք	դեմք|կեղծ ժպիտ|կեղծ ժպտացող դեմք
😐	չեզոք դեմք	անվրդով|դեմք|չեզոք
😑	անհույզ դեմք	անարտահայտիչ|անհույզ դեմք|առանց էմոցիաների|դեմք|ոչինչ չարտահայտող
😒	անտրամադիր դեմք	անտրամադիր|դեմք|դժբախտ
😓	սառը քրտինքով դեմք	դեմք|սառը|սառը քրտինքով դեմք|քրտինք
😔	մտածկոտ դեմք	դեմք|մռայլված|մտածկոտ
😕	շփոթված դեմք	դեմք|շփոթված
😖	ցնցված դեմք	դեմք|ցնցված
😗	համբուրող դեմք	դեմք|համբույր|համբուրող դեմք
😘	համբույր ուղարկող դեմք	դեմք|համբույր ուղարկող դեմք|օդային համբույր
😙	համբուրող դեմք ժպտացող աչքերով	աչք|դեմք|ժպտալ|համբուրել|համբուրող դեմք ժպտացող աչքերով
😚	համբուրող դեմք փակ աչքերով	աչք|դեմք|համբուրել|համբուրող դեմք փակ աչքերով|փակ
😛	լեզուն հանած դեմք	դեմք|լեզու|լեզուն հանած դեմք
😜	լեզուն հանած և աչքով անող դեմք	աչք|դեմք|լեզու|լեզուն հանած և աչքով անող դեմք|կատակ
😝	լեզուն հանած և աչքերն ամուր փակած դեմք	ահավոր|աչք|դեմք|լեզու|լեզուն հանած և աչքերն ամուր փակած դեմք|սարսափելի
😞	հիասթափված դեմք	դեմք|հիասթափված
😟	մտահոգ դեմք	անհանգստացած|դեմք|մտահոգ
😠	բարկացած դեմք	բարկացած|դեմք|զայրացած
😡	դժգոհ դեմք	բարկացած|դեմք|դժգոհ|զայրույթ|խենք|կարմիր
😢	արտասվող դեմք	արտասվել|արտասվող դեմք|արցունք|դեմք|տխուր
😣	համառող դեմք	դեմք|համառ|համառող դեմք
😤	քթից գոլորշի հանող դեմք	դեմք|հաղթած|հաղթանակ|քթից գոլորշի հանող դեմք
😥	տխուր, բայց թեթևացած դեմք	դեմք|թեթևացած|հիասթափված|հիասթափված բայց թեթևացած դեմք|տխուր|տխուր, բայց թեթևացած դեմք
😦	բաց բերանով խոժոռված դեմք	բաց|բաց բերանով խոժոռված դեմք|բերան|խոժոռ
😧	վշտահար դեմք	դեմք|վշտահար
😨	վախեցած դեմք	դեմք|սարսափած|վախ|վախեցած
😩	ուժասպառ դեմք	դեմք|հոգնած|ուժասպառ
😪	քնատ դեմք	դեմք|քնատ դեմք|քնել
😫	հոգնած դեմք	դեմք|հոգնած
😬	ծամածռվող դեմք	դեմք|ծամածռություն|ծամածռվող դեմք
😭	բարձրաձայն արտասվող դեմք	արցունք|բարձրաձայն|բարձրաձայն արտասվող դեմք|լաց|հեկեկալ|տխուր
😮	բաց բերանով դեմք	բաց|բաց բերանով դեմք|բերան|դեմք|համակրանք
😮‍💨	արտաշնչող դեմք	արտաշնչել|արտաշնչող դեմք|թեթևություն|հևալ|հևոց|հոգոց
😯	սաստված դեմք	ապշած|դեմք|զարմացած|սաստված
😰	բաց բերանով և սառը քրտինքով դեմք	բաց|բաց բերանով և սառը քրտինքով դեմք|բերան|դեմք|կապույտ|սառը|քրտինք
😱	վախից գոռացող դեմք	դեմք|ծամել|ճչալ|սարսափած|վախեցած|վախից գոռացող դեմք
😲	ապշահար դեմք	ամբողջովին|ապշահար|դեմք|ցնցված
😳	շիկնած դեմք	դեմք|հիացած|շիկնած
😴	քնած դեմք	դեմք|խռռ|քնած դեմք|քնել
😵	գլխապտույտով դեմք	գլխապտույտ|գլխապտույտով դեմք|դեմք
😵‍💫	պարուրաձև աչքերով դեմք	գլխապտույտ|շփոթմունք|պարուրաձև|պարուրաձև աչքերով դեմք|փորձանք
😶	առանց բերանի դեմք	առանց բերանի դեմք|բերան|դեմք|լուռ|հանգիստ
😷	բժշկական դիմակով դեմք	բժիշկ|բժշկական դիմակ|բժշկական դիմակով դեմք|հիվանդ|վարակ
😸	քմծիծաղող կատու ժպտացող աչքերով	աչք|դեմք|ժպիտ|կատու|քմծիծաղ|քմծիծաղող կատու ժպտացող աչքերով
😹	ուրախության արցունքներով կատու	արցունք|դեմք|կատու|ուրախության արցունքներով կատու|ուրախություն
😺	քմծիծաղող կատու	բաց|բերան|դեմք|ժպիտ|կատու|քմծիծաղ|քմծիծաղող կատու
😻	ժպտացող կատվի դեմք սրտաձև աչքերով	աչք|դեմք|ժպիտ|ժպտացող կատվի դեմք սրտաձև աչքերով|կատու|սեր|սիրտ
😼	ծուռ ժպիտով կատու	դեմք|ժպիտ|ծուռ ժպիտով կատու|կատու|հեգնական
😽	համբուրող կատու	աչք|դեմք|կատու|համբույր|համբուրող կատու
😾	դժգոհող կատու	դեմք|դժգոհ|դժգոհող կատու|կատու
😿	լացող կատու	արցունք|դեմք|լաց|լացող կատու|կատու|տխուր
🙀	հոգնած կատու	դեմք|զարմացած|կատու|հոգնած|օհ
🙁	թեթևակի խոժոռված դեմք	դեմք|թեթևակի խոժոռված դեմք|խոժոռ
🙂	թեթևակի ժպտացող դեմք	դեմք|թեթևակի ժպտացող դեմք|ժպիտ
🙃	գլխիվայր դեմք	գլխիվայր|դեմք
🙄	պտտվող աչքերով դեմք	աչքեր|դեմք|պտտվող|պտտվող աչքերով դեմք
🙅	ՈՉ ակնարկող անձ	արգելված|ժեստ|ձեռք|ոչ|ՈՉ ակնարկող անձ|ոչ ցույց տվող
🙆	ok ցույց տվող	ok|ok ցույց տվող|ժեստ|ձեռք
🙇	խոնարհվող անձ	ժեստ|խոնարհվել|խոնարհվող անձ|ներողություն|ներողություն խնդրել
🙈	չարություն չտեսնող կապիկ	արգելված|դեմք|ժեստ|կապիկ|չար|չարություն չտեսնող կապիկ|տեսնել
🙉	չարություն չլսող կապիկ	արգելված|դեմք|ժեստ|լսել|կապիկ|չար|չարություն չլսող կապիկ
🙊	չարություն չասող կապիկ	արգելված|դեմք|ժեստ|խոսել|կապիկ|չարություն չասող կապիկ|չարություն չասող կապիկար
🙋	ձեռքը բարձրացրած անձ	բարձրացված|երջանիկ|ժեստ|ձեռք|ձեռքը բարձրացրած անձ
🙌	բարձրացրած ձեռքեր	բարձրացված|բարձրացրած ձեռքեր|ժեստ|ձեռք|մարմին|ուռա|տոն
🙍	խոժոռված դեմքով անձ	ժեստ|խոժոռված|խոժոռված դեմքով անձ
🙎	դժգոհ անձ	դժգոհ|դժգոհ անձ|ժեստ
🙏	ձեռքերի ափերը միացված	աղոթել|ժեստ|խնդրել|խնդրում եմ|խոնարհվել|ձեռք|ձեռքերի ափերը միացված|մարմին|միացված|շնորհակալություն
🚀	հրթիռ	հրթիռ|տիեզերք|փոխադրամիջոց
🚁	ուղղաթիռ	ուղղաթիռ|փոխադրամիջոց
🚂	շոգեքարշ	գնացք|գոլորշի|երկաթուղի|շոգեքարշ|փոխադրամիջոց
🚃	երկաթուղային վագոն	գնացք|երկաթուղային վագոն|երկաթուղի|էլեկտրական|վագոն|տրամվայ|տրոլեյբուս|փոխադրամիջոց
🚄	ճեպընթաց գնացք	արագություն|գնացք|երկաթուղի|ճեպընթաց գնացք|սինկանսեն|փոխադրամիջոց
🚅	գերճեպընթաց գնացք	արագություն|գերարագ|գերճեպընթաց գնացք|երկաթգիծ|երկաթուղի|շինկանսեն|սինկանսեն
🚆	գնացք	գնացք|երկաթուղի|փոխադրամիջոց
🚇	մետրո	մետրո|փոխադրամիջոց
🚈	վերգետնյա մետրո	երկաթուղի|վերգետնյա մետրո|փոխադրամիջոց
🚉	կայարան	գնացք|երկաթուղի|կայարան|փոխադրամիջոց
🚊	տրամվայ	տրամվայ|տրոլեյբուս|փոխադրամիջոց
🚋	տրամվայի վագոն	վագոն|տրամվայ|տրամվայի վագոն|տրոլեյբուս|փոխադրամիջոց
🚌	ավտոբուս	ավտոբուս|փոխադրամիջոց
🚍	մոտեցող ավտոբուս	ավտոբուս|մոտեցող|փոխադրամիջոց
🚎	տրոլեյբուս	ավտոբուս|տրամվայ|տրոլեյբուս|փոխադրամիջոց
🚏	ավտոբուսի կանգառ	ավտոբուս|ավտոբուսի կանգառ|կանգառ
🚐	միկրոավտոբուս	ավտոբուս|միկրոավտոբուս|փոխադրամիջոց
🚑	շտապօգնության մեքենա	շտապ|շտապօգնության մեքենա|փոխադրամիջոց
🚒	հրշեջ մեքենա	բեռնատար|հրդեհ|հրշեջ մեքենա|փոխադրամիջոց|քարշակ
🚓	ոստիկանական մեքենա	ավտոմեքենա|ճո մեքենա|ոստիկանական մեքենա|ոստիկանություն|պարեկ|փոխադրամիջոց
🚔	մոտեցող ոստիկանական մեքենա	ավտոմեքենա|մոտեցող|մոտեցող ոստիկանական մեքենա|ոստիկանություն|փոխադրամիջոց
🚕	տաքսի	տաքսի|փոխադրամիջոց
🚖	մոտեցող տաքսի	մոտեցող|տաքսի|փոխադրամիջոց
🚗	ավտոմեքենա	ավտո|ավտոմեքենա|մեքենա|փոխադրամիջոց
🚘	մոտեցող ավտոմեքենա	ավտոմեքենա|մեքենա|մոտեցող|փոխադրամիջոց
🚙	ավտոֆուրգոն	ավտոֆուրգոն|փոխադրամիջոց
🚚	բեռնատար	առաքում|բեռնատար|փոխադրամիջոց
🚛	կցորդով բեռնատար	բեռնատար|կցորդ|կցորդով բեռնատար|փոխադրամիջոց
🚜	տրակտոր	տրակտոր|փոխադրամիջոց
🚝	մոնոռելս	մոնոռելս|փոխադրամիջոց
🚞	լեռնային երկաթուղի	երկաթուղի|լեռ|լեռնային երկաթուղի|վագոն|փոխադրամիջոց
🚟	կախովի երկաթուղի	երկաթուղի|կախովի|փոխադրամիջոց
🚠	լեռնային ճոպանուղի	գոնդոլա|լեռ|լեռնային ճոպանուղի|ճոպան|փոխադրամիջոց
🚡	օդային տրամվայ	գոնդոլա|ճոպան|ճոպանուղի|վագոն|տրամվայ|փոխադրամիջոց|օդային
🚢	նավ	նավ|փոխադրամիջոց
🚣	նավակ թիավարող անձ	թիանավակ|նավակ|նավակ թիավարող անձ
🚤	արագընթաց նավակ	արագընթաց նավակ|նավակ|փոխադրամիջոց
🚥	հորիզոնական լուսացույց	ազդանշան|երթևեկություն|լույս|լուսաֆոր|հորիզոնական լուսացույց
🚦	ուղղաձիգ լուսացույց	ազդանշան|երթևեկություն|լույս|լուսաֆոր|ուղղաձիգ լուսացույց
🚧	շինարարություն	արգելապատնեշ|շինարարություն
🚨	ոստիկանական մեքենայի փարոս	ավտոմեքենա|լույս|ոստիկանական մեքենայի փարոս|ոստիկանություն|պտտվող|փարոս|փոխադրամիջոց
🚩	եռանկյունի դրոշ	եռանկյունի դրոշ|փոստ
🚪	դուռ	դուռ
🚫	արգելված է	արգելված|արգելված է|մուտք|ոչ
🚬	ծխել	գլանակ|ծխել
🚭	չծխել	արգելված|ծխել|ոչ|չծխել
🚮	աղբամանի նշան	աղբ|աղբամանի նշան|աղբարկղ
🚯	չաղտոտել	աղբ|արգելված|ոչ|չաղտոտել
🚰	խմելու ջուր	խմել|խմելու|ջուր
🚱	ոչ խմելու ջուր	արգելված|խմել|խմելու|ոչ|ջուր
🚲	հեծանիվ	հեծանիվ|փոխադրամիջոց
🚳	առանց հեծանիվների	առանց հեծանիվների|արգելված|հեծանիվ|ոչ|փոխադրամիջոց
🚴	հեծանվորդ	հեծանիվ|հեծանվորդ
🚵	լեռնահեծանվորդ	լեռ|լեռնահեծանվորդ|հեծանիվ|հեծանվորդ
🚶	հետիոտն	զբոսանք|զբոսնել|հետիոտն|քայլել
🚷	հետիոտնների մուտքն արգելված է	արգելված|հետիոտն|հետիոտնների մուտքն արգելված է|ոչ
🚸	անցնող երեխաներ	անցնող|անցնող երեխաներ|երեխա|երթեւեկություն|հետիոտն
🚹	տղամարդկանց զուգարան	wc|զուգարան|տղամարդ|տղամարդկանց զուգարան
🚺	կանանց զուգարան	wc|զուգարան|կանանց զուգարան|կին
🚻	ընդհանուր զուգարան	wc|զուգարան|ընդհանուր զուգարան
🚼	նորածնի նշան	նորածին|նորածնի նշան|փոխել
🚽	զուգարանակոնք	զուգարան|զուգարանակոնք
🚾	զուգարան	wc|զուգարան|ջուր
🚿	ցնցուղ	ջուր|ցնցուղ
🛀	լոգանք ընդունող անձ	լոգանք ընդունող անձ|լոգասենյակ|լոգարան
🛁	լոգարան	լոգասենյակ|լոգարան
🛂	անձնագրային ստուգում	անձնագիր|անձնագրային ստուգում|անձնագրի ստուգում|ստուգում
🛃	մաքսատուն	մաքսային ծառայություն|մաքսատուն
🛄	ուղեբեռի վերաբերյալ բողոք	բողոք|ուղեբեռ|ուղեբեռի ստացում|ուղեբեռի վերաբերյալ բողոք
🛅	մոռացված ուղեբեռ	բեռ|մոռացված ուղեբեռ|ուղեբեռ|պահարան
🛌	մահճակալին պառկած անձ	հյուրանոց|մահճակալին պառկած անձ|քնել
🛐	աղոթատեղի	աղոթատեղի|կրոն|պաշտամունք
🛑	կանգ նշան	կանգ|նշան
🛒	գնումների զամբյուղ	գնումներ|գնումների զամբյուղ|զամբյուղ|սայլակ
🛕	հինդուիստական տաճար	հինդուիստական տաճար|հինուիզմ|տաճար
🛖	հյուղակ	գետնահյուղ|հյուղակ|յուրտ|տնակ
🛗	վերելակ	ամբարձիչ|հատուկ կարիքներ|վերելակ|վերհան
🛘	սողանք	աղետ|երկրաշարժ|ժայռեր|լեռ|ձնահոսք|սողանք|վտանգ
🛜	անլար	անլար|առցանց|ինտերնետ|կապ|ցանց
🛝	խաղահրապարակի սղարան	զբոսայգի|խաղ|խաղահրապարակ|խաղահրապարակի սղարան|պարկ|սղալ
🛞	անիվ	անիվ|անվադող|շրջան|պտույտ
🛟	փրկօղակ	անվտանգություն|փրկել|փրկօղակ|օղակ
🛫	օդանավի մեկնում	գրանցում|ինքնաթիռ|մեկնում|փոխադրամիջոց|օդանավի մեկնում
🛬	օդանավի ժամանում	ժամանող|ժամանում|վայրէջք|փոխադրամիջոց|օդանավ|օդանավի ժամանում
🛴	ինքնագլոր	ինքնագլոր|սկուտեր
🛵	սկուտեր	մոպեդ|սկուտեր
🛶	կանոէ	կանոէ|մակույկ|նավակ
🛷	սահնակ	սահնակ
🛸	թռչող ափսե	այլմոլորակային|թռչող ափսե
🛹	անվատախտակ	անվատախտակ|սքեյթ|սքեյթբորդ|տախտակ
🛺	ավտոռիկշա	ավտոռիկշա|թըխկ-թըխկ|ռիկշա|տաքսի
🛻	պիկապ	ավտոմեքենա|բեռնատար|պիկապ|փիքափ
🛼	անվաչմուշկ	անիվ|անվաչմուշկ|չմուշկ
🟠	նարնջագույն շրջան	նարնջագույն|շրջան
🟡	դեղին շրջան	դեղին|շրջան
🟢	կանաչ շրջան	կանաչ|շրջան
🟣	մանուշակագույն շրջան	մանուշակագույն|շրջան
🟤	դարչնագույն շրջան	դարչնագույն|շրջան
🟥	կարմիր քառակուսի	կարմիր|քառակուսի
🟦	կապույտ քառակուսի	կապույտ|քառակուսի
🟧	նարնջագույն քառակուսի	նարնջագույն|քառակուսի
🟨	դեղին քառակուսի	դեղին|քառակուսի
🟩	կանաչ քառակուսի	կանաչ|քառակուսի
🟪	մանուշակագույն քառակուսի	մանուշակագույն|քառակուսի
🟫	շագանակագույն քառակուսի	շագանակագույն|քառակուսի
🟰	հավասարության թանձր նշան	հավասարության թանձր նշան|հավասարություն|մաթեմատիկա
🤌	պտղունց	բացատրություն|ժեստ|հեգնանք|մատներ|պտղունց
🤍	սպիտակ սիրտ	սիրտ|սպիտակ
🤎	դարչնագույն սիրտ	դարչնագույն|սիրտ
🤏	պտղունց ցույց տվող ձեռք	պտղունց ցույց տվող ձեռք|փոքր քանակ|քիչ
🤐	ճարմանդավոր բերանով դեմք	բերան|դեմք|ճարմանդ|ճարմանդավոր բերանով դեմք|շղթա
🤑	թղթադրամը բերանին դեմք	բերան|դեմք|դրամ|թղթադրամը բերանին դեմք|փող
🤒	ջերմաչափով դեմք	դեմք|հիվանդ|ջերմաչափ|ջերմաչափով դեմք
🤓	խելոքի դեմք	գերազանցիկ|դեմք|խելացի|խելոքի դեմք
🤔	մտածող դեմք	դեմք|մտածող
🤕	գլխակապով դեմք	գլխակապ|գլխակապով դեմք|դեմք|վիրակապ|վնասվածք
🤖	ռոբոտ	դեմք|հրեշ|ռոբոտ
🤗	գրկող դեմք	գրկախառնում|գրկախառնվել|գրկող դեմք|դեմք
🤘	եղջյուրների նշան	եղջյուրներ|եղջյուրների նշան|ձեռք|մատ|մարմին
🤙	զանգիր ինձ	զանգել|զանգիր ինձ|ձեռք
🤚	ձեռքի բարձրացրած ափ	բարձրացրած|ձեռքի բարձրացրած ափ
🤛	բռունցքը ձախ	բռունցք|բռունցքը ձախ|ձախ
🤜	բռունցքը աջ	աջ|բռունցք|բռունցքը աջ
🤝	ձեռքսեղմում	համաձայնություն|հանդիպում|ձեռք|ձեռքսեղմում|սեղմել
🤞	խաչած մատներ	խաչած մատներ|խաչել|հաջողություն|ձեռք|մատ
🤟	«սիրում եմ քեզ» նշան	«սիրում եմ քեզ» նշան|ձեռք|սեռ
🤠	կովբոյի դեմք	գլխարկ|դեմք|կովբոյ|կովբոյի դեմք
🤡	ծաղրածուի դեմք	դեմք|ծաղրածու|ծաղրածուի դեմք
🤢	սրտխառնոցով դեմք	դեմք|սրտխառնոց|սրտխառնոցով դեմք|փսխում
🤣	ծիծաղից գլորվում է	գլորվել|դեմք|ծիծաղ|ծիծաղից գլորվում է
🤤	փսլնքոտ դեմք	դեմք|խլնքոտ|փսլնքոտ
🤥	խաբող դեմք	դեմք|խաբող դեմք|պինոկիո|սուտ
🤦	դեմքն ափով ծածկած անձ	անհանվատություն|դեմք|դեմքն ափով ծածկած անձ|ձեռքի ափ
🤧	փռշտացող դեմք	դեմք|փռշտացող դեմք|փռշտոց
🤨	բարձրացրած հոնքով դեմք	անհավատ|բարձրացրած հոնքով դեմք|կասկածանք
🤩	աչքերում աստղեր	աչքեր|աչքերում աստղեր|աստղեր|ծիծաղ
🤪	խենթ դեմք	աչք|խենթ դեմք|մեծ|փոքր
🤫	«սուս» անող դեմք	«սուս» անող դեմք|լուռ|լռություն|սուս
🤬	բերանի վրա նշանով դեմք	բերանի վրա նշանով դեմք|հայհոյանք|քֆուր
🤭	ձեռքը բերանին դեմք	ձեռքը բերանին դեմք|վայ
🤮	փսխող դեմք	սրտխառնոց|փսխող դեմք|փսխում
🤯	պայթող գլուխ	ապշած|ուղեղ|պայթող|պայթող գլուխ
🤰	հղի կին	կին|հղի
🤱	կրծքով կերակրում	կերակրում|կուրծք|կրծքով կերակրում|նորածին
🤲	ձեռքերի ափերը վեր	աղոթք|ձեռքերի ափերը վեր
🤳	սելֆի	լուսանկար|հեռախոս|սելֆի
🤴	արքայազն	արքայազն|իշխան
🤵	սմոկինգով մարդ	մարդ|սմոկինգ|սմոկինգով մարդ|փեսա
🤶	Ձմեռ տատ	Ձմեռ տատ|նոր տարի|սուրբ ծնունդ|տատիկ
🤷	ուսերը թոթվող անձ	անտարբերություն|արհամարանք|թոթվում է ուսերը|կասկած|ուսերը թոթվող անձ
🤸	ձեռնակոնծի կատարող անձ	ձեռնակոնծի կատարող անձ|մարդ|մարմնամարզություն|սպորտ
🤹	ձեռնածու	աճպարար|հավասարակշռություն|ձեռնածու|վարպետություն
🤺	սուսերամարտիկ	մարդ|սուսերամարտ|սուսերամարտիկ|սուր|սպորտ
🤼	ըմբշամարտիկներ	ըմբշամարտ|ըմբշամարտիկ|ըմբշամարտիկներ|մարդ|սպորտ
🤽	ջրագնդակ խաղացող անձ	մարդ|մարմնամարզություն|պոլո|ջուր|ջրագնդակ խաղացող անձ
🤾	ձեռնագնդակ խաղացող անձ	անձ|գնդակ|ձեռնագնդակ|ձեռնագնդակ խաղացող անձ|մարմնամարզություն
🤿	ջրադիմակ	դայվինգ|ջրադիմակ|սուզում|ստորջրյա լող
🥀	թառամած ծաղիկ	թառամած|ծաղիկ
🥁	թմբուկ	երաժշտություն|թմբուկ
🥂	զնգացող բաժակներ	բաժակ|զնգացող բաժակներ|զնգոց|ծլնգոց|նշել|տոնել
🥃	խոշոր բաժակ	բաժակ|գինի|խոշոր բաժակ|կոնյակ|վիսկի|օղի
🥄	գդալ	գդալ|սպասք
🥅	ֆուտբոլի դարպաս	գոլ|նպատակ|սպորտ|ֆուտբոլի դարպաս
🥇	ոսկե մեդալ	առաջին|մեդալ|ոսկե մեդալ|ոսկի
🥈	արծաթե մեդալ	արծաթ|արծաթե մեդալ|երկրորդ|մեդալ
🥉	բրոնզե մեդալ	բրոնզ|բրոնզե մեդալ|երրորդ|մեդալ
🥊	բռնցքամարտի ձեռնոց	բոքս|բռնցքամարտ|բռնցքամարտի ձեռնոց|սպորտ
🥋	մարտարվեստի համազգեստ	այկիդո|կարատե|կիմոնո|համազգեստ|մարտարվեստ|մարտարվեստի համազգեստ|սպորտ
🥌	քըրլինգի քար	խաղ|քար|քըրլինգի քար|քյորլինգ
🥍	լաքրոս	գնդակ|թիրախ|լաքրոս|փայտ
🥎	սոֆթբոլ	գնդակ|թևատակ|ձեռնոց|սոֆթբոլ
🥏	թռչող սկավառակ	թռչող ափսե|թռչող սկավառակ|նետել|սկավառակ
🥐	կրուասան	խմորեղեն|կրուասան|հաց|ուտելիք|ֆրանսիական
🥑	ավոկադո	ավոկադո|միրգ|ուտելիք
🥒	վարունգ	բանջարեղեն|ուտելիք|վարունգ
🥓	բեկոն	բեկոն|միս|ուտելիք
🥔	կարտոֆիլ	բանջարեղեն|կարտոֆիլ|ուտելիք
🥕	գազար	բանջարեղեն|գազար|ուտելիք
🥖	բագետ հաց	բագետ|հաց|ուտելիք|ֆրանսիական
🥗	աղցան	աղցան|բանջարեղեն|ուտելիք
🥘	տապակ	թավա|ուտելիք|պաելյա|տապակ|տապակա|տապակած
🥙	լցոնված լոշիկ	բրդուճ|գիրոս|լավաշ|լցոնված լոշիկ
🥚	ձու	ձու|ուտելիք
🥛	կաթով բաժակ	բաժակ|ըմպելիք|կաթ|կաթով բաժակ
🥜	գետնանուշ	գետնանուշ|ընդեղեն|ընկույզ|ուտելիք
🥝	կիվի	կիվի|միրգ|ուտելիք
🥞	ձիթաբլիթ	բլիթ|կրեպ|ձիթաբլիթ|ուտելիք
🥟	լցոնվածքներ	լցոնվածքներ|խինկալի|մանտի
🥠	գուշակությունով բլիթ	գուշակություն|գուշակությունով բլիթ
🥡	դուրս հանելու տուփ	դուրս հանելու տուփ|ոստրեների տուփ
🥢	փայտիկներ	հասի|փայտիկներ
🥣	գդալով աման	գդալով աման|նախաճաշ|շիլա
🥤	ձողիկով բաժակ	զովացուցիչ|ըմպելիք|կոլա|հյութ|ձողիկով բաժակ
🥥	կոկոս	արմավենի|կոկոս|պինյա կոլադա
🥦	բրոկկոլի	բրոկկոլի|վայրի կաղամբ
🥧	կարկանդակ	լցոնած|խմորեղեն|կարկանդակ
🥨	ոլորաբլիթ	բոկեղ|ոլորաբլիթ|ոլորած|սիմիթ
🥩	մսի կտոր	մսի կտոր|ոսկրամիս|տավար|փափկամիս
🥪	սենդվիչ	հաց|սենդվիչ
🥫	պահածո	պահածո
🥬	հազար	կաղամբ|հազար|մարոլ
🥭	մանգո	արևադարձային|մանգո|միրգ
🥮	լուսնային թխվածք	աշուն|լուսնային թխվածք|փառատոն
🥯	բեյգլ	բեյգլ|բուլկի|թխվածք
🥰	ժպտացող դեմք սրտիկներով	ժպիտ|ժպտացող դեմք սրտիկներով|սիրահարված|սրտիկներ
🥱	հորանջող դեմք	հոգնած|հորանջ|հորանջող դեմք|ձանձրացած
🥲	արցունքով ժպտացող դեմք	արցունք|արցունքով ժպտացող դեմք|ժպտացող|հպարտ|շնորհակալ
🥳	խնջույքավոր դեմք	գլխարկ|խնջույք|խնջույքավոր դեմք|ուրախություն|տոն
🥴	թմրած դեմք	գլխապտույտ|թմրած դեմք|թունավորում|հարբած|ճոճվող|սրտխառնոց
🥵	շոգած դեմք	հիվանդ|շոգ|շոգած դեմք|ջերմություն|տաքություն|տենդ
🥶	մրսած դեմք	դեմք|կապտած|մրսած|սառած|ցուրտ
🥷	նինջա	աննկատ|մարտիկ|նինջա|քողարկված
🥸	դիմակով դեմք	ակնոց|դիմակ|դիմակով դեմք|ինկոգնիտո|քիթ|քողարկված
🥹	արցունքը զսպած դեմք	արցունքը զսպած դեմք|դիմադրել|զայրացած|լացել|հպարտ|տխուր
🥺	աղաչող դեմք	աղաչող|աղաչող դեմք|արցունքներ|խնդրող
🥻	սարի	զգեստ|հագուստ|սարի
🥼	սպիտակ խալաթ	բժիշկ|գիտնական|սպիտակ խալաթ|փորձարկում
🥽	պաշտպանիչ ակնոց	աչքերի պաշտպանություն|զոդում|լող|պաշտպանիչ ակնոց
🥾	արշավային կոշիկ	արշավ|արշավային կոշիկ|զբոսաշրջություն|կոշիկ
🥿	տափակ կոշիկ	բալետի կոշիկ|լոֆեր|հողաթափ|տափակ կոշիկ
🦀	խաչափառ	խաչափառ|խեցգետին|կենդանակերպ
🦁	առյուծի մռութ	առյուծ|առյուծի մռութ|կենդանակերպ|մռութ
🦂	շագանակագույն կարիճ	թունավոր|կարիճ|կենդանակերպ|շագանակագույն կարիճ
🦃	հնդկահավ	թռչուն|հնդկահավ|հնդուհավ|փքված
🦄	միաեղջյուր	դեմք|միաեղջյուր|մռութ
🦅	արծիվ	արծիվ|թռչուն
🦆	բադ	բադ|թռչուն
🦇	չղջիկ	կենդանի|չղջիկ
🦈	շնաձուկ	ձուկ|շնաձուկ
🦉	բու	բու|թռչուն|իմաստուն
🦊	աղվես	աղվես|խորամանկ|մռութ
🦋	թիթեռ	գեղեցիկ|թիթեռ|միջատ
🦌	եղնիկ	եղնիկ|եղջերու|կենդանի
🦍	գորիլա	գորիլա|կապիկ|կենդանի|մարդանման|մռութ
🦎	մողես	մողես|սողուն
🦏	ռնգեղջյուր	կենդանի|ռնգեղջյուր
🦐	ծովախեցգետին	ծովախեցգետին|մանրածովախեցգետին|ուտելիք
🦑	կաղամար	կակղամորթ|կաղամար|ուտելիք
🦒	ընձուղտ	ընձուղտ|պուտեր
🦓	զեբր	բիծ|զեբր
🦔	ոզնի	ոզնի|փշավոր
🦕	զավրոպոդ	բրախիոզավր|բրոնտոզավր|դիպլոդոկ|զավրոպոդ
🦖	տիրանոզավր ռեքս	տիրանոզավր ռեքս
🦗	ծղրիդ	ծղրիդ|մորեխ
🦘	ագեվազ	ագեվազ|Ավստրալիա|պարկավոր|ցատկող
🦙	լամա	ալպակա|բուրդ|գուանակո|լամա
🦚	սիրամարգ	թռչուն|հպարտ|սիրամարգ|սնապարծ
🦛	գետաձի	գետաձի
🦜	թութակ	թութակ|թռչուն|խոսոց|ծովահեն
🦝	ջրարջ	խորամանկ|հետաքրքրասեր|ջրարջ
🦞	օմար	խեցգետին|ծովամթերք|օմար
🦟	մոծակ	հիվանդություն|մալարիա|միջատ|մոծակ|վարակ|տենդ
🦠	մանրէ	ամեոբա|բակտերիա|մանրէ|վիրուս
🦡	փորսուղ	գորշուկ|ձանձրացնել|փորսուղ
🦢	կարապ	անճոռնի ճուտիկ|թռչուն|կարապ
🦣	մամոնտ	անհետացող|բրդոտ|ժանիք|խոշոր|մամոնտ
🦤	դոդո	անհետացում|դոդո|Մավրիկիոս|մեծ
🦥	համրուկ	դանդաղաշարժ|ծույլ|համրուկ
🦦	ջրասամույր	ժիր|ձկնորս|ջրասամույր
🦧	օրանգուտան	կապիկ|մարդակապիկ|մարդանման|օրանգուտան
🦨	ժանտաքիս	գարշահոտ|ժանտաքիս
🦩	ֆլամինգո	արևադարձային|ցայտուն|ֆլամինգո
🦪	ոստրե	խեցի|մարգարիտ|ոստրե|սուզում
🦫	կուղբ	ամբարտակ|կուղբ|սուր ատամներ
🦬	բիզոն	բիզոն|գոմեշ|նախիր
🦭	փոկ	ծովառյուծ|փոկ
🦮	ուղեկցող շուն	կույր|հաշմանդամ|ուղեկցող շուն|ուղեվար
🦯	ձեռնափայտ	կույր|հաշմանդամ|ձեռնափայտ
🦴	ոսկոր	կմախք|ոսկոր
🦵	ոտք	հարվածել|ոտք|վերջույթ
🦶	ոտնաթաթ	հարվածել|ոտնաթաթ|տրորել
🦷	ատամ	ատամ|ատամնաբույժ
🦸	սուպերհերոս	գերուժ|լավ|հերոս|հերոսուհի|սուպերհերոս
🦹	սուպերչարագործ	գերուժ|գերչարագործ|հանցագործ|չարագործ|չարիք|սուպերչարագործ
🦺	փրկաբաճկոն	անվտանգություն|արտակարգ իրավիճակ|բաճկոն|փրկաբաճկոն|փրկություն
🦻	լսողական սարքով ականջ	լսողական սարքով ականջ|խուլ|հաշմանդամ
🦼	մոտոսայլակ	հաշմանդամ|մոտոսայլակ
🦽	ձեռքով կառավարվող անվասայլակ	հաշմանդամ|ձեռքով կառավարվող անվասայլակ
🦾	մեխանիկական ձեռք	հաշմանդամ|մեխանիկական ձեռք|պրոթեզ
🦿	մեխանիկական ոտք	հաշմանդամ|մեխանիկական ոտք|պրոտեզ
🧀	պանրի կտոր	պանիր|պանրի կտոր
🧁	կեքս	թխվածք|կեքս|քաղցրավենիք
🧂	աղ	աղ|համեմունք|հավելում
🧃	խմիչքի տուփ	խմիչքի տուփ|հյութի տուփ
🧄	սխտոր	համեմունք|սխտոր
🧅	սոխ	համեմունք|սոխ
🧆	ֆալաֆել	մսագնդիկ|սիսեռ|ֆալաֆել
🧇	վաֆլի	աղանդեր|նախաճաշ|վաֆլի
🧈	կարագ	կաթնամթերք|կարագ
🧉	մատե	ըմպելիք|խմիչք|մատե
🧊	սառույց	սառը|սառույց|սառցաբեկոր
🧋	պղպջակներով թեյ	թեյ|կաթ|մարգարիտ|պղպջակ|պղպջակներով թեյ
🧌	տրոլլ	հեքիաթ|հորինվածք|հրեշ|չարք|տրոլլ
🧍	կանգնած անձ	կանգնած|կանգնած անձ|կանգնել
🧎	ծնկաչոք անձ	ծնկաչոք անձ|չոքած|չոքել
🧏	խուլ անձ	ականջ|լսողություն|խուլ|խուլ անձ|հաշմանդամ
🧐	մոնոկլով դեմք	բարձրամիտ|խստաբարո|մոնոկլով դեմք
🧑	անձ	անձ|մեծահասակ|չափահաս|չեզոք սեռ
🧑‍🌾	ֆերմեր	ագարակատեր|այգեպան|ֆերմեր
🧑‍🍳	խոհարար	խոհարար|շեֆ
🧑‍🍼	երեխային կերակրող անձ	անձ|երեխա|երեխային կերակրող անձ|խնամք|կերակրում
🧑‍🎄	Ձմեռ պապ	հեքիաթ|Ձմեռ պապ|ուրախ|Սուրբ Ծնունդ|տոն|տոնակատարություն
🧑‍🎓	ուսանող	աշակերտ|շրջանավարտ|ուսանող
🧑‍🎤	երգիչ	աստղ|արտիստ|դերասան|երգիչ|կատարող|ռոք
🧑‍🎨	նկարիչ	գեղանկարիչ|գունապնակ|նկարիչ
🧑‍🏫	ուսուցիչ	դասախոս|դասատու|ուսուցիչ
🧑‍🏭	բանվոր	աշխատող|արդյունաբերություն|բանվոր|գործարան
🧑‍💻	տեխնիկական մասնագետ	գյուտարար|ծրագրակազմ|ծրագրային ապահովում|ծրագրավորող|մշակող|տեխնիկական մասնագետ
🧑‍💼	գրասենյակային աշխատող	գործարար|գրասենյակային աշխատող|կառավարիչ|ճարտարապետ|սպիտակ օձիք
🧑‍🔧	փականագործ	արհեստավոր|էլեկտրիկ|մեխանիկ|ջրմուղագործ|փականագործ
🧑‍🔬	գիտնական	գիտնական|ինժեներ|կենսաբան|քիմիկոս|ֆիզիկոս
🧑‍🚀	տիեզերագնաց	հրթիռ|տիեզերագնաց|տիեզերանավ
🧑‍🚒	հրշեջ	հրդեհաշեջ|հրշեջ|հրշեջ մեքենա
🧑‍🤝‍🧑	իրար ձեռք բռնած մարդիկ	բռնել|զույգ|իրար ձեռք բռնած մարդիկ|ձեռք
🧑‍🦯	ձեռնափայտով անձ	կույր|հաշմանդամ|հատուկ կարիքներ|ձեռնափայտով անձ
🧑‍🦼	մոտորասայլակով անձ	անվասայլակ|հաշմանդամ|մոտորասայլակով անձ
🧑‍🦽	ձեռքով կառավարվող սայլակով անձ	անվասայլակ|հաշմանդամ|ձեռքով կառավարվող սայլակով անձ
🧑‍🧑‍🧒	ընտանիք․ մեծահասակ, մեծահասակ, երեխա	երեխա|ընտանիք․ մեծահասակ|ընտանիք․ մեծահասակ, մեծահասակ, երեխա|մեծահասակ
🧑‍🧑‍🧒‍🧒	ընտանիք․ մեծահասակ, մեծահասակ, երեխա, երեխա	երեխա|ընտանիք․ մեծահասակ|ընտանիք․ մեծահասակ, մեծահասակ, երեխա, երեխա|մեծահասակ
🧑‍🧒	ընտանիք․ մեծահասակ, երեխա	երեխա|ընտանիք․ մեծահասակ|ընտանիք․ մեծահասակ, երեխա
🧑‍🧒‍🧒	ընտանիք․ մեծահասակ, երեխա, երեխա	երեխա|ընտանիք․ մեծահասակ|ընտանիք․ մեծահասակ, երեխա, երեխա
🧑‍🩰	բալետ պարող	բալետ|պարող
🧒	երեխա	երեխա|փոքրիկ
🧓	տարեց անձ	ծեր|չեզոք սեռ|տարեց|տարեց անձ|տարեց մարդ
🧔	անձ․ մորուք	անձ․ մորուք|մորուք
🧕	գլխաշորով կին	գլխաշոր|գլխաշորով կին|հիջաբ
🧖	մարդ բաղնիքում	բաղնիք|մարդ բաղնիքում|սաունա
🧗	մագլցող անձ	մագլցող|մագլցող անձ
🧘	լոտոսի դիրքով նստած մարդ	լոտոսի դիրքով նստած մարդ|մեդիտացիա|յոգա
🧙	մոգ	կախարդ|մոգ
🧚	փերի	Տիտանիա|փերի|Օբերոն
🧛	վամպիր	ատամներ|արյուն|Դրակուլա|վամպիր
🧜	մարդաձուկ	մարդաձուկ|ջրահարս|տրիտոն
🧝	էլֆ	էլֆ|կախարդական|կախարդանք|հեքիաթ
🧞	ջին	հեքիաթ|ջին
🧟	զոմբի	զոմբի|կենդանի|մարդ|մեռել
🧠	ուղեղ	խելացի|ուղեղ
🧡	նարնջագույն սիրտ	նարնջագույն|սիրտ
🧢	հովարով գլխարկ	բեյսբոլ|գլխարկ|հովարով գլխարկ
🧣	վզկապ	պարանոց|վզկապ
🧤	ձեռնոցներ	ձեռնոցներ|ձեռք
🧥	վերարկու	բաճկոն|վերարկու
🧦	գուլպաներ	գուլպաներ|զուգագուլպա
🧧	կարմիր ծրար	կարմիր ծրար|հաջողություն|հոնգբաո|նվեր|փող
🧨	ճայթռուկ	դինամիտ|հրավարություն|ճայթռուկ|պայտուցիկ
🧩	խճաղաղի կտոր	գլուխկոտրուկ|խճաղաղի կտոր|կտոր|փազլ
🧪	փորձանոթ	գիտություն|լաբորատորիա|փորձ|փորձանոթ|քիմիա|քիմիկոս
🧫	Պետրիի պնակ	բակտերիա|լաբորատորիա|կենսաբան|կենսաբանություն|կուլտուրա|Պետրիի պնակ
🧬	դնթ	գենետիկա|դնթ|էվոլյուցիա|կենսաբան|կենսաբանություն
🧭	կողմնացույց	կողմնացույց|կողմնորոշում|մագնիսային|նավարկում
🧮	համրիչ	համրիչ|հաշվիչ
🧯	կրակմարիչ	կրակ|կրակմարիչ|հրդեհ|մարում
🧰	գործիքների արկղ	արկղ|գործիք|գործիքների արկղ|վարպետ
🧱	աղյուս	աղյուս|աղյուսներ|կավ|շինանյութ|պատ
🧲	մագնիս	ձգողություն|մագնիս|մագնիսային|պայտ
🧳	ուղեբեռ	ճամպրուկ|ճամփորդություն|ուղեբեռ
🧴	լոսիոնի շիշ	լոսիոն|լոսիոնի շիշ|խոնավացնող|շամպուն
🧵	թել	ասեղ|թել|կար|կոճ
🧶	մանվածք	թել|կծիկ|հելուն|մանվածք
🧷	անվտանգ քորոց	անգլիական քորոց|անվտանգ քորոց|տակդիր|փանկ ռոք
🧸	փափուկ արջուկ	խաղալիք|փափուկ|փափուկ արջուկ
🧹	ավել	ավել|ավլում|կախարդ|մաքրում
🧺	զամբյուղ	գյուղատնտեսություն|զամբյուղ|լվացք|պիկնիկ
🧻	թղթի գլան	զուգարանի թուղթ|թղթե սրբիչ|թղթի գլան
🧼	օճառ	լոգանք|մաքրություն|փրփուր|օճառ
🧽	սպունգ	ծակոտիներ|մաքրություն|ներծծում|սպունգ
🧾	անդորրագիր	անդորրագիր|ապացույց|հաշվապահություն|վկայություն
🧿	աչքի ուլունք	աչքաուլունք|աչքի ուլունք|թալիսման|համայիլ|ուլունք
🩰	բալետի կոշիկ	բալետ|բալետի կոշիկ|պար
🩱	միակտոր լողազգեստ	լողազգեստ|միակտոր լողազգեստ
🩲	լողավարտիք	անդրավարտիք|լողազգեստ|լողավարտիք|ներքնազգեստ
🩳	կարճավարտիք	լողավարտիք|կարճ|կարճավարտիք|ներքնազգեստ|վարտիք|տաբատ
🩴	ռետինե հողաթափեր	լողափի հողաթափեր|կոշիկներ|ռետինե հողաթափեր|սանդալներ|վյետնամական հողաթափեր
🩵	բաց կապույտ սիրտ	բաց կապույտ սիրտ|երկնագույն|կապույտ|սիրտ|սրտիկ
🩶	մոխրագույն սիրտ	արծաթագույն|գորշ|մոխրագույն|սիրտ|սրտիկ
🩷	վարդագույն սիրտ	սեր|սիրում եմ|սիրտ|սրտիկ|վարդագույն
🩸	արյան կաթիլ	արյան դոնոր|արյան կաթիլ|բժշկություն|դաշտան
🩹	սպեղանի	սպեղանի
🩺	ստեթոսկոպ	բժիշկ|բժշկություն|սիրտ|ստեթոսկոպ
🩻	ռենտգենյան ճառագայթներ	բժիշկ|բժշկական|կմախք|ոսկոր|ռենտգենյան ճառագայթներ
🩼	հենակ	հաշմանդամություն|հենակ|ձեռնափայտ|վնասվածք
🪀	յո-յո	խաղալիք|ճոճվող|յո-յո
🪁	օդապարուկ	թռչել|սավառնել|օդապարուկ
🪂	անկարգել	անկարգել|պարաշյուտ
🪃	բումերանգ	ավստրալիա|բումերանգ|հետևանքներ|վերադարձ
🪄	կախարդական փայտիկ	կախարդ|կախարդական փայտիկ|կախարդանք|մոգ
🪅	պինյատա	խնջույք|պինյատա|տոնակատարություն|քեֆ
🪆	մատրյոշկա	մատրյոշկա|ռուսաստան|տիկնիկ
🪇	մարակաս	գործիք|երաժշտություն|հարվածային|մարակաս|չխկչխկան|պերկուսիա
🪈	սրինգ	գործիք|երաժշտություն|սրինգ|փայտափողային|փողային|ֆլեյտա
🪉	տավիղ	գործիք|երաժշտություն|Կուպիդոն|նվագախումբ|սեր|տավիղ
🪊	տրոմբոն	գործիք|երաժշտություն|նվագարան|ջազ|տխուր|փողային
🪎	գանձատուփ	ավար|արժեքներ|արծաթ|թանկարժեք քար|թանկարժեք քարեր|հարստություն|մրցանակ|ոսկի|փող
🪏	թիակ	բահը|թիակ|շերեփ|փոս|փորել
🪐	օղակներով մոլորակ	Երևակ|Սատուրն|օղակներով մոլորակ
🪑	աթոռ	աթոռ|նստատեղ|նստել
🪒	ածելի	ածելի|սափրիչ|սափրվել|սուր
🪓	կացին	կացին|կտրել|փայտ
🪔	դիյա լամպ	դիյա|լամպ|յուղ
🪕	բանջո	բանջո|երաժշտություն|լարային
🪖	զինվորական սաղավարտ	բանակ|զինվոր|զինվորական|մարտիկ|սաղավարտ
🪗	ակորդեոն	ակորդեոն|հարմոն
🪘	կոնգա	թմբուկ|կոնգա|ռիթմ
🪙	մետաղադրամ	արծաթ|գանձ|դրամ|մետալ|մետաղադրամ|ոսկի
🪚	սղոց	ատաղձագործ|գործիք|սղոց|փայտ
🪛	պտուտակիչ	գործիք|պտուտակ|պտուտակիչ
🪜	սանդուղք	աստիճան|բարձրանալ|սանդուղք
🪝	կեռ	բռնել|կարթ|կեռ
🪞	հայելի	արտացոլություն|արտացոլում|հայելի
🪟	պատուհան	թարմ|թափանցիկ|լուսամուտ|շրջանակ|պատուհան|տեսարան
🪠	վանտուզ	զուգարան|խցանում|ջրմուղ|սանհանգույց|վանտուզ
🪡	ասեղ	ասեղ|ասեղնագործ|դերձակ|թել
🪢	հանգույց	կապ|հանգույց|պարան|քարկապ
🪣	դույլ	դույլ|թիթեղաման
🪤	մկան թակարդ	թալակ|թակարդ|ծուղակ|մկան թակարդ|որոգայթ
🪥	ատամի խոզանակ	ատամի խոզանակ|ատամներ|լոգասենյակ|լոգարան|խոզանակ|հիգիենա|մաքուր
🪦	շիրմաքար	գերեզման|գերեզմանատուն|գերեզմանաքար|շիրմաքար|տապանաքար
🪧	պաստառ	բողոք|հանրահավաք|պաստառ|ցույց
🪨	քար	ամուր|գլաքար|ժայռ|ծանր|քար
🪩	շողագունդ	դիսկո|խնջույք|շողագունդ|փայլեր
🪪	նույնացուցիչ քարտ	ID|անձի հաստատում|անվտանգություն|նույնականացում|նույնացուցիչ|նույնացուցիչ քարտ|վկայական
🪫	լիցքաթափված մարտկոց	էլեկտրոնիկ|լիցքաթափված մարտկոց|քիչ էներգիա
🪬	հնգմատ	համայիլ|հնգմատ|ձեռքի|Մերի|Միրիամ|պաշտպանություն|Ֆաթիմա
🪭	ձեռքի հովհար	ամաչկոտ|հով|ձեռքի հովհար|շոգ|պարել
🪮	սանրիկ	աֆրո|մազեր|սանր|սանրիկ|վարսեր
🪯	քանդա	քանդա
🪰	ճանճ	թրթուր|հիվանդություն|ճանճ|վնասատու|փտում
🪱	որդ	անձրևորդ|ճիճու|մակաբույծ|որդ|օղակավոր որդ
🪲	բզեզ	բզեզ|միջատ
🪳	ուտիճ	խավարասեր|միջատ|ուտիճ
🪴	թաղարով բույս	աճեցնել|բույս|թաղարով բույս|խնամք|ձանձրալի|տուն
🪵	փայտ	գերան|փայտ|փայտանյութ
🪶	փետուր	թեթև|թռիչք|թռչուն|փետուր|փետուրներ
🪷	լոտոս	բուդդայականություն|լոտոս|ծաղիկ|հինդուականություն|Հնդկաստան|սրբություն|Վիետնամ
🪸	բուստ	բուստ|խութ|կորալ|ովկիանոս
🪹	դատարկ բույն	բնադրում|բույն|դատարկ|ճյուղ|տուն
🪺	ձվերով բույն	բնադրում|բույն|թռչուն|ձու|ձվեր|ճյուղ
🪻	հակինթ	գարուն|թուփ|ծաղիկ|ծաղկում|հակինթ|մանուշակ|նարդոս
🪼	ծովամայր	ծովամայր
🪽	թև	ավիացիա|դիցաբանություն|թև|թռչող|թռչուն|հրեշտակ
🪾	անտերեւ ծառ	անպտուղ|անտերեւ ծառ|երաշտ|ձմեռ
🪿	սագ	ընտանի|թռչուն|սագ
🫀	կազմաբանական սիրտ	զարկ|զարկերակ|կազմաբանական սիրտ|կենտրոն|սրտաբանություն|օրգան
🫁	թոքեր	արտաշնչել|թոքեր|ներշնչել|շնչառություն|շունչ|օրգան
🫂	գրկախառնվող մարդիկ	բարև|գրկախառնություն|գրկախառնվող մարդիկ|հրաժեշտ|ողջույն|ցտեսություն
🫃	հղի տիկին	կին|հղի|հղի տիկին
🫄	հղի անձ	անձ|հղի
🫅	թագով հանձ	ազնվական|արքայական|թագով հանձ|միապետ
🫆	մատնահետք	անվտանգություն|դատաբժշկական փորձաքննություն|ինքնություն|մատնահետք
🫈	մազոտ արարած	անտառ|թաքնէ|հսկա|ձյան մարդ|մազոտ|մեծոտն|յետի|սառցի մարդ
🫍	խոյադելֆին	ծովային|կետ|օվկիանոս
🫎	որմզդեղն	եղջյուրներ|կաթնասուն|կենդանի|որմզդեղն
🫏	էշ	էշ|ընտանի|կաթնասուն|կամակոր|կենդանի|ջորի
🫐	հապալաս	կապույտ|հապալաս|հատապտուղ
🫑	տաքդեղ	բանջարեղեն|պղպեղ|տաքդեղ
🫒	ձիթապտուղ	զեյթուն|ձիթապտուղ|ուտելիք
🫓	լոշիկ	արեպա|լավաշ|լոշիկ|պիտա
🫔	տամալե	բրդուճ|մեքսիկական|պատառ|տամալե
🫕	ֆոնդյու	կճուճ|հալած|շոկոլադ|շվեյցարական|պանիր|ֆոնդյու
🫖	թեյնիկ	ըմպելիք|թեյ|թեյնիկ|խմիչք
🫗	հեղուկի լցում	բաժակ|դատարկել|ըմպելիք|լցնել|խմիչք|հեղուկի լցում
🫘	լոբի	բակլա|լոբի|սնունդ
🫙	ապիկ	աման|անոթ|ապիկ|դատարկ|պահածո|տարա
🫚	կոճապղպեղի արմատ	արմատ|իմբիր|կոճապղպեղի արմատ|համեմունք|տաքկոճ
🫛	սիսեռապատիճ	բանջարեղեն|լոբազգի|ոլոռ|սիսեռ|սիսեռապատիճ
🫜	արմատապտուղ	այգի|արմատ|բուսական|ճակնդեղ|շաղգամ
🫟	ցայտ	բիծ|թափվել|հոլի|ներկ|ցփնել
🫠	հալչող դեմք	անհայտանալ|լուծվել|հալչել|հալչող դեմք|հեղուկ
🫡	ողջունող դեմք	արևոտ|բանակ|եղավ|լավ|ողջույն|ողջունող դեմք|ոնց ասես
🫢	բաց աչքերով դեմք եւ ձեռքով՝ բերանի վրա	բաց աչքերով դեմք եւ ձեռքով՝ բերանի վրա
🫣	ծկրակող աչքով դեմք	աչք դնել|զննել|ծկրակող աչքով դեմք|հմայված
🫤	անկյունագծային բերանով դեմք	անկյունագծային բերանով դեմք|անհետաքրքիր|անվստահ|հիասթափված|հոռետեսական
🫥	կետագծված դեմք	անհետանալ|անտեսանելի|ընկճված|թաքնվել|կետագծված դեմք|ներփակված
🫦	շուրթ կծել	անհանգստացած|անհանգստություն|անհարմար|նյարդային|շուրթ կծել|սիրախաղ|վախ
🫧	պղպջակներ	կեղտոտ|մաքուր|պղպջակներ|ստորջրյա|օճառ
🫨	ցնցվող դեմք	երկրաշարժ|հարված|շոկ|վիբրացիա|ցնցում|ցնցվող դեմք
🫩	աչքերի տակ պարկերով դեմք	աչքերի տակ պարկերով դեմք|հոգնած|ուժասպառ|քնկոտ
🫪	այլայլված դեմք	անհանգստություն|զարմացած|խոցելի|խուճապ|ցնցված|փքվածություն
🫯	կռվի ամպ	անհամաձայնություն|բանավեճ|իրարանցում|կռիվ|մարտ|վեճ
🫰	ցուցամատը եւ բութը խաչած ձեռք	դրամ|թանկ|ճտտացնել|սեր|սիրտ|ցուցամատը եւ բութը խաչած ձեռք
🫱	աջակողմ ձեռք	աջ|աջակողմ|ձեռք
🫲	ձախակողմ ձեռք	ձախ|ձախակողմ|ձեռք
🫳	ձեռքը ափով ներքև	գցել|հրաժարվել|ձեռքը ափով ներքև|ներքև|վար
🫴	ափը՝ վեր ձեռք	առաջարկ|արի|ափը՝ վեր ձեռք|բռնել|կանչել
🫵	դիտողին ուղղված ցուցամատ	դիտողին ուղղված ցուցամատ|դուք|ցուցամատ
🫶	սիրտ-ձեռքեր	սեր|սիրտ-ձեռքեր
🫷	դեպի ձախ հրող ձեռք	գնա|դեպի ձախ|դեպի ձախ հրող ձեռք|կանգնիր|հրաժարվել|հրել|ոչ|սպասիր
🫸	դեպի աջ հրող ձեռք	գնա|դեպի աջ|դեպի աջ հրող ձեռք|կանգնիր|հրաժարվել|հրել|ոչ|սպասիր
