⌚	zegarek	godzina|zegarek
⌛	klepsydra	czas|klepsydra|odmierzać|piasek
⏩	przycisk szybkiego przewijania do przodu	do przodu|podwójna|przewiń|przycisk szybkiego przewijania do przodu|strzałka|szybkie przewijanie|trójkąt
⏪	przycisk szybkiego przewijania do tyłu	do tyłu|podwójna|przewiń|przycisk szybkiego przewijania do tyłu|strzałka|szybkie przewijanie|trójkąt|w lewo|wstecz
⏫	przycisk „szybko w górę”	do góry|podwójna|przycisk „szybko w górę”|strzałka|w górę
⏬	przycisk „szybko w dół”	na dół|podwójna|przycisk „szybko w dół”|strzałka|w dół
⏰	budzik	budzik|zegar
⏳	klepsydra z przesypującym się piaskiem	czas|klepsydra|klepsydra z przesypującym się piaskiem|odmierzać|piasek
◽	mały/średni biały kwadrat	biały|figura geometryczna|kwadracik|kwadrat|mały/średni biały kwadrat
◾	mały/średni czarny kwadrat	czarny|figura geometryczna|kwadrat|mały|mały/średni czarny kwadrat
☔	parasol z kroplami deszczu	deszcz|opady|pada|parasol|parasol z kroplami deszczu|parasolka|pogoda
☕	gorący napój	filiżanka|gorąca|gorący|herbata|kawa|napój|parująca|picie
♈	Baran	baran|Baran|znak zodiaku|zodiak
♉	Byk	byk|Byk|znak zodiaku|zodiak
♊	Bliźnięta	bliźnięta|Bliźnięta|znak zodiaku|zodiak
♋	Rak	rak|Rak|znak zodiaku|zodiak
♌	Lew	lew|Lew|znak zodiaku|zodiak
♍	Panna	panna|Panna|znak zodiaku|zodiak
♎	Waga	waga|Waga|znak zodiaku|zodiak
♏	Skorpion	skorpion|Skorpion|znak zodiaku|zodiak
♐	Strzelec	strzelec|Strzelec|znak zodiaku|zodiak
♑	Koziorożec	koziorożec|Koziorożec|znak zodiaku|zodiak
♒	Wodnik	wodnik|Wodnik|znak zodiaku|zodiak
♓	Ryby	ryby|Ryby|znak zodiaku|zodiak
♿	symbol wózka inwalidzkiego	dostępność|inwalida|inwalidzki|inwalidzkiego|na wózku|niepełnosprawność|niepełnosprawny|symbol|wózek|wózka|znak
⚓	kotwica	kotwica|morze|ocean|okręt|przyrząd|statek
⚡	wysokie napięcie	błysk|błyskawica|elektryczność|napięcie|niebezpieczeństwo|piorun|prąd|wysokie napięcie
⚪	białe koło	białe|figura geometryczna|kółko|koło
⚫	czarne koło	czarne|figura geometryczna|kółko|koło
⚽	piłka nożna	futbolówka|mecz|nożna|piłka|sport
⚾	baseball	baseball|mecz|piłka|sport
⛄	bałwanek bez śniegu	bałwan|bałwan bez śniegu|bałwanek|bałwanek bez śniegu|pogoda|śnieg|zabawa na śniegu|zimno
⛅	słońce zza chmury	chmura|pogoda|słońce|słońce zza chmury
⛎	Wężownik	wężownik|Wężownik|znak zodiaku|zodiak
⛔	zakaz wjazdu	wejście|wstęp|zabroniony|zakaz|zakaz wjazdu
⛪	kościół	chrześcijański|kościół|krzyż|religia|świątynia
⛲	fontanna	fontanna
⛳	flaga w dołku	flaga w dołku|golf|otwór|pole golfowe|sport
⛵	żaglówka	jacht|łódka|łódź|morze|statek|wakacje|żaglówka
⛺	namiot	kemping|namiot|obóz|pole namiotowe
⛽	dystrybutor paliwa	benzyna|dystrybutor|dystrybutor paliwa|stacja benzynowa|stacja paliw|tankować
✅	przycisk ze znacznikiem wyboru	parafka|przycisk ze znacznikiem wyboru|ptaszek|tak|zaznaczenie|znacznik wyboru
✊	wzniesiona pięść	pięść|ręka|uniesiona|wzniesiona pięść|zaciśnięta
✋	wzniesiona dłoń	dłoń|ręka|stop|uwaga|wzniesiona dłoń
✨	gwiazdki	*|błysk|gwiazda|gwiazdki|gwiazdy|iskry|noc|świecący|świeci
❌	znak krzyżyka	×|anuluj|czerwony|krzyżyk|mnożenie|x|znak|znak krzyżyka|znak mnożenia
❎	przycisk z krzyżykiem	anuluj|iks|iks w kwadracie|krzyżyk w kwadracie|mnożenie|przycisk z krzyżykiem|x
❓	czerwony znak zapytania	?|co?|czerwony znak zapytania|o co chodzi|o co chodzi?|pytajnik|pytanie|znak zapytania
❔	biały znak zapytania	?|biały znak zapytania|co?|o co chodzi?|pytajnik|pytanie|znak zapytania
❕	biały wykrzyknik	!|biały wykrzyknik|krzyk|okrzyk|wykrzyknik
❗	czerwony wykrzyknik	!|czerwony wykrzyknik|krzyk|okrzyk|wykrzyknik
➕	znak plus	+|dodać|dodawać|dodawanie|matematyka|plus|znak
➖	znak minus	-|−|matematyka|minus|odejmowanie|odjąć|znak
➗	znak dzielenia	÷|dzielenie|matematyka|znak|znak dzielenia
➰	pętla	pętla|zawijas|znak
➿	podwójna pętla	pętla|podwójna|zawijas
⬛	duży czarny kwadrat	czarny|duży|figura geometryczna|kwadrat|średni
⬜	duży biały kwadrat	biały|duży|figura geometryczna|kwadrat
⭐	gwiazda	gwiazda|gwiazdka|noc
⭕	gruby czerwony okrąg	czerwone|gruby czerwony okrąg|kółko|koło|o|okrąg
🀄	madżong: czerwony smok	czerwony|gra|kafelek|madżong|mahjong|smok
🃏	dżoker	dżoker|gra|joker|karta
🆎	grupa krwi AB	AB|grupa AB|grupa krwi AB|krew
🆑	przycisk CL	przycisk CL|znak CL
🆒	przycisk COOL	aprobata|cool|przycisk COOL|świetnie|zachwyt|znak
🆓	przycisk FREE	przycisk FREE|za darmo|znak braku opłaty|znak FREE
🆔	przycisk ID	ID|identyfikator|przycisk ID|znak ID
🆕	przycisk NEW	NEW|nowość|nowy|przycisk NEW
🆖	przycisk NG	NG|niedobrze|przycisk NG|źle|znak
🆗	przycisk OK	dobrze|OK|przycisk|tak|w porządku|zgoda
🆘	przycisk SOS	na pomoc|przycisk|ratunek|ratunku|SOS
🆙	przycisk UP!	do góry|przycisk UP!|znak UP!
🆚	przycisk VS	kontra|przycisk VS|versus|VS
🈁	japoński przycisk „tutaj”	ideogram|japoński|koko|przycisk|tutaj|znak
🈚	japoński przycisk „bezpłatne”	bezpłatne|darmowe|ideogram|japoński|negacja|przycisk|za darmo
🈯	japoński przycisk „zarezerwowane”	ideogram|japoński|palec|przycisk|zarezerwowane|zarezerwowany
🈲	japoński przycisk „zabronione”	ideogram|japoński|przycisk|zabronione|zakaz
🈳	japoński przycisk „wolne miejsce”	ideogram|japoński|miejsce|przycisk|puste|pusty|wolne|wolny
🈴	japoński przycisk „ocena pozytywna”	ideogram|japoński|ocena|pozytywna|przycisk|razem|zaliczenie
🈵	japoński przycisk „brak wolnych miejsc”	brak|ideogram|japoński|miejsc|pełno|pełny|przycisk|wypełnienie
🈶	japoński przycisk „płatne”	ideogram|istnienie|japoński|płatne|przycisk|za opłatą
🈸	japoński przycisk „wniosek”	aplikacja|ideogram|japoński|przycisk|wniosek|zastosowanie
🈹	japoński przycisk „rabat”	ideogram|japoński|podział|przecena|przycisk|rabat
🈺	japoński przycisk „czynne”	czynne|działa|ideogram|japoński|otwarte|przycisk
🉐	japoński przycisk „okazja”	ideogram|japoński|korzyść|okazja|promocja|przewaga|przycisk
🉑	japoński przycisk „dozwolone”	akceptacja|dozwolone|ideogram|japoński|przycisk
🌀	cyklon	cyklon|pogoda|spirala|tajfun
🌁	zamglenie	mgła|mglisto|most|podróż|pogoda|zamglenie|zamglone
🌂	złożony parasol	deszcz|parasolka|pogoda|złożona|złożony parasol
🌃	noc z gwiazdami	gwiazdy|miasto|noc|noc z gwiazdami|rozgwieżdżone niebo
🌄	wschód słońca zza gór	góry|ranek|słońce|świt|wschód|wschód słońca zza gór
🌅	wschód słońca	brzask|słońce|wschód słońca
🌆	miasto o zmierzchu	budynki|miasto|miasto o zmierzchu|wieżowce|zachód słońca|zmierzch
🌇	zachód słońca	budynki|miasto|zachód słońca|zmierzch
🌈	tęcza	deszcz|gej|geje|kolory|les|lesbijki|lgbt|lgbtq|lgbtqia|nadzieja|pogoda|pride|słońce|tęcza|transpłciowość
🌉	most nocą	most|most nocą|most w nocy
🌊	fala	fala|fale|hokusai|kanagawa|morze|obraz|ocean|tsunami|wielka fala
🌋	wulkan	erupcja|góra|lawa|wulkan
🌌	Droga Mleczna	Droga Mleczna|gwiazdy|niebo|noc
🌍	kula ziemska przedstawiająca Europę i Afrykę	Afryka|Europa|kula ziemska|kula ziemska przedstawiająca Europę i Afrykę|planeta|świat|Ziemia
🌎	kula ziemska przedstawiająca Ameryki	Ameryka|Ameryka Północna i Południowa|Ameryki|kula ziemska|kula ziemska przedstawiająca Ameryki|planeta|świat|Ziemia
🌏	kula ziemska przedstawiająca Azję i Australię	Australia|Azja|kula ziemska|kula ziemska przedstawiająca Azję i Australię|planeta|świat|Ziemia
🌐	kula ziemska z południkami	glob|globus|kula ziemska z meridianami|kula ziemska z południkami|południki|równoleżniki|ziemia
🌑	nów	ciemny księżyc|księżyc|noc|nów
🌒	narastający półksiężyc	cieniutki księżyc|księżyc|narastający półksiężyc|noc|sierp
🌓	pierwsza kwadra księżyca	księżyc|kwadra|noc|pierwsza kwadra księżyca
🌔	narastający księżyc między pierwszą kwadrą a pełnią	księżyc|księżyc z brzuszkiem|narastający księżyc między pierwszą kwadrą a pełnią|noc|tłusty księżyc
🌕	pełnia	jasny księżyc|księżyc|noc|pełnia|pełny księżyc
🌖	zanikający księżyc między pełnią a ostatnią kwadrą	chudnący|księżyc|księżyc z brzuszkiem|noc|tłusty księżyc|zanikający księżyc między pełnią a ostatnią kwadrą
🌗	ostatnia kwadra księżyca	księżyc|kwadra|noc|ostatnia kwadra|ostatnia kwadra księżyca
🌘	zanikający półksiężyc	cieniutki księżyc|księżyc|noc|sierp|zanikający półksiężyc
🌙	półksiężyc	księżyc|noc|półksiężyc|sierp|sierp księżyca
🌚	nów z twarzą	bajka|baśń|księżyc|księżyc w nowiu|księżyc z twarzą|noc|nów|nów z twarzą
🌛	pierwsza kwadra księżyca z twarzą	bajka|księżyc|księżyc z twarzą|noc|pierwsza kwadra|pierwsza kwadra księżyca|pierwsza kwadra księżyca z twarzą
🌜	ostatnia kwadra księżyca z twarzą	bajka|baśń|księżyc|księżyc z twarzą|noc|ostatnia kwadra|ostatnia kwadra księżyca|ostatnia kwadra księżyca z twarzą
🌝	pełnia z twarzą	bajka|baśń|księżyc|księżyc w pełni|księżyc w pełni z twarzą|księżyc z twarzą|pełnia|pełnia z twarzą
🌞	słońce z twarzą	bajka|baśń|ciepło|głowa|magia|promienny|słońce|słońce z twarzą|twarz|uśmiech
🌟	błyszcząca gwiazda	błyszcząca|gwiazda|gwiazdka|lśniąca|świecąca gwiazdka
🌠	spadająca gwiazda	gwiazda|kometa|noc|spadająca|życzenie
🌭	hot dog	frankfurterka|hot dog|hotdog|parówka
🌮	taco	jedzenie|meksykańskie|taco
🌯	burrito	burito|burrito|jedzenie|meksykańskie|wrap
🌰	kasztan	jedzenie|kasztan|kasztan jadalny|orzech|orzeszek
🌱	sadzonka	kiełek|młoda|pęd|roślina|roślinka|sadzonka
🌲	wiecznie zielone drzewo	choinka|drzewo|iglaste|igły|las|roślina|wiecznie zielone
🌳	drzewo liściaste	drzewo|liściaste|roślina
🌴	palma	drzewo|palma|roślina|tropiki|wyspa
🌵	kaktus	kaktus|kłuje|kolce|pustynia|roślina
🌷	tulipan	kwiat|pąk|roślina|tulipan
🌸	kwiat wiśni	kwiat|kwiat wiśni|kwiatek|kwitnąca wiśnia|sakura|wiśnia
🌹	róża	czerwony|kwiat|miłość|roślina|róża
🌺	kwiat hibiskusa	hibiskus|hibiskusa|kwiat|roślina
🌻	słonecznik	kwiat|roślina|słońce|słonecznik
🌼	kwiat	kwiat|kwiatek|kwitnie|roślina
🌽	kolba kukurydzy	jedzenie|kolba|kukurydza|kukurydzy|warzywo
🌾	pędy ryżu	pędy ryżu|roślina|ryż|ziarno|żniwa
🌿	zioło	liście|roślina|zioła|zioło
🍀	czterolistna koniczyna	czterolistna|koniczyna|koniczynka|roślina|szczęście
🍁	liść klonowy	jesień|jesienny|klon|klonowy|klonu|liść
🍂	spadające liście	jesień|jesienne|liście|roślina|spadające
🍃	liście na wietrze	liście|na wietrze|podmuch|roślina|wiatr|wicher
🍄	grzyb	grzyb|muchomor|muchomorek|trujący
🍄‍🟫	brązowy grzyb	borowik|brązowy|grzyb|jedzenie|natura|shiitake|warzywo
🍅	pomidor	jedzenie|pomidor|szklarniowe|warzywo
🍆	bakłażan	bakłażan|jedzenie|oberżyna|warzywo
🍇	winogrona	jedzenie|owoce|winogrona
🍈	melon	jedzenie|melon|owoc
🍉	arbuz	arbuz|arbuza|jedzenie|kawałek|lato|owoc
🍊	mandarynka	cytrus|jedzenie|mandarynka|owoc|pomarańcza
🍋	cytryna	cytrus|cytryna|jedzenie|kwaśny|owoc|żółty
🍋‍🟩	limonka	cytrus|kwaśne|limetka|limonka|mojito|owoc|soczysty|tequila|tropikalny
🍌	banan	banan|egzotyczny|jedzenie|owoc
🍍	ananas	ananas|egzotyczny|jedzenie|owoc
🍎	czerwone jabłko	czerwone|jabłko|jedzenie|owoc|słodkie
🍏	zielone jabłko	jabłko|jedzenie|owoc|zielone jabłko|zielone jabłuszko
🍐	gruszka	gruszka|jedzenie|owoc
🍑	brzoskwinia	brzoskwinia|jedzenie|owoc
🍒	wiśnie	czereśnie|jedzenie|owoce|wiśnie
🍓	truskawka	jedzenie|owoc|truskawka
🍔	hamburger	bułka|burger|fast food|hamburger|jedzenie
🍕	pizza	fast food|jedzenie|kawałek|pizza|pizzy
🍖	mięso z kością	jedzenie|kość|mięso|mięso z kością
🍗	udko kurczaka	jedzenie|kurczak|mięso|nóżka|udko|udko kurczaka
🍘	krakers ryżowy	jedzenie|krakers|ryż|ryżowy
🍙	kulka ryżowa	jedzenie|kulka|onigiri|ryż|ryżowa
🍚	gotowany ryż	gotowany|jedzenie|miseczka|ryż|z ryżem
🍛	ryż curry	curry|jedzenie|ryż|sos|z sosem
🍜	miska parującego jedzenia	jedzenie|kluski|miska|parująca|parujące|pho|ramen|zupa
🍝	spaghetti	jedzenie|kluski|makaron|pasta|spagetti|spaghetti
🍞	chleb	bochenek|chleb|chleba|jedzenie|kawałek|pieczywo
🍟	frytki	fast food|frytki|jedzenie
🍠	pieczony batat	batat|jedzenie|pieczony|słodki ziemniak|ziemniak
🍡	dango	dango|deser|jedzenie|kulki mochi|mochi
🍢	oden	jedzenie|na patyku|oden|owoce morza|szaszłyk
🍣	sushi	jedzenie|sushi|suszi
🍤	smażona krewetka	jedzenie|krewetka|smażona|tempura
🍥	ciastko rybne	ciastko|jedzenie|Narutomaki|ramen|ryba|rybne|spirala
🍦	lody włoskie	jedzenie|lody|śmietankowe|świderek|w kubku|włoskie
🍧	lody hawajskie	deser|hawajskie|jedzenie|lody
🍨	lody	deser|jedzenie|lody
🍩	pączek z dziurką	ciasto|deser|jedzenie|pączek|słodki|z dziurką
🍪	ciastko	ciastko|deser|jedzenie|słodki|słodkie
🍫	tabliczka czekolady	czekolada|deser|jedzenie|słodycze|tabliczka czekolady
🍬	cukierek	cukierek|deser|jedzenie|słodki|słodycze
🍭	lizak	deser|jedzenie|lizak|słodki|słodycze
🍮	deser typu krem angielski	ciastko kremowe|creme brulee|custard|deser|jedzenie|krem|krem angielski|słodkie
🍯	garnek miodu	beczka|garnek|jedzenie|miód|miodu|słoik|z miodem
🍰	tort	ciasto|deser|jedzenie|przyjęcie|słodycze|tort
🍱	pudełko bento	bento|jedzenie|pudełko|ryż
🍲	garnek z jedzeniem	danie|garnek|jednogarnkowe|jedzenie|potrawka|z jedzeniem|zupa
🍳	gotowanie	gotowanie|jajko|jedzenie|patelnia|smażyć
🍴	widelec i nóż	gotowanie|jedzenie|kolacja|nóż|obiad|posiłek|restauracja|śniadanie|sztućce|widelec
🍵	filiżanka bez uszka	bez uszka|filiżanka|herbata|miseczka|spodek
🍶	sake	alkohol|butelka i kubek|sake
🍷	kieliszek wina	alkohol|kieliszek|restauracja|wina|wino
🍸	kieliszek z koktajlem	alkohol|bar|drink|impreza|kieliszek|koktajl|z koktajlem
🍹	drink tropikalny	alkohol|bar|drink|impreza|palemka|tropikalny|wakacje|z palemką
🍺	kufel piwa	alkohol|bar|impreza|kufel|piwa|piwo|pub|z piwem
🍻	stukające się kufle piwa	alkohol|bar|kufel|kufle|na zdrowie|piwiarnia|piwo|pub|stukające się kufle piwa|z piwem
🍼	butelka ze smoczkiem	bobas|butelka|dzidziuś|mleko|napój|niemowlęca|smoczek|ze smoczkiem
🍾	butelka z wystrzelającym korkiem	alkohol|bar|butelka|impreza|korek|nowy rok|przyjecie|strzelający korek|sylwester|szampan|toast
🍿	popcorn	jedzenie|kino|kukurydza|popcorn
🎀	wstążka	kokarda|kokardka|ozdoba|podarunek|prezent|wstążka
🎁	zapakowany prezent	kokarda|kokardka|paczka|podarunek|prezent|zapakowany prezent
🎂	tort urodzinowy	ciasto|jedzenie|przyjęcie|słodki|słodkie|świeczki|święto|świętowanie|tort|urodzinowy|urodziny|zdmuchnąć
🎃	dynia na halloween	dynia|dynia na halloween|halloween
🎄	choinka bożonarodzeniowa	bombki|boże narodzenie|choinka|choinka bożonarodzeniowa|drzewko|święta
🎅	Święty Mikołaj	boże narodzenie|głowa|gwiazdor|legenda|mężczyzna|mikołaj|praca|święta|święty mikołaj|zawód
🎆	fajerwerki	fajerwerki|nowy rok|obchody|ognie|petardy|święta|sylwester|sztuczne|zimne
🎇	zimne ognie	fajerwerki|nowy rok|obchody|ognie|petardy|święta|sylwester|sztuczne|zimne
🎈	balon	balon|balonik|impreza|uroczystość|urodziny
🎉	tuba z konfetti	bal|impreza|konfetti|tuba z konfetti|uroczystość
🎊	kula z konfetti	bal|impreza|konfetti|kula z konfetti|uroczystość
🎋	drzewko na Tanabata	bambus|drzewko na Tanabata|drzewo|drzewo życzeń|japońskie|tanabata|życzenia
🎌	skrzyżowane flagi	japońskie|japońskie flagi|skrzyżowane|skrzyżowane flagi|uroczystość
🎍	japońska dekoracja kadomatsu	bambus|japońska dekoracja kadomatsu|roślina|sosna
🎎	japońskie lalki	Japonia|japońskie lalki|lalki
🎏	flaga w kształcie karpia	flaga|flaga w kształcie karpia|ryby
🎐	dzwonek wietrzny	dzwonek|dzwonki|wietrzny
🎑	ceremonia oglądania księżyca	ceremonia oglądania księżyca|Jugoya|księżyc|podziwiać|święto podziwiania księżyca|świętować|tsukimi
🎒	tornister	edukacja|plecak|szkoła|tornister
🎓	biret	absolwenta|biret|czapka|edukacja|nakrycie głowy|studia|ubiór|uczony|uniwersytet|uroczystość
🎠	koń z karuzeli	karuzela|koń z karuzeli|konik
🎡	diabelski młyn	diabelski|karuzela|młyn|park rozrywki|wesołe miasteczko
🎢	kolejka górska	kolejka górska|park rozrywki|rollercoaster|wesołe miasteczko
🎣	wędka	łowienie ryb|wędka|wędka z rybą|złowić
🎤	mikrofon	karaoke|mikrofon|muzyka|śpiewać
🎥	kamera filmowa	film|kamera|kamera filmowa|kinematografia|kino
🎦	kino	film|kamera|kino|kręcić film
🎧	słuchawki	muzyka|słuchawka|słuchawki
🎨	paleta malarska	farby|kolory|malarska|malarz|muzeum|paleta|sztuka
🎩	cylinder	cylinder|kapelusz|męskie nakrycie głowy
🎪	namiot cyrkowy	cyrk|namiot|namiot cyrkowy
🎫	bilet	bilet|wstęp
🎬	klaps	film|kino|klaps
🎭	maski teatralne	maski|teatr|teatralne|występ|występować
🎮	gra wideo	do gier|gamepad|gra|gra wideo|konsola|kontroler|pad
🎯	strzał w 10	cel|dziesiątka|gra|lotki|strzał|trafienie|w 10|w dziesiątkę|zabawa
🎰	automat do gier	automat do gier|automat do gry|gra|hazard|jednoręki bandyta|kasyno
🎱	bila 8	8|bila|bilard|gra|kula|kula bilardowa
🎲	kostka do gry	gra|hazard|kości|kostka|kostka do gry|w kości
🎳	kręgle	bowling|kręgle|kula|sport
🎴	gra karciana hanafuda	gra|hanafuda|japońska|karciana|karta|kwiat
🎵	nuta	muzyka|nuta
🎶	nuty	muzyka|nuta|nuty
🎷	saksofon	instrument|muzyka|orkiestra|saksofon
🎸	gitara	gitara|instrument|muzyka
🎹	klawisze	fortepian|instrument|keyboard|klawiatura|klawisze|muzyka|pianino
🎺	trąbka	grać|instrument|muzyka|orkiestra|trąbka
🎻	skrzypce	altówka|grać|instrument|muzyczny|muzyk|muzyka|orkiestra|skrzypce|smyczek|strunowy
🎼	partytura	klucz|muzyka|nuty|partytura|pięciolinia|wiolinowy
🎽	koszulka do biegania	bieganie|do biegania|koszulka|sport|szarfa|t-shirt
🎾	tenis	do tenisa|piłka|rakieta|sport|tenis|tenisowa
🎿	narty	narty|śnieg|sport|stok|zima
🏀	koszykówka	do kosza|do koszykówki|kosz|koszykowa|koszykówka|piłka|sport
🏁	flaga w szachownicę	flaga|flaga w kratkę|flaga w szachownicę|sport|wyścigi
🏂	snowboardzista	snowboard|snowboardzista|sport|zima
🏃	biegnąca osoba	bieg|biegacz|biegaczka|bieganie|biegnąca|maraton|osoba|pośpiech|sport|szybko|w ruchu
🏄	surfująca osoba	deska|fala|morze|ocean|osoba|sport|surfer|surferka|surfing|surfująca
🏅	medal sportowy	medal|medal sportowy|nagroda|sport|zawody
🏆	puchar	nagroda|puchar|sport|trofeum|zwycięstwo
🏇	wyścigi konne	dżokej|jeździec|koń|konne|sport|wyścigi|zawody
🏈	futbol amerykański	amerykański|do futbolu amerykańskiego|futbol|piłka|sport
🏉	piłka do rugby	do rugby|piłka|rugby|sport
🏊	pływająca osoba	basen|kraulem|na basenie|osoba|pływająca osoba|pływak|pływanie|sport|triathlon|woda|zawody
🏏	krykiet	do krykieta|kij|krykiet|piłka|sport
🏐	siatkówka	do siatki|do siatkówki|piłka|siatka|siatkowa|siatkówka|sport
🏑	hokej na trawie	boisko|hokej|kijek|mecz|na trawie|piłka|sport
🏒	hokej na lodzie	hokej|kijek|krążek|lód|na lodzie|sport|zima
🏓	tenis stołowy	paletka|piłeczka|ping|pingpong|pong|rakietka|sport|stołowy|tenis
🏠	dom	budynek|dom|mieszkalny
🏡	dom z ogrodem	budynek|dom|dom z ogrodem|drzewo|ogród
🏢	biurowiec	biurowiec|blok|budynek
🏣	japońska poczta	budynek|japońska poczta|poczta
🏤	urząd pocztowy	budynek|poczta|urząd pocztowy
🏥	szpital	budynek|lecznica|lekarz|medycyna|szpital
🏦	bank	bank|budynek
🏧	znak bankomatu	ATM|bankomat|pieniądze|znak bankomatu
🏨	hotel	budynek|hotel
🏩	hotel miłości	budynek|hotel|hotel miłości|japoński hotel miłości|miłość|serce
🏪	sklep całodobowy	budynek|sklep|sklep całodobowy
🏫	szkoła	budynek|szkoła|zegar
🏬	dom towarowy	budynek|dom towarowy|sklep|supermarket
🏭	fabryka	budynek|fabryka|produkcyjny|zakład pracy
🏮	czerwony lampion	bar izakaya|czerwony lampion|izakaya|japonia|lampa|lampion
🏯	japoński zamek	budynek|japoński|zamek
🏰	zamek	budynek|europejski|średniowiecze|zamek
🏴	czarna flaga	czarna flaga|flaga|na wietrze|żałoba
🏸	badminton	badminton|gra|lotka|paletki|rakieta|sport|zabawa
🏹	łuk i strzała	broń|łucznik|łuk|łuk i strzała|narzędzie|strzała|strzelec|zodiak
🏺	amfora	amfora|dzban|puchar|stągiew|waza|wodnik|zodiak
🐀	szczur	gryzoń|mysz|szczur|szczurek|zwierzę
🐁	mysz	mysz|myszka|zwierzę
🐂	wół	byk|krowa|wół|zodiak|zwierzę
🐃	wół domowy	bawół|wół|zwierzę
🐄	krowa	krowa|krówka|łaty|mleko|zwierzę
🐅	tygrys	paski|tygrys|tygrysek|zwierzę
🐆	lampart	cętki|drapieżnik|dziki|kot|lampart|zwierzę
🐇	królik	króliczek|królik|zając|zwierzę
🐈	kot	kot|kotek|zwierzę
🐈‍⬛	czarny kot	czarny|kot|nieszczęście|pech|przesąd|zabobon|zwierzę
🐉	smok	bajka|baśń|fantasy|legenda|smok|zwierzę
🐊	krokodyl	aligator|gad|jaszczur|krokodyl|zwierzę
🐋	wieloryb	morze|ocean|wieloryb|zwierzę
🐌	ślimak	mięczak|muszla|powolny|ślimak|wolny|zwierzę
🐍	wąż	dusiciel|jadowity|wąż|żmija|zwierzę
🐎	koń	koń|konne|wierzchowiec|wyścigi|wyścigowy|zwierzę
🐏	biały baran	baran|baranek|owca|rogaty|rogi|zodiak|zwierzę
🐐	koza	koza|koziorożec|kózka|rogi|zodiak|zwierzę
🐑	owca	baran|baranek|biały|owca|owieczka|rogaty|rogi|Wielkanoc|zwierzę
🐒	małpa	małpa|małpka|zwierzę
🐓	kogut	kogut|ornitologia|ptak|zwierzę
🐔	kura	głowa|kogut|kura|kurczak|ptak|zwierzę
🐕	pies	pies|piesek|psiaczek|psinka|zwierzę
🐕‍🦺	pies pomocnik	dostępność|opiekun|pies|pomoc|pomocnik|zwierzę
🐖	świnia	świnia|świnka|zwierzę
🐗	dzik	dzik|dzika|głowa|knur|las|świnia|zwierzę
🐘	słoń	słoń|trąba|zwierzę
🐙	ośmiornica	macki|morze|ocean|osiem|ośmiornica|zwierzę
🐚	muszla spiralna	morze|muszelka|muszla|muszla spiralna|plaża|spirala|zwierzę
🐛	gąsienica	gąsienica|owad|robak|zwierzę
🐜	mrówka	mrówka|owad|zwierzę
🐝	pszczoła	owad|pszczoła|pszczółka|wiosna|zwierzę
🐞	biedronka	biedronka|chrabąszcz|chrząszcz|kropki|owad|w kropki|żuk|zwierzę
🐟	ryba	morze|ocean|ryba|rybka|ryby|woda|zodiak|zwierzę
🐠	ryba tropikalna	morze|ryba|rybka|tropikalna|tropiki|woda|zwierzę
🐡	ryba rozdymka	morze|ocean|rozdymka|ryba|zwierzę
🐢	żółw	powolny|skorupa|żółw|zwierzę
🐣	wykluwające się kurczątko	kura|kurczaczek|kurczak|kurczątko|pisklak|ptak|wykluwać się|wykluwające się kurczątko|zwierzę
🐤	kurczątko	kura|kurczaczek|kurczak|kurczątko|pisklak|ptak|zwierzę
🐥	kurczątko od przodu	kura|kurczaczek|kurczak|kurczątko od przodu|pisklak|pisklę|ptak|zwierzę
🐦	ptak	ornitologia|ptak|zwierzę
🐦‍⬛	czarny ptak	czarny|dziób|gawron|krakanie|kruk|krukowate|ptak|wrona|zwierzę
🐦‍🔥	feniks	feniks|mityczny|nieśmiertelność|odrodzenie|ognisty|powstać|ptak|reinkarnacja|z popiołów
🐧	pingwin	antarktyda|pingwin|ptak|zwierzę
🐨	koala	australia|buźka|eukaliptus|głowa|koala|miś|zwierzę
🐩	pudel	biały|ostrzyżony|pies|piesek|pudel|pudelek|zwierzę
🐪	wielbłąd	dromader|garb|jednogarbny|pustynia|wielbłąd|zwierzę
🐫	wielbłąd dwugarbny	baktrian|dwugarbny|garb|garby|pustynia|wielbłąd|zwierzę
🐬	delfin	delfin|morze|ocean|zwierzę
🐭	głowa myszy	buźka|głowa|głowa myszy|mysz|myszka|zwierzę
🐮	głowa krowy	buźka|głowa|krowa|krówka|krowy|łaty|mleko|zwierzę
🐯	głowa tygrysa	buźka|głowa|kot|paski|pyszczek|tygrys|tygrysa|tygrysek|zwierzę
🐰	głowa królika	buźka|futrzak|głowa|króliczek|królik|królika|zając|zająca|zwierzę
🐱	głowa kota	buźka|głowa|kicia|kot|kota|kotek|pyszczek|zwierzę
🐲	głowa smoka	bajka|baśń|fantasy|głowa|magia|smok|smoka|zwierzę
🐳	wieloryb tryskający wodą	fontanna|morze|ocean|strumień|tryskający wodą|wieloryb|woda|wody|zwierzę
🐴	głowa konia	głowa|koń|konia|konik|końska|koński|łeb|zwierzę
🐵	głowa małpy	buźka|głowa|głowa małpy|małpka|zwierzę
🐶	głowa psa	buźka|głowa|głowa psa|pies|piesek|psiaczek|pysk|pyszczek|szczeniaczek|zwierzę
🐷	głowa świni	buźka|głowa|ryjek|świni|świnia|świnka|zwierzę
🐸	głowa żaby	buźka|głowa|głowa żaby|płaz|ropucha|traszka|żaba|żabka|zwierzę
🐹	głowa chomika	buźka|chomik|chomika|głowa|gryzoń|mysz|zwierzę
🐺	głowa wilka	buźka|dziki|głowa|las|pysk|wilk|wilka|zwierzę
🐻	głowa niedźwiedzia	buźka|głowa|miś|niedźwiedź|niedźwiedzia|zwierzę
🐼	głowa pandy	buźka|głowa|miś|panda|pandy|zwierzę
🐽	ryj świni	nosek|ryj|ryjek|świni|świnka|świński|zwierzę
🐾	ślady łap	łapki|łapy|odciski|ślady|ślady łap|tropy
👀	oczy	obserwacja|obserwowanie|oczy|oko|twarz|wow
👂	ucho	ciało|słyszeć|ucho
👃	nos	ciało|nos
👄	usta	ciało|usta|wargi
👅	język	ciało|język|mniam
👆	dłoń z palcem wskazującym w górę	dłoń z palcem wskazującym w górę|do góry|góra|palec|palec w górę|ręka|w górę|wskazujący
👇	dłoń z palcem wskazującym w dół	dłoń z palcem wskazującym w dół|dół|na dół|palec|palec w dół|ręka|w dół|wskazujący
👈	dłoń z palcem wskazującym w lewo	dłoń z palcem wskazującym w lewo|lewa strona|palec|palec w lewo|ręka|tam|w lewo|wskazujący
👉	dłoń z palcem wskazującym w prawo	dłoń z palcem wskazującym w prawo|palec|palec w prawo|prawa strona|ręka|tam|w prawo|wskazujący
👊	pięść od przodu	cios|cios pięścią|dłoń|pięść|pięść od przodu|prawy prosty|ręka|sierpowy|zaciśnięta pięść
👋	machająca dłoń	cześć|dłoń|halo|hej|machać|machająca dłoń|pa|papa|powitanie|pożegnanie|ręka|witaj
👌	dłoń z gestem OK	dłoń|dłoń z gestem OK|dobre|idealnie|ok|okej|potwierdzenie|racja|ręka|super|tak|w porządku|zgoda|znak OK
👍	kciuk w górę	brawo|kciuk|kciuk w górę|lubię|lubię to|OK|okej|podoba mi się|ręka|tak|w porządku|zgoda
👎	kciuk w dół	brzydkie|kciuk w dół|nie|nie lubię|nie podoba mi się|ręka
👏	klaskanie	brawa|brawo|klaskać|klaskanie|oklaski|ręce|ręka
👐	otwarte dłonie	otwarte dłonie|puste ręce|ręce|ręka|złapać
👑	korona	korona|król|królowa
👒	kapelusz damski	damski|kapelusz|nakrycie głowy|ze wstążką
👓	okulary	oczy|okulary|szkła
👔	krawat	koszula|krawat|męski|ozdoba|praca
👕	koszulka	koszulka|krótkie rękawy|męska|t-shirt|z krótkimi rękawami
👖	dżinsy	dżinsy|jeansy|spodnie|ubiór|ubranie
👗	sukienka	lato|sukienka|suknia|ubiór|ubranie
👘	kimono	kimono|ubiór|ubranie
👙	bikini	bikini|do pływania|strój kąpielowy|ubiór|ubranie
👚	ubranie damskie	bluzka|damska|ubiór|ubranie|ubranie damskie
👛	portmonetka	monety|na monety|pieniądze|portmonetka|różowa|torebka
👜	torebka	bagaż|damska|torba|torebka
👝	saszetka	damska|portmonetka|saszetka|torba|torebka
👞	but męski	but|męski
👟	but do biegania	bieganie|but|but do biegania|sport|trampek
👠	but na wysokim obcasie	but|buty|na obcasie|na szpilkach|na wysokim obcasie|obcas|obcasy|obuwie|odzież|szpilka|wysoki|wysokie
👡	sandał damski	but|buty|damski|obuwie|odzież|sandał
👢	kozak damski	but|buty|damski|kozaczek|kozak|obuwie|odzież|ubranie
👣	ślady stóp	odciski stóp|ślady|ślady stóp|stopy
👤	sylwetka popiersia	osoba|sylwetka|sylwetka popiersia
👥	sylwetki popiersi	osoby|sylwetki|sylwetki popiersi
👦	chłopiec	chłopiec|dziecko|głowa|młody
👧	dziewczynka	dziecko|dziewczynka|głowa|młoda|panna|znak zodiaku|zodiak
👨	mężczyzna	głowa|mężczyzna
👨‍🌾	mężczyzna rolnik	farmer|mężczyzna|ogrodnik|osoba|praca|rolnik|zawód
👨‍🍳	mężczyzna kucharz	głowa|kucharz|mężczyzna|osoba|praca|szef kuchni|zawód
👨‍🍼	mężczyzna karmiący niemowlę	karmienie|karmienie butlą|mężczyzna|mężczyzna karmiący niemowlę|mleko modyfikowane|niemowlę
👨‍🎓	mężczyzna student	mężczyzna|osoba|student|szkoła
👨‍🎤	mężczyzna piosenkarz	aktor|mężczyzna|osoba|piosenkarz|praca|rock|rocker|zawód
👨‍🎨	mężczyzna artysta	artysta|malarz|mężczyzna|osoba|paleta|praca|zawód
👨‍🏫	mężczyzna nauczyciel	mężczyzna|nauczyciel|osoba|praca|profesor|wykładowca|zawód
👨‍🏭	mężczyzna pracownik fabryki	fabryka|mężczyzna|mężczyzna pracownik fabryki|montażysta|osoba|praca|pracownik|pracownik fabryki|spawacz|zawód
👨‍💻	mężczyzna technolog	inżynier|komputer|mężczyzna|mężczyzna technolog|oprogramowanie|osoba|praca|programista|wynalazca|zawód
👨‍💼	mężczyzna pracownik biurowy	architekt|biuro|biznesmen|mężczyzna|mężczyzna pracownik biurowy|osoba|praca|pracownik biurowy|zawód
👨‍🔧	mężczyzna elektryk	elektryk|hydraulik|mechanik|mężczyzna|osoba|praca|zawód
👨‍🔬	mężczyzna naukowiec	biolog|chemik|inżynier|mężczyzna|naukowiec|osoba|praca|zawód
👨‍🚀	mężczyzna astronauta	astronauta|człowiek|głowa|kosmos|mężczyzna|osoba|praca|rakieta|zawód
👨‍🚒	mężczyzna strażak	głowa|mężczyzna|osoba|praca|strażak|wóz strażacki|zawód
👨‍🦯	mężczyzna z białą laską	dostępność|mężczyzna|mężczyzna z białą laską|niewidomy
👨‍🦼	mężczyzna na elektrycznym wózku inwalidzkim	dostępność|mężczyzna|mężczyzna na elektrycznym wózku inwalidzkim|wózek inwalidzki
👨‍🦽	mężczyzna na wózku inwalidzkim	dostępność|mężczyzna|mężczyzna na wózku inwalidzkim|wózek inwalidzki
👩	kobieta	głowa|kobieta
👩‍🌾	rolniczka	farmer|farmerka|kobieta|ogrodniczka|ogrodnik|osoba|praca|rolniczka|rolnik|zawód
👩‍🍳	kucharka	kobieta|kucharka|osoba|praca|szef kuchni|zawód
👩‍🍼	kobieta karmiąca niemowlę	karmienie|karmienie butlą|karmienie piersią|kobieta|kobieta karmiąca niemowlę|mama|mleko modyfikowane|niemowlę
👩‍🎓	studentka	kobieta|osoba|studentka|szkoła
👩‍🎤	piosenkarka	aktorka|kobieta|osoba|piosenkarka|praca|rock|rockerka|zawód
👩‍🎨	artystka	artysta|artystka|kobieta|malarka|malarz|osoba|paleta|praca|zawód
👩‍🏫	nauczycielka	kobieta|nauczycielka|osoba|praca|profesor|wykładowczyni|zawód
👩‍🏭	pracownica fabryki	fabryka|kobieta|montażystka|osoba|praca|pracownica|pracownica fabryki|pracownik|spawacz|zawód
👩‍💻	kobieta technolog	kobieta|kobieta technolog|komputer|oprogramowanie|osoba|praca|programistka|wynalazczyni|zawód
👩‍💼	pracownica biurowa	architekt|biuro|bizneswoman|kobieta|osoba|praca|pracownica biurowa|zawód
👩‍🔧	kobieta elektryk	elektryk|hydraulik|kobieta|mechanik|osoba|zawód
👩‍🔬	kobieta naukowiec	biolog|chemik|inżynier|kobieta|naukowiec|osoba|zawód
👩‍🚀	astronautka	astronautka|kobieta|kosmos|osoba|praca|rakieta|zawód
👩‍🚒	kobieta strażak	kobieta|osoba|praca|strażaczka|strażak|wóz strażacki|zawód
👩‍🦯	kobieta z białą laską	dostępność|kobieta|kobieta z białą laską|niewidoma
👩‍🦼	kobieta na elektrycznym wózku inwalidzkim	dostępność|kobieta|kobieta na elektrycznym wózku inwalidzkim|wózek inwalidzki
👩‍🦽	kobieta na wózku inwalidzkim	dostępność|kobieta|kobieta na wózku inwalidzkim|wózek inwalidzki
👪	rodzina	dziecko|mama|matka|ojciec|rodzice|rodzina|tata
👫	mężczyzna i kobieta trzymający się za ręce	kobieta|kobieta i mężczyzna|ludzie|mężczyzna|mężczyzna i kobieta|miłość|para|rodzeństwo|trzymający się|za ręce|zakochani
👬	dwóch mężczyzn trzymających się za ręce	dwóch mężczyzn trzymających się za ręce|gej|lgbt|mężczyźni|miłość|para|za ręce|zakochani
👭	kobiety trzymające się za ręce	kobieca para|kobieta|kobiety|kobiety trzymające się za ręce|miłość|para|przyjaciółka|przyjaźń|za ręce|zakochane|zakochani
👮	policjant	areszt|gliniarz|mężczyzna|oficer|osoba|policja|policjant|praca|zawód
👯	osoby z uszami królika na przyjęciu	bliźniaczki|dziewczyny|impreza|kobiety|króliczki|osoby z uszami królika na przyjęciu|przyjaciółki|takie same|tancerki|taniec|uszy
👰	osoba w welonie	osoba|ślub|w welonie|welon|wesele
👱	osoba z włosami blond	blond|blondyn|blondynka|osoba|włosy|z włosami blond
👲	osoba w chińskiej czapce	chińska czapka|Chiny|czapka|głowa|gua pi mao|osoba|w chińskiej czapce
👳	osoba w turbanie	głowa|nakrycie głowy|osoba|sikh|turban|w turbanie
👴	starszy mężczyzna	dziadek|mężczyzna|siwy|starszy|staruszek|stary|starzec
👵	starsza kobieta	babcia|kobieta|siwa|stara|starsza|staruszka
👶	niemowlę	bobas|dziecko|głowa|niemowlę
👷	budowlaniec	budowlaniec|kask|osoba|praca|robotnik|w kasku|zawód
👸	księżniczka	bajka|baśń|głowa|królewna|królowa|księżniczka
👹	ogr	diabeł|Japonia|maska|ogr|potwór|zły
👺	goblin	diabeł|goblin|maska|potwór|stwór|zły
👻	duch	biały|buźka|duch|duszek|halloween|język|potwór|wesoły duch
👼	aniołek	aniołek|bajka|buzia aniołka|fantasy|głowa
👽	ufoludek	bajka|buźka|fantasy|kosmita|kosmos|obcy|pozaziemski|sci-fi|szarak|twarz|ufo|ufoludek
👾	kosmiczny potwór	fantasy|kosmiczny potwór|kosmita|kosmos|obcy|potwór|pozaziemski|sci-fi|szarak|twarz|ufo|ufoludek
👿	zagniewana twarz z rogami	buźka|diabełek|fantasy|rogi|różki|smutny|zagniewana twarz z rogami|zły
💀	czaszka	czaszka|duch|kościotrup|potwór|śmierć|szkielet|trupia czaszka
💁	osoba z wystawioną dłonią	no cóż|osoba|osoba z wystawioną dłonią|otwarta dłoń|pomocna dłoń|ręka|sarkazm
💂	gwardzista	Anglia|gwardzista|Londyn|strażnik
💃	tańcząca kobieta	impreza|kobieta|tancerka|tańcząca|tańczyć|taniec|zabawa|zawód
💄	szminka	kosmetyki|makijaż|malować usta|pomadka|szminka
💅	lakier do paznokci	ciało|kosmetyki|lakier do paznokci|lakierować paznokcie|manicure|paznokcie|pielęgnacja
💆	osoba podczas masażu	ból głowy|masaż|masaż głowy|odprężenie|osoba|podczas masażu|relaks|salon masażu|spa
💇	osoba podczas strzyżenia	fryzjer|fryzjerka|fryzura|osoba|podczas strzyżenia|praca|ścinać|strzyżenie|włosów|włosy
💈	słup fryzjerski	fryzjer|słup fryzjerski
💉	strzykawka	chory|doktor|lekarstwo|lekarz|pielęgniarka|strzykawka|szczepienie|szczepionka|zastrzyk
💊	kapsułka	kapsułka|lek|lekarstwo|pigułka|tabletka
💋	ślad po pocałunku	odcisk ust|pocałunek|ślad po pocałunku|usta
💌	list miłosny	kocham|liścik|list|list miłosny|miłość|serce|wiadomość
💍	pierścionek	diament|miłość|pierścionek|zaręczyny
💎	kamień szlachetny	diament|kamień|klejnot|miłość|szlachetny
💏	pocałunek	buziaki|całusy|kocham|miłość|osoba|osoby|para|pocałunek|zakochani|związek
💐	bukiet kwiatów	bukiet|bukiet kwiatów|kwiaty|miłość|roślina
💑	para z sercem	kocham|miłość|osoba|osoby|para|para z sercem|pocałunek|randka|razem|serce|zakochani|związek
💒	ślub	kaplica|kościół|miłość|serce|ślub|uroczystość
💓	bijące serce	bijące serce|kocham|kocham cię|miłość|serce
💔	złamane serce	kocham|pęknięte|serce|złamane serce
💕	dwa serca	dwa serca|kocham|miłość|serca
💖	migoczące serce	błyszczące serce|kocham|lśniące serce|migoczące serce|miłość|serce
💗	rosnące serce	bicie serca|kocham|puls|rosnące serce|serce|serce rośnie|tętno|zdenerwowany
💘	serce przebite strzałą	kocham|przebite serce|przebite strzałą|serce|serce przebite strzałą|serce ze strzałą
💙	niebieskie serce	kocham|miłość|niebieskie|serce
💚	zielone serce	kocham|miłość|serce|zielone
💛	żółte serce	kocham|miłość|serce|żółte
💜	purpurowe serce	fioletowe|kocham|miłość|purpurowe serce|serce
💝	serce ze wstążką	kocham|różowe|serce|serce ze wstążką|walentynki|wstążka
💞	wirujące serca	kocham|miłość|para|serca dwa|tańczące serca|wirujące serca
💟	dekoracja z sercem	dekoracja|dekoracja z sercem|kocham|ozdoba|serce
💠	romb z kropką	diament|klejnot|kryształ|romb|romb z kropką
💡	żarówka	idea|pomysł|prąd|światło|żarówka
💢	symbol gniewu	gniew|komiks|symbol gniewu|złość
💣	bomba	bomba|bum|eksplozja|komiks|niebezpieczeństwo|wybuch
💤	chrapanie	chrapanie|dobranoc|komiks|nuda|sen|senny|spanie|śpiący|zabawny|żartobliwy|zmęczenie|znudzenie|zzz
💥	kolizja	kolizja|komiks|wybuch|zderzenie
💦	krople potu	deszcz|krople|krople potu|pot|wilgoć|woda
💧	kropla	kropelka|kropla|łza|pot|woda
💨	szybkie poruszanie się	pęd|pędzić|podmuch wiatru|pogoda|szybkie poruszanie się|szybkość|wiatr|wieje|wietrznie
💩	kupa	buźka|gnój|kupa|obornik|odchody|poo|poop|potwór|smród|twarz
💪	napięty biceps	biceps|ćwiczyć|mięśnie|muskularny|muskuły|napięty biceps|ręka|siła|siłka|silny|siłownia
💫	zawroty głowy	gwiazda|gwiazdka|kosmos|noc|orbita|spadająca gwiazda|zawroty głowy
💬	dymek	dialog|dymek|rozmowa
💭	dymek myśli	chmurka|dymek|dymek myśli|myśl|myśleć
💮	biały kwiat	biały kwiat|kontury|kwiatek|pieczątka
💯	sto punktów	100|setka|sto|sto punktów|stówa|stówka
💰	worek z pieniędzmi	bogaty|dolary|kasa|pieniądze|pieniędzy|worek|z pieniędzmi
💱	wymiana walut	kantor|waluta|wymiana|wymiana walut|wymiana waluty
💲	gruby symbol dolara	dolar|dolary|gruby symbol dolara|pieniądze|usd|waluta
💳	karta kredytowa	bank|karta|karta kredytowa|kredyt|pieniądze
💴	banknot jena	bank|banknot|banknot jena|jeny|pieniądze|płacić|rachunek|waluta
💵	banknot dolara	bank|banknot|banknot dolara|dolary|pieniądze|płacić|rachunek|waluta
💶	banknot euro	bank|banknot|euro|pieniądze|płacić|rachunek|waluta
💷	banknot funta	bank|banknot|banknot funta|funty|pieniądze|płacić|rachunek|waluta
💸	uskrzydlone pieniądze	bank|banknot|dolary|gotówka|pieniądze|rachunek|skrzydła|uskrzydlone|waluta|ze skrzydłami
💹	wykres wzrostu z symbolem jena	bank|jen|pieniądze|rynek|trend wzrostowy|waluta|wykres|wykres wzrostu z symbolem jena|wzrost
💺	fotel	fotel|krzesło|samolot|siedzenie
💻	laptop	komputer|laptop|notebook|osobisty|wyświetlacz
💼	teczka	aktówka|biuro|neseser|teczka
💽	dysk komputerowy	dysk|dysk MD|dysk optyczny|komputer|minidysk|płyta
💾	dyskietka	dysk|dyskietka|komputer
💿	dysk optyczny	Blu-ray|CD|DVD|dysk|dysk optyczny|komputer|płyta
📀	DVD	Blu-ray|CD|DVD|dysk|dysk optyczny|komputer|płyta
📁	folder	dokumenty|folder|katalog|teczka
📂	otwarty folder	dokumenty|folder|katalog|otwarty|teczka
📃	zawinięta strona	dokument|kartka|maszynopis|strona|zawinięta
📄	strona	dokument|kartka|maszynopis|pismo|strona
📅	kalendarz	data|kalendarz
📆	kalendarz z wyrywanymi kartkami	data|kalendarz|spirala|z wyrywanymi kartkami|zdzierany
📇	wizytownik	wizytówka|wizytówki|wizytownik
📈	wykres wzrostu	akcje|hossa|rosnący|rynek byka|tendencja|trend|wykres|wzrost|wzrostowa|wzrostu|zwyżkowa|zwyżkowy
📉	wykres spadku	akcje|bessa|malejący|rynek niedźwiedzia|spadek|spadkowa|spadku|strata|tendencja|trend|wykres|zniżkowa|zniżkowy
📊	wykres słupkowy	diagram|słupek|słupkowy|wykres
📋	podkładka do pisania	do pisania|kartka|notes|pisać|pisanie|podkładka|referat
📌	pinezka	pinezka|przypiąć
📍	okrągła pinezka	miejsce|pinezka|przypiąć|szpilka|z główką
📎	spinacz	biuro|do papieru|druciany|spinać|spinacz
📏	linijka	krawędź|linia|linijka|prosta
📐	ekierka	ekierka|linia|linijka|prosta|trójkąt
📑	karty zakładek	dokument|indeksujące|karta|karty|przekładka|przekładki|zakładek|zakładka|zakładki
📒	skoroszyt	notatki|notatnik|skoroszyt|zeszyt|żółty
📓	notes	notatnik|notes|szary|zeszyt
📔	notes z dekoracyjną okładką	książka|notatnik|notes|notes z dekoracyjną okładką|okładka|ozdobna
📕	zamknięta książka	książka|zamknięta
📖	otwarta książka	czytać|książka|nauka|otwarta|uczyć się
📗	zielona książka	biblioteka|czytać|książka|zielona
📘	niebieska książka	biblioteka|czytać|książka|niebieska
📙	pomarańczowa książka	biblioteka|czytać|książka|pomarańczowa
📚	książki	biblioteka|czytać|książka|książki|nauka
📛	plakietka	plakietka|z imieniem
📜	zwój	edykt|papier|pergamin|pismo|zwój
📝	notatka	kartka|notatka|notatki|ołówek|papier|pisać|zapiski
📞	słuchawka telefoniczna	rozmawiać|słuchawka|telefon|telefoniczna
📟	pager	pager
📠	faks	biuro|faks
📡	antena satelitarna	antena|antena satelitarna|czasza|kosmici|nauka|obcy|satelita|talerz
📢	głośnik	głośnik|głośno|komunikat|komunikaty publiczne|tuba głośnikowa
📣	megafon	kibicować|megafon
📤	skrzynka nadawcza	e-mail|email|list|mail|na listy|nadawać|nadawcza|pocztowa|skrzynka|wysyłać|ze strzałką
📥	skrzynka odbiorcza	e-mail|email|list|mail|na listy|odbierać|odbiorcza|otrzymywać|pocztowa|skrzynka|ze strzałką
📦	paczka	paczka|pakunek|przesyłka|pudełko
📧	e-mail	e-mail|email|list|mail|poczta elektroniczna
📨	koperta przychodząca	e-mail|email|koperta|list|mail|poczta|przychodząca|wiadomość
📩	koperta ze strzałką	e-mail|email|koperta|list|mail|odebrać|poczta|przychodząca|wiadomość|ze strzałką
📪	zamknięta skrzynka pocztowa z opuszczoną flagą	listy|poczta|pocztowa|skrzynka|z opuszczoną flagą|zamknięta
📫	zamknięta skrzynka pocztowa z podniesioną flagą	listy|poczta|pocztowa|skrzynka|z podniesioną flagą|zamknięta
📬	otwarta skrzynka pocztowa z podniesioną flagą	listy|otwarta|poczta|pocztowa|skrzynka|z podniesioną flagą
📭	otwarta skrzynka pocztowa z opuszczoną flagą	listy|otwarta|poczta|pocztowa|skrzynka|z opuszczoną flagą
📮	skrzynka na listy	listy|na listy|pocztowa|skrzynka
📯	trąbka pocztowa	poczta|pocztowa|pocztyliona|róg|trąbka
📰	gazeta	gazeta|wiadomości
📱	telefon komórkowy	komóra|komórka|smartfon|telefon|telefon komórkowy
📲	telefon komórkowy ze strzałką	dzwonić|komórka|odebrać|połączenie|smartfon|smartfon ze strzałką|strzałka|telefon|telefon komórkowy ze strzałką
📳	tryb wibracji	komórka|telefon komórkowy|tryb wibracji|wibracje|znak
📴	wyłączony telefon komórkowy	komórka|telefon komórkowy|wyłącz|wyłącz telefon|wyłączony|wyłączony telefon komórkowy
📵	zakaz korzystania z telefonów komórkowych	komórka|nie wnosić|nie wolno|telefon komórkowy|zabroniony|zakaz|zakaz korzystania z telefonów komórkowych
📶	siła sygnału	sieć komórkowa|siła sygnału|zasięg
📷	aparat fotograficzny	aparat|fotografia|fotograficzny|robić zdjęcie|wideo|zdjęcie
📸	aparat fotograficzny z lampą błyskową	aparat|błyskowa|błyskową|flesz|fotograficzny|lampa|z lampą|zdjęcie
📹	kamera wideo	kamera|nagrywać|wideo
📺	telewizja	kineskop|kineskopowy|odbiornik|stary telewizor|telewizja|telewizor|z anteną
📻	radio	odbiornik|radio|radioodbiornik|radiowy
📼	kaseta wideo	kaseta wideo|taśma|VHS
📿	sznur modlitewny	korale|koraliki|modlitwa|naszyjnik|religia|różaniec|sznur modlitewny
🔀	przycisk losowego odtwarzania utworów	krzyżujące się|losowe|losowego|losowo|mieszanie|odtwarzania|odtwarzanie|przecinające się|przycisk|skrzyżowane|strzałki|utworów
🔁	przycisk powtarzania	dookoła|okrężny|ponów|powtórz|przycisk powtarzania|strzałki|w prawo
🔂	przycisk powtarzania jednokrotnego	dookoła|jednokrotnego|okrężny|ponów raz|powtarzania|powtarzanie|powtórz raz|przycisk|strzałki|w prawo
🔃	pionowe strzałki zgodne z ruchem wskazówek zegara	odśwież|okrężny|pionowe strzałki zgodne z ruchem wskazówek zegara|pionowe strzałki zgodnie z ruchem wskazówek zegara|strzałka
🔄	przycisk ze strzałkami przeciwnie do ruchu wskazówek zegara	dookoła|okrężny|przycisk ze strzałkami przeciwnie do ruchu wskazówek zegara|przycisk ze strzałkami w kierunku przeciwnym do ruchu wskazówek zegara|strzałka
🔅	przycisk małej jasności	jasność|mała|niska|przyciemnić|przycisk małej jasności|słońce
🔆	przycisk dużej jasności	duża|jasność|przycisk dużej jasności|rozjaśnić|słońce|wysoka
🔇	wyciszony głośnik	cicho|cisza|głośnik|głośność|wyciszony głośnik|wyciszyć
🔈	niska głośność głośnika	dźwięk|głośnik|głośność|niska głośność|niska głośność głośnika
🔉	średnia głośność głośnika	dźwięk|głośnik|głośność|mała głośność|średnia głośność|średnia głośność głośnika
🔊	wysoka głośność głośnika	duża głośność|dźwięk|głośnik|głośność|wysoka głośność|wysoka głośność głośnika
🔋	bateria	akumulator|akumulatorek|bateria|energia
🔌	wtyczka elektryczna	elektryczna|podłączyć|prąd|wtyczka
🔍	lupa pochylona w lewo	detektyw|lupa|pochylona|skierowana|szukaj|w lewo
🔎	lupa pochylona w prawo	detektyw|lupa|pochylona|skierowana|szukaj|w prawo
🔏	zamknięta kłódka z piórem	atrament|kłódka|niejawne|pióro|podpis|prywatność|z piórem|zamknięta
🔐	zamknięta kłódka z kluczem	blokada|kłódka|kluczyk|z kluczem|zamknięcie|zamknięta
🔑	klucz	hasło|klucz|zamek|zamknąć
🔒	zamknięta kłódka	kłódka|zablokowane|zamknięta|zamknięte
🔓	otwarta kłódka	kłódka|odblokować|otwarta
🔔	dzwonek	dzwon|dzwonek
🔕	przekreślony dzwonek	cicho|cisza|dzwonek|nie wolno|przekreślony dzwonek|zabroniony|zakazany
🔖	zakładka	zakładka|zaznaczenie
🔗	ogniwa	hiperłącze|link|ogniwa|ogniwo|połączenie
🔘	przycisk radiowy	figura geometryczna|kółko|przycisk|przycisk radiowy|przycisk wyboru opcji
🔙	strzałka z napisem BACK	strzałka|strzałka z napisem BACK|wstecz
🔚	strzałka z napisem END	koniec|strzałka|strzałka z napisem END
🔛	strzałka z napisem ON!	strzałka|strzałka w obie strony|strzałka z napisem ON!|włączone
🔜	strzałka z napisem SOON	strzałka|strzałka z napisem SOON|wkrótce
🔝	strzałka z napisem TOP	góra|strzałka|strzałka z napisem TOP|w górę
🔞	zakaz poniżej osiemnastego roku życia	18|niedozwolone|niepełnoletni|od lat|ograniczenie|osiemnastego|osiemnastu|poniżej|roku życia|wiekowe|zabronione|zakaz
🔠	wielkie litery (alfabet łaciński)	abcd|alfabet łaciński|duże litery|kapitaliki|łacińskie|litery|pisać|wielkie litery|wielkimi literami|wprowadzać
🔡	małe litery (alfabet łaciński)	abcd|alfabet łaciński|łacińskie|litery|małe litery|małymi literami|pisać|wprowadzać
🔢	cyfry	1234|cyfry|kalkulator|liczby|wprowadzać
🔣	symbole	pisać|symbole|wprowadzać|znaki
🔤	litery (alfabet łaciński)	abc|abecadło|alfabet|alfabet łaciński|litery|małe litery|pierwsze litery|wprowadzać
🔥	ogień	ogień|płomień|pożar
🔦	latarka	elektryczna|lampka|latarka|światło
🔧	klucz warsztatowy	klucz|klucz warsztatowy|mechanik|narzędzia|narzędzie|warsztat
🔨	młotek	młot|młotek|naprawa|narzędzia|narzędzie
🔩	śruba i nakrętka	gwint|mocowanie|nakrętka|narzędzia|śruba|śruba i nakrętka
🔪	nóż kuchenny	broń|gotowanie|kuchenny|kuchnia|narzędzie|nóż
🔫	pistolet na wodę	broń|broń palna|pistolet|pistolet na wodę|rewolwer
🔬	mikroskop	laboratorium|mikroskop|nauka|obserwacja|powiększenie
🔭	teleskop	luneta|obserwacja|powiększenie|teleskop
🔮	kryształowa kula	fortuna|kryształowa|kula|przepowiadać|wróżka|wróżyć
🔯	gwiazda sześcioramienna z kropką	gwiazda|gwiazda sześcioramienna z kropką|szczęście|żydowska
🔰	japoński symbol początkującego kierowcy	japoński|kierowcy|niebieski|początkującego|początkujący|symbol|szewron|w dół|zielony|żółty
🔱	emblemat z trójzębem	emblemat|kotwica|okręt|posejdon|statek|trójząb|tryton|z trójzębem
🔲	czarny kwadratowy przycisk	biały|czarny|czarny kwadratowy przycisk|figura geometryczna|kwadrat|obramowanie
🔳	biały kwadratowy przycisk	biały|biały kwadratowy przycisk|czarny|figura geometryczna|kwadrat|obramowanie
🔴	czerwone koło	czerwone|figura geometryczna|kółko|koło
🔵	niebieskie koło	figura geometryczna|kółko|koło|niebieskie
🔶	duży pomarańczowy romb	duży|figura geometryczna|kształt|pomarańczowy|romb
🔷	duży niebieski romb	duży|figura geometryczna|kształt|niebieski|romb
🔸	mały pomarańczowy romb	figura geometryczna|kształt|mały|pomarańczowy|romb
🔹	mały niebieski romb	figura geometryczna|kształt|mały|niebieski|romb
🔺	czerwony trójkąt skierowany w górę	czerwony|czerwony trójkąt skierowany w górę|do góry|figura geometryczna|trójkąt|w górę|wierzchołkiem
🔻	czerwony trójkąt skierowany w dół	czerwony|czerwony trójkąt skierowany w dół|figura geometryczna|na dół|trójkąt|w dół|wierzchołkiem
🔼	przycisk „w górę”	do góry|przycisk „w górę”|strzałka|trójkąt|w górę
🔽	przycisk „w dół”	na dół|przycisk „w dół”|strzałka|trójkąt|w dół
🕋	kaaba	islam|kaaba|muzułmanin|religia
🕌	meczet	islam|meczet|muzułmanin|religia|świątynia
🕍	synagoga	religia|świątynia|synagoga|żyd|żydowski
🕎	menora	Chanuka|Chanukija|judaizm|kandelabr|menora|religia|świecznik|żydowska
🕐	godzina 1:00	00|1|1:00|czas|godzina|pierwsza|trzynasta|zegar
🕑	godzina 2:00	00|2|2:00|czas|czternasta|druga|godzina|zegar
🕒	godzina 3:00	00|3|3:00|czas|godzina|piętnasta|trzecia|zegar
🕓	godzina 4:00	00|4|4:00|czas|czwarta|godzina|szesnasta|zegar
🕔	godzina 5:00	00|5|5:00|czas|godzina|piąta|siedemnasta|zegar
🕕	godzina 6:00	00|6|6:00|czas|godzina|osiemnasta|szósta|zegar
🕖	godzina 7:00	00|7|7:00|czas|dziewiętnasta|godzina|siódma|zegar
🕗	godzina 8:00	00|8|8:00|czas|dwudziesta|godzina|ósma|zegar
🕘	godzina 9:00	00|9|9:00|dwudziesta pierwsza|dziewiąta|godzina|zegar
🕙	godzina 10:00	00|10|10:00|czas|dwudziesta druga|dziesiąta|godzina|zegar
🕚	godzina 11:00	00|11|11:00|czas|dwudziesta trzecia|godzina|jedenasta|zegar
🕛	godzina 12:00	00|12|12:00|dwunasta|godzina|północ|południe|zegar|zero
🕜	godzina 1:30	1|1:30|30|czas|godzina|pierwsza trzydzieści|trzynasta trzydzieści|zegar
🕝	godzina 2:30	2|2:30|30|czas|czternasta trzydzieści|druga trzydzieści|godzina|zegar
🕞	godzina 3:30	3|3:30|30|czas|godzina|piętnasta trzydzieści|trzecia trzydzieści|zegar
🕟	godzina 4:30	30|4|4:30|czas|czwarta trzydzieści|godzina|szesnasta trzydzieści|zegar
🕠	godzina 5:30	30|5|5:30|czas|godzina|piąta trzydzieści|siedemnasta trzydzieści|zegar
🕡	godzina 6:30	30|6|6:30|czas|godzina|osiemnasta trzydzieści|szósta trzydzieści|zegar
🕢	godzina 7:30	30|7|7:30|czas|dziewiętnasta trzydzieści|godzina|siódma trzydzieści|zegar
🕣	godzina 8:30	30|8|8:30|czas|dwudziesta trzydzieści|godzina|ósma trzydzieści|zegar
🕤	godzina 9:30	30|9|9:30|czas|dwudziesta pierwsza trzydzieści|dziewiąta trzydzieści|godzina|zegar
🕥	godzina 10:30	10|10:30|30|czas|dwudziesta druga trzydzieści|dziesiąta trzydzieści|godzina|zegar
🕦	godzina 11:30	11|11:30|30|czas|dwudziesta trzecia trzydzieści|godzina|jedenasta trzydzieści|zegar
🕧	godzina 12:30	12|12:30|30|czas|dwunasta trzydzieści|godzina|zegar|zero trzydzieści
🕺	tańczący mężczyzna	impreza|mężczyzna|tancerz|tańczący|tańczyć|taniec|zabawa|zawód
🖕	środkowy palec	gest|palec|ręka|środkowy palec|wulgarny gest
🖖	salut wolkański	dłoń|palce|pozdrowienie|ręka|salut|V|wolkan|wolkański|wolkańskie|żyj długo i pomyślnie
🖤	czarne serce	czarne serce|czarny|kocham|miłość|serce|zło
🗻	góra Fudżi	Fudżi|góra|natura
🗼	Tokyo Tower	tokio|tokyo|Tokyo Tower|wieża
🗽	Statua Wolności	Stany Zjednoczone|statua|USA|wolności
🗾	mapa Japonii	japonia|mapa|mapa Japonii
🗿	moai	głowa|moai|posąg|twarz|wyspa wielkanocna
😀	szeroko uśmiechnięta twarz	haha|hehe|roześmiana buźka|śmiech|szeroko uśmiechnięta twarz|uśmiech
😁	szeroko uśmiechnięta twarz o roześmianych oczach	buźka|haha|hehe|śmiech|szeroko uśmiechnięta twarz o roześmianych oczach|uśmiech|wyszczerzone|zęby
😂	twarz ze łzami radości	absurd|buźka|haha|hehe|lol|łza|łzy|łzy radości|płacz|śmiech|śmieszne|twarz ze łzami radości|wesoły
😃	uśmiechnięta twarz z otwartymi ustami	buźka|haha|hehe|radosny|śmiech|szczęśliwy|uśmiech|uśmiechnięta twarz z otwartymi ustami|wesoły
😄	uśmiechnięta twarz z otwartymi ustami i roześmianymi oczami	buźka|haha|hehe|śmiech|uśmiech|uśmiechnięta twarz z otwartymi ustami i roześmianymi oczami|wesoły|zadowolenia
😅	uśmiechnięta twarz z otwartymi ustami, oblana zimnym potem	buźka|gafa|haha|hehe|kropla potu|oblana zimnym potem|pot|śmiech|uśmiech|uśmiechnięta twarz z otwartymi ustami|uśmiechnięta twarz z otwartymi ustami, oblana zimnym potem|wesoły|zawstydzony
😆	uśmiechnięta twarz z przymrużonymi oczami	buźka|haha|hahaha|hehe|lol|rozbawienie|satysfakcja|śmiech|uśmiech|uśmiechnięta twarz z przymrużonymi oczami|wesoły
😇	uśmiechnięta twarz z aureolą	buźka|haha|hehe|nic nie zrobiłem|niewinny|niewinny uśmiech|śmiech|świętoszek|uśmiechnięta twarz z aureolą|wesoły
😈	uśmiechnięta twarz z rogami	buźka|diabełek|fantasy|rogi|różki|uśmiechnięta twarz z rogami|wesoły|złośliwy
😉	twarz puszczająca oko	buźka|mrugnięcie|oczko|puszczać oko|puszczenie oka|twarz puszczająca oko|zaczepka
😊	uśmiechnięta twarz o roześmianych oczach	buźka|haha|hehe|przyjazny|serdeczny|śmiech|uśmiech|uśmiechnięta twarz o roześmianych oczach
😋	twarz delektująca się pysznym jedzeniem	buźka|jedzenie|mniam|oblizywać się|smaczne|twarz delektująca się pysznym jedzeniem|uśmiech
😌	twarz z wyrazem ulgi	błogość|buźka|odprężenie|odprężona buźka|twarz z wyrazem ulgi|uf|ulga|uśmiech
😍	uśmiechnięta twarz z oczami w kształcie serca	buźka|kocham|miłość|serca|uśmiech|uśmiechnięta twarz z oczami w kształcie serca|zachwyt|zakochany
😎	uśmiechnięta twarz w okularach przeciwsłonecznych	buźka|cool|haha|hehe|lato|luzak|na luzie|okulary|szpaner|uśmiech|uśmiechnięta twarz w okularach przeciwsłonecznych|zadowolony
😏	twarz z uśmieszkiem	buźka|cyniczny|haha|hehe|półuśmieszek|twarz z uśmieszkiem|uśmieszek
😐	neutralna twarz	buźka|buźka bez wyrazu|hm|neutralna twarz|nic|nie mam zdania|nie obchodzi mnie|wtf
😑	twarz bez wyrazu	brak emocji|buźka|nic|nie|nie mam zdania|nie obchodzi mnie|twarz bez wyrazu|wtf
😒	niezadowolona twarz	nah|nie|niezadowolenie|niezadowolona buźka|niezadowolona twarz|obrzydzenie|smutek|wtf
😓	twarz ze spuszczonymi oczami oblana potem	beznadziejny|buźka|kropla potu|nerwy|pot|spocony|twarz ze spuszczonymi oczami oblana potem|zimny pot
😔	zamyślona twarz	buźka|smutek|zamyślenie|zamyślona buźka|zamyślona twarz
😕	zdezorientowana twarz	buźka|smutek|zakłopotana buźka|zakłopotanie|zastanowienie|zdezorientowana twarz
😖	zakłopotana twarz	buźka|irytacja|zakłopotana twarz|zirytowana buźka|złość|zły
😗	całująca twarz	buzi|buźka|całująca twarz|całus|pocałunek|ślę całusa
😘	twarz przesyłająca całusa	buzi|buźka|całuję|całus|kocham|miłość|serce|ślę całusa|twarz przesyłająca całusa
😙	całująca twarz o roześmianych oczach	buzi|buźka|całująca twarz o roześmianych oczach|całus|pocałunek|ślę całusa
😚	całująca twarz z zamkniętymi oczami	buzi|buźka|całująca twarz z zamkniętymi oczami|całus|rumieniec|ślę całusa
😛	twarz wystawiająca język	buźka|buźka pokazująca język|język|pokazany język|pokazywać język|twarz wystawiająca język|uśmiech
😜	twarz wystawiająca język i puszczająca oko	buźka|haha|hehe|język|mrugnięcie|pokazuję język|śmiech|twarz wystawiająca język i puszczająca oko|żart
😝	twarz ze zmrużonymi oczami wystawiająca język	ble|buźka|haha|hehe|język|niesmaczne|okropne|pokazywać język|smak|twarz ze zmrużonymi oczami wystawiająca język|zamknięte oczy
😞	rozczarowana twarz	buźka|przykro mi|rozczarowana buźka|rozczarowana twarz|rozczarowanie|smutek
😟	zmartwiona twarz	buźka|martwić się|ojej|smutek|zmartwienie|zmartwiona buźka|zmartwiona twarz
😠	zagniewana twarz	buźka|gniew|rozgniewana buźka|zagniewana twarz|złość
😡	nadąsana twarz	buźka|czerwony|dąsy|nadąsana twarz|twarz|wściekłość|złość
😢	płacząca twarz	buźka|buźka ze łzą w oku|łezka|płacz|płacząca twarz|przykro mi|smutek
😣	uparta twarz	ból|buźka|napięcie|skupienie|uparta twarz|upór|zacięta twarz
😤	prychająca twarz	buźka|furia|prychająca twarz|smutek|smutny|sukces|triumf|twarz|twarz z parą wylatującą z nosa|wygrana|złość|zły
😥	smutna twarz z wyrazem ulgi	buźka|łza|płacz|smutek|smutna twarz z wyrazem ulgi|smutna ulga
😦	zachmurzona twarz z otwartymi ustami	buźka|co?|nie wierzę|opadła mi szczęka|opadła szczena|rozzłoszczona buźka|zachmurzona twarz z otwartymi ustami|zawód|zdziwienie
😧	udręczona twarz	ból|buźka|niedowierzanie|udręczona twarz|zawód|zdziwienie|złość
😨	przestraszona twarz	buźka|przestraszona twarz|strach|wystraszona buźka
😩	znużona twarz	buźka|cierpienie|rezygnacja|zmęczenie|zmęczona buźka|znużona twarz
😪	senna twarz	buźka|sen|senna twarz|senność|spać|śpiąca buźka
😫	zmęczona twarz	buźka|kichać|nie|płacz|rozpacz|smutek|smutny|ziewanie|zmęczenie|zmęczona buźka|zmęczona twarz
😬	twarz z grymasem	buźka|grymas|grymaśna buźka|twarz z grymasem|wyszczerz|zęby
😭	głośno płacząca twarz	buźka|głośno płacząca twarz|głośny płacz|łzy|płacz|smutny|zapłakana buźka|zapłakany
😮	twarz z otwartymi ustami	buźka|o|och|szok|twarz z otwartymi ustami|zaskoczenie|zaskoczona buźka
😮‍💨	twarz wypuszczająca powietrze	buźka|dym|gwizd|twarz wypuszczająca powietrze|ulga|westchnienie|wydech|wydmuchiwać powietrze|wykończony|wypuszczać powietrze|zmęczenie
😯	zdumiona twarz	buźka|o|zaskoczenie|zaskoczona buźka|zdumienie|zdumiona twarz|zdziwienie
😰	zaniepokojona twarz oblana potem	buźka|nerwy|oj|pot|strach|zaniepokojona twarz oblana potem|zmęczenie|zziajana buźka|zziajanie
😱	twarz krzycząca ze strachu	buźka|głowa|krzycząca buźka|krzyk|och|przestrach|strach|twarz krzycząca ze strachu
😲	zadziwiona twarz	buźka|och!|zadziwiona twarz|zaskoczenie|zaskoczona buźka|zdziwienie
😳	twarz z rumieńcami	buźka|rumieńce|twarz z rumieńcami|twarz z wypiekami|wow|wstyd|wypieki|zaskoczenie|zdziwienie
😴	śpiąca twarz	buźka|chrapanie|dobranoc|drzemka|noc|nuda|sen|spać|spanie|śpiąca twarz|śpiący|twarz|ziew|zmęczenie|zzz
😵	oszołomiona twarz	buźka|chory|knock out|nokaut|oszołomiona twarz|oszołomiony|zawrót głowy
😵‍💫	twarz ze spiralnymi oczami	buźka|konsternacja|mętlik|niedobrze mi|spirale|szok|twarz ze spiralnymi oczami|wow|zahipnotyzowana twarz|zawroty głowy
😶	twarz bez ust	buźka|buźka bez ust|cisza|nic nie mówię|oczy|twarz bez ust
😷	twarz w masce medycznej	buźka|choroba|lekarz|maska|operacja|pielęgniarka|twarz|twarz w masce medycznej
😸	uśmiechnięty kot o wesołych oczach	głowa|haha|hehe|kot|oczy|roześmiany|uśmiech|uśmiechnięty kot o wesołych oczach|wesoły|zadowolony|zwierzę
😹	kot ze łzami radości	głowa|haha|hehe|kot|kot ze łzami radości|płaczę ze śmiechu|płakać|śmiech|uśmiech|zęby|zwierzę
😺	uśmiechnięty kot	głowa|haha|hehe|kot|uśmiech|uśmiechnięty kot|uśmiechnięty kot z otwartym pyszczkiem|wesoły|zęby|zwierzę
😻	uśmiechnięty kot z oczami w kształcie serca	buźka|głowa|kocham|kot|miłość|oczy|serca|uśmiechnięty kot z oczami w kształcie serca|zakochany|zwierzę
😼	kot z drwiącym uśmiechem	głowa|ironia|ironiczny|kot|kot z drwiącym uśmiechem|kpiarski|kpina|zwierzę
😽	kot przesyłający całusa	buzi|buziak|całuję|całus|całuski|głowa|kot|kot przesyłający całusa|rumieniec|zwierzę
😾	nadąsany kot	głowa|grymas|kot|nadąsany kot|obrażony|zły|zwierzę
😿	płaczący kot	buźka|głowa|kot|łza|płaczący kot|płaczę|smutek|smutny|zwierzę
🙀	przestraszony kot	głowa|kot|przestrach|przestraszony|w szoku|zaskoczony|zdumiony|zszokowany|zwierzę
🙁	lekko zachmurzona twarz	buźka|ech|grymas|lekko zachmurzona twarz|meh|niezadowolenie|niezadowolony|smutek|smutny
🙂	lekko uśmiechnięta twarz	buźka|haha|hehe|lekko uśmiechnięta twarz|miły|śmiech|uśmiech|wesoły
🙃	odwrócona twarz	buźka|do góry nogami|haha|hehe|odwrócona twarz|śmiech|uśmiech|wesoły
🙄	twarz przewracająca oczami	buźka|irytacja|obojętność|oczy|pff|przewracam oczami|twarz przewracająca oczami|wszystko jedno|zniecierpliwienie|znudzenie
🙅	osoba pokazująca gest NIE	kobieta|nic z tego|nie|nie ma mowy|nie wolno|osoba|osoba pokazująca gest NIE|skrzyżowane ręce|sprzeciw|zakaz
🙆	osoba pokazująca gest OK	entuzjazm|kobieta|ojej|ojej!|ok|OK|osoba|osoba pokazująca gest OK|podskok do góry|ręce|ręce w górze|zachwyt
🙇	osoba w ukłonie	gest|osoba|osoba w ukłonie|przepraszam|skrucha|ukłon|wybacz|żal
🙈	małpa zasłaniająca oczy	gest|małpa|małpa zasłaniająca oczy|małpka|nie|nie widzę|nie widzieć|niedobre|zabronione|zakrywam oczy|zwierzę
🙉	małpa zasłaniająca uszy	buźka|gest|głowa|głuchy|małpa|małpa zasłaniająca uszy|małpka|nie|nie słyszę|nie słyszeć|niedobre|zabronione|zakrywam uszy|zwierzę
🙊	małpa zasłaniająca pyszczek	buźka|co ja mówię|gest|głowa|małpa|małpa zasłaniająca pyszczek|małpka|nie|nie mówić|nie mówię|niedobre|zabronione|zakrywam usta|zwierzę
🙋	osoba podnosząca rękę	gest|halo|hej|osoba|osoba podnosząca rękę|powitanie|pozdrowienie|ręka do góry|witaj|zgłaszać się|zgłaszająca się
🙌	wzniesione ręce	dłonie|hura|hurra|ręce|super|wzniesione
🙍	zachmurzona osoba	niepokój|osoba|przygnębienie|smutek|smutna|smutny|urażona|urażony|zachmurzona|zachmurzony|zmartwienie|zmartwiona|zmartwiony
🙎	nadąsana osoba	buźka|foch|głowa|gniewać się|kapryśna|kobieta|mina|naburmuszać się|nadąsana osoba|niezadowolona|obrażona|osoba
🙏	złożone ręce	dziękuję|modlitwa|prosić|ręka|złożone ręce
🚀	rakieta	kosmiczny|kosmos|pojazd|rakieta|statek
🚁	helikopter	helikopter|pojazd|śmigłowiec
🚂	lokomotywa	ciuchcia|kolej|lokomotywa|pociąg|podróż|pojazd|stara lokomotywa
🚃	wagon kolejowy	elektryczny|kolejowy|pociąg|pojazd|szynowy|tramwaj|wagon
🚄	szybki pociąg	kolej|pendolino|pociąg|pojazd|shinkansen|szybki|szynowy
🚅	szybki pociąg z zaokrąglonym przodem	kolej|pendolino|pociąg|pojazd|shinkansen|szybki|szynowy
🚆	pociąg	kolej|pociąg|podróż|pojazd
🚇	metro	kolejka|metro|pociąg|pojazd|tunel
🚈	kolej miejska	kolej|kolejka|metro|miejska|pociąg|podmiejska|podmiejski|pojazd
🚉	stacja	dworzec|kolej|kolejowa|pociąg|podróż|pojazd|stacja
🚊	tramwaj	pociąg|pojazd|szynowy|tramwaj|trolejbus
🚋	wagon tramwajowy	pojazd|szynowy|tramwaj|tramwajowy|trolejbus|wagon
🚌	autobus	autobus|autokar|pojazd
🚍	nadjeżdżający autobus	autobus|nadjeżdżać|nadjeżdżający|pojazd|przód|samochód
🚎	trolejbus	autobus|elektryczny|pojazd|trolejbus
🚏	przystanek autobusowy	przystanek|przystanek autobusowy
🚐	minibus	auto|bus|busik|minibus|pojazd|samochód
🚑	karetka pogotowia	ambulans|auto|erka|karetka|karetka pogotowia|pogotowie|pojazd|samochód
🚒	samochód strażacki	auto|pojazd|pożar|samochód|samochód strażacki|straż pożarna|wóz strażacki
🚓	samochód policyjny	auto|patrol|pojazd|policja|radiowóz|samochód policyjny
🚔	nadjeżdżający radiowóz	auto|nadjeżdżający radiowóz|patrol|pojazd|policja|radiowóz|samochód|samochód policyjny
🚕	taksówka	auto|pojazd|samochód|taksówka|taryfa|taxi|żółta|żółty
🚖	nadjeżdżająca taksówka	auto|nadjeżdżać|nadjeżdżająca|pojazd|samochód|taksówka|taryfa|taxi|żółta|żółty
🚗	samochód	auto|pojazd|samochód
🚘	nadjeżdżający samochód	auto|nadjeżdżające auto|nadjeżdżający pojazd|nadjeżdżający samochód|pojazd|samochód
🚙	samochód SUV	auto|pojazd|samochód|sport|SUV|wypoczynkowy
🚚	samochód dostawczy	auto|ciężarówka|dostawa|dostawczy|pojazd|samochód
🚛	samochód ciężarowy	auto|ciężarówka|dostawczy|pojazd|samochód|samochód ciężarowy|tir
🚜	ciągnik	ciągnik|pojazd|rolniczy|rolnik|traktor
🚝	kolej jednoszynowa	jednoszynowa|kolej|pojazd|szynowy
🚞	kolej górska	górska|górski|góry|kolej|kolejka|pojazd|wagon
🚟	kolej podwieszana	kolej|pociąg|podwieszana|pojazd
🚠	górska kolej linowa	gondola|gondolowa|górska|góry|kolej|kolejka|linowa|podwieszana|wagonik|wyciąg
🚡	kolej linowa	gondola|gondolowa|kolej|kolejka|linowa|podwieszana|wagonik
🚢	statek	łódka|łódź|pasażerski|statek
🚣	osoba wiosłująca w łodzi	łódka|łódź|osoba|w łodzi|wiosłowanie|wiosłująca|zawody
🚤	ścigacz wodny	łódka|łódź|motorówka|ścigacz|wodny
🚥	pozioma sygnalizacja uliczna	drogowe|pozioma|światła|świetlna|sygnalizacja|uliczna
🚦	pionowa sygnalizacja uliczna	drogowe|pionowa|światła|świetlna|sygnalizacja|uliczna
🚧	prace drogowe	bariera|prace drogowe|znak drogowy
🚨	kogut policyjny	kogut|lampa obrotowa|policja|policyjny|sygnalizator świetlny
🚩	flaga trójkątna	chorągiewka|czerwona flaga|flaga|flaga trójkątna|słupek|trójkątna chorągiewka
🚪	drzwi	drzwi
🚫	zakaz	brak przejścia|wejście|zabronione|zakaz|znak
🚬	papieros	dla palących|dym|dymek|palacz|palić|papieros
🚭	zakaz palenia	nie wolno|palenie|palenie wzbronione|papieros|zabronione|zakaz|zakaz palenia
🚮	znak kosza na śmieci	kosz|nie śmiecić|śmieci|śmiecić|znak kosza na śmieci
🚯	zakaz śmiecenia	nie śmiecić|nie wolno|nie wyrzucać|śmieci|zabronione|zakaz|zakaz śmiecenia
🚰	woda pitna	kran|pić|pitna|szklanka|woda
🚱	woda niezdatna do picia	nie pić|nie wolno|niezdatna|woda|woda niezdatna do picia|zabronione|zakaz
🚲	rower	pojazd|rower|rowerek
🚳	zakaz wjazdu rowerów	nie wolno|pojazd|rower|zabroniony|zakaz|zakaz wjazdu rowerów
🚴	osoba na rowerze	kolarka|kolarz|na rowerze|osoba|rower|rowerzysta|rowerzystka|sport|wyścig
🚵	osoba na rowerze górskim	górska|górski|kolarka|kolarz|na rowerze górskim|osoba|rower|rowerzysta|rowerzystka|sport|wyścig
🚶	idąca osoba	chodzenie|idąca|iść|na piechotę|osoba|piechur|pieszo|spacer
🚷	zakaz ruchu pieszych	nie wolno|pieszy|przejście wzbronione|zabronione|zakaz|zakaz dla pieszych|zakaz ruchu pieszych
🚸	dzieci przechodzące przez jezdnię	dla dzieci|dla pieszych|dzieci|dziecko|przechodzące|przejście|przez jezdnię|uwaga
🚹	toaleta męska	dla mężczyzn|męska|męski|szalet|toaleta|ubikacja|ustęp|WC
🚺	toaleta damska	damska|damski|dla kobiet|szalet|toaleta|ubikacja|ustęp|WC
🚻	toalety	łazienka|szalet|toaleta|toalety|ubikacja|WC
🚼	symbol niemowlęcia	dziecko|niemowlę|niemowlęcia|przewijak|symbol|znak
🚽	muszla klozetowa	dolnopłuk|muszla klozetowa|sedes|toaleta|ubikacja
🚾	WC	szalet|toaleta|ubikacja|ustęp|WC
🚿	prysznic	łazienka|prysznic|woda
🛀	osoba biorąca kąpiel	biorąca kąpiel|kąpiel|osoba|w wannie|wanna
🛁	wanna	kąpiel|wanna
🛂	kontrola paszportowa	granica|graniczna|kontrola|kontrola paszportowa|paszport
🛃	kontrola celna	celna|komora celna|kontrola|lotnisko
🛄	odbiór bagażu	bagaż|bagażu|lotnisko|odbiór
🛅	przechowalnia bagażu	bagaż|bagażu|kluczyk|pozostawiony|przechowalnia|skrytka|walizka|zamknięcie
🛌	osoba w łóżku	dobranoc|drzemka|hotel|łóżko|nocleg|nocowanie|osoba|pensjonat|posłanie|sen|spać|w łóżku|zzz
🛐	miejsce kultu	kaplica|kościół|kult|miejsce kultu|modlitwa|religia|świątynia
🛑	znak stopu	stop|znak|znak drogowy|znak stopu
🛒	wózek sklepowy	koszyk|sklep|wózek|wózek sklepowy|zakupy
🛕	świątynia hinduistyczna	hinduizm|świątynia|świątynia hinduistyczna
🛖	chata	chata|chatka|dom|domek|jurta|okrągły|przytulny|schronienie|strzecha
🛗	winda	dostępność|dźwig osobowy|podnośnik|winda|wyciąg pionowy
🛘	osuwisko	góra|katastrofa|lawina|lawina błotna|niebezpieczeństwo|skały|trzęsienie ziemi
🛜	bezprzewodowy	bezprzewodowe|bezprzewodowy|hotspot|internet|komputer|łączność|router|sieć|szerokopasmowe|wi-fi|wifi|wlan
🛝	zjeżdżalnia	park rozrywki|plac zabaw|ślizgawka|wesołe miasteczko|zabawa|zjeżdżalnia
🛞	koło pojazdu	koło|koło pojazdu|kręcić|opona|samochód
🛟	koło ratunkowe	bezpieczeństwo|koło ratunkowe|pływak|pływanie|ratunek
🛫	odlot samolotu	odlot|odprawa|podróż|pojazd|samolot|samolotu|start|wylot
🛬	przylot samolotu	lądowanie|podróż|pojazd|przylot|samolot|samolotu
🛴	hulajnoga	hulajnoga|pojazd
🛵	skuter	motor|pojazd|skuter
🛶	kajak	biwak|jezioro|kajak|łódka|łódź|wakacje
🛷	sanie	sanie|sanki|śnieg|sport|zabawa|zima
🛸	latający talerz	fantastyka|kosmici|kosmita|latający|sci-fi|sf|spodek|talerz|ufo
🛹	deskorolka	deska|deskorolka|kółka|skate|skateboard|skater
🛺	autoriksza	autoriksza|tuk-tuk
🛻	pick-up	auto|furgonetka|pick-up|pikap|półciężarówka|półtonówka|przewozić|samochód
🛼	wrotka	jazda na rolkach|łyżworolki|rolki|sport|wrotka|wrotkarstwo|wrotki
🟠	pomarańczowe koło	kółko|koło|pomarańczowe
🟡	żółte koło	kółko|koło|żółte
🟢	zielone koło	kółko|koło|zielone
🟣	fioletowe koło	fioletowe|kółko|koło
🟤	brązowe koło	brązowe|kółko|koło
🟥	czerwony kwadrat	czerwony|kwadrat|kwadratowy
🟦	niebieski kwadrat	kwadrat|kwadratowy|niebieski
🟧	pomarańczowy kwadrat	kwadrat|kwadratowy|pomarańczowy
🟨	żółty kwadrat	kwadrat|kwadratowy|żółty
🟩	zielony kwadrat	kwadrat|kwadratowy|zielony
🟪	fioletowy kwadrat	fioletowy|kwadrat|kwadratowy
🟫	brązowy kwadrat	brązowy|kwadrat|kwadratowy
🟰	gruby znak równości	gruby znak równości|matematyka|równa się|równość|znak równości
🤌	złączone palce	gest|oczekiwanie|palce|poczekać|przesłuchanie|sarkazm|szczypta|włochy|złączone palce
🤍	białe serce	białe|serce
🤎	brązowe serce	brązowe|serce
🤏	dłoń z gestem „trochę”	ciut|dłoń z gestem „trochę”|mała ilość|mało|palce|szczypta|trochę
🤐	twarz z zamkiem błyskawicznym na ustach	buzia na kłódkę|buźka|nic nie powiem|tajemnica|twarz z zamkiem błyskawicznym na ustach
🤑	twarz z pieniędzmi na ustach	bogaty|buźka|hajs|kasa|pieniądze|twarz|twarz z pieniędzmi na ustach
🤒	twarz z termometrem	buźka|choroba|gorączka|smutek|temperatura|termometr|twarz z termometrem
🤓	kujon	buźka|buźka w okularach|bystry|inteligent|kujon|mózgowiec|nerd|okulary|uśmiech|utalentowany
🤔	myśląca twarz	buźka|hm|hmm|myśląca twarz|myślę|zamyślony|zastanawiam się|zastanowienie
🤕	twarz z bandażem	bandaż|buźka|czoło|głowa|rana|skaleczenie|smutny|twarz z bandażem
🤖	głowa robota	głowa robota|monstrum|potwór|robot|twarz
🤗	twarz z gestem przytulania	buźka|przytulać|przytulanie|ręka|ściskam|twarz z gestem przytulania|uśmiech
🤘	gest rogów	dłoń|gest|heavy metal|mano cornuta|metal|ręka|rock|rock and roll|rocker|rogi|rogów|znak
🤙	dłoń w geście „Zadzwoń do mnie”	dłoń w geście Zadzwoń do mnie|dzwonić|essa|luz|ręka|telefonować|zadzwoń do mnie
🤚	wzniesiony grzbiet dłoni	cześć|powitanie|pozdrowienie|pożegnanie|stop|uniesiona dłoń|wzniesiony grzbiet dłoni
🤛	pięść skierowana w lewo	cios|pięść|pięść skierowana w lewo|uderzenie z prawej|żółwik
🤜	pięść skierowana w prawo	cios|pięść|pięść skierowana w prawo|uderzenie z lewej|żółwik
🤝	uścisk dłoni	cześć|dłonie|powitanie|ręce|ręka|spotkanie|tak|uścisk|uścisk dłoni|zgoda
🤞	skrzyżowane palce	kciuki|powodzenia|ręka|skrzyżowane palce|trzymać|trzymam kciuki
🤟	gest Kocham cię	dłoń|gest|kocham|miłość|miłości|palce|ręka|rogi|znak
🤠	głowa w kapeluszu kowbojskim	buźka|głowa w kapeluszu kowbojskim|haha|hehe|kapelusz|kowboj|kowbojka|wesoły
🤡	twarz klauna	buźka|cyrk|klown|twarz klauna
🤢	twarz z mdłościami	buźka|choroba|chory|mdłości|obrzydliwe|twarz z mdłościami|wymiotować|zielony
🤣	tarza się ze śmiechu	buźka|haha|hehe|kulać się|lol|łza|łzy|płakać|płakać ze śmiechu|śmiech|śmieszne|tarza się ze śmiechu|wesoły
🤤	śliniąca się twarz	buźka|cieknie mi ślinka|głodny|mniam|ślina|śliniąca się twarz|ślinka
🤥	twarz kłamcy	buźka|długi nos|kłamać|kłamca|pinokio|twarz kłamcy
🤦	osoba trzymająca się za czoło	facepalm|fejspalm|niedowierzanie|osoba trzymająca się za czoło|osoba zakrywająca twarz dłonią|tylko nie to|załamanie|załamka
🤧	kichająca twarz	buźka|choroba|chory|katar|kichać|kichająca twarz|kicham|na zdrowie|smarkanie
🤨	twarz z podniesioną brwią	brew|buźka|dziwne|głowa|hę|hmm|nie wierzę|sceptyczny|twarz|twarz z podniesioną brwią|zdziwiony|że co
🤩	zafascynowany	buźka|fascynacja|głowa|gwiazdy|haha|hehe|śmiech|szczęście|twarz|uśmiech|zabawa|zafascynowany
🤪	szalona twarz	buźka|crazy|duże|głowa|haha|hehe|małe|oko|oszaleć|śmiech|szał|szalona twarz|szalony|twarz
🤫	uciszająca twarz	buźka|cicho|cii|cisza|głowa|sza|twarz|uciszać|uciszająca twarz
🤬	twarz z symbolami na ustach	bluzgać|buźka|głowa|kląć|przekleństwo|przeklinać|twarz|twarz z symbolami na ustach|zły
🤭	twarz z ręką na ustach	buźka|chichotać|głowa|haha|hehe|hihi|śmiech|twarz|twarz z ręką na ustach|ups
🤮	wymiotująca twarz	ble|buźka|choroba|chory|fuj|głowa|obrzydliwe|rzygać|twarz|wymiotować|wymiotująca twarz|wymioty
🤯	eksplodująca głowa	buźka|eksplodująca głowa|eksplozja|głowa|nie wiedzieć|niemożliwe|szok|wybuch
🤰	kobieta w ciąży	ciąża|ciężarna|kobieta|w ciąży
🤱	karmienie piersią	dziecko|karmić|karmić piersią|karmienie piersią|kobieta|matka|miłość|niemowlę|pierś|praca
🤲	dłonie do góry razem	dawać|dłonie|dłonie do góry razem|modlić się|modlitwa|ręce|ręka
🤳	selfie	aparat|selfie|telefon|zdjęcie
🤴	książę	baśń|głowa|korona|król|książę|mężczyzna|monarcha|w koronie
🤵	osoba w smokingu	elegancja|głowa|osoba|ślub|smoking|w smokingu|wesele
🤶	żona św. Mikołaja	głowa|kobieta|mikołaj|mikołajowa|pani mikołajowa|święta|żona św. Mikołaja
🤷	osoba wzruszająca ramionami	bezradność|nie wiem|obojętność|osoba|osoba rozkładająca ręce|osoba wzruszająca ramionami|wątpliwość|wszystko jedno|wzruszenie ramion
🤸	osoba robiąca gwiazdę	akrobatyka|gimnastyczka|gimnastyk|gimnastyka|gwiazda|osoba|przerzut bokiem|robiąca gwiazdę|robić gwiazdę|sport
🤹	żonglująca osoba	cyrk|osoba|spryt|wielozadaniowość|zarządzanie|żongler|żonglerka|żonglowanie|żonglująca
🤺	osoba uprawiająca szermierkę	osoba uprawiająca szermierkę|sport|szermierka|szermierz|szpada|zawody
🤼	osoby uprawiające zapasy	na ringu|osoby|sport|uprawiające zapasy|walka|wrestlerki|wrestlerzy|wrestling|zapaśnicy|zapaśniczka|zapaśniczki|zapaśnik|zapasy
🤽	osoba grająca w piłkę wodną	grająca|osoba|piłka|piłkarka|piłkarz|sport|w piłkę wodną|woda|wodna|wodny
🤾	osoba grająca w piłkę ręczną	grająca|osoba|piłka|piłką|piłkarka|piłkarz|ręczna|ręczny|rzut|sport|szczypiorniak|szczypiornista|szczypiornistka|w piłkę ręczną
🤿	maska do nurkowania	akwalung|do nurkowania|maska|nurkowanie|snorkeling|snurkowanie|sport|z rurką
🥀	zwiędły kwiat	kwiat|płatki|roślina|róża|smutek|smutny|więdnąć|zwiędły
🥁	bęben	bęben|bębenek|grać|muzyka
🥂	stukające się kieliszki	alkohol|impreza|kieliszki|na zdrowie|nowy rok|przyjęcie|stukające się kieliszki|świętowanie|sylwester|toast
🥃	szklanka z grubym dnem	alkohol|drink|grube dno|impreza|szklanka|whiskey|whisky|z grubym dnem
🥄	łyżka	łyżeczka|łyżka|sztućce
🥅	bramka	bramka|gol|mecz|sport|zawody
🥇	medal za 1. miejsce	medal|medal za 1. miejsce|pierwsze miejsce|sport|zawody|złoto|złoty medal|zwycięstwo
🥈	medal za 2. miejsce	drugie miejsce|medal|medal za 2. miejsce|sport|srebrny medal|srebro|zawody
🥉	medal za 3. miejsce	brąz|brązowy medal|medal|medal za 3. miejsce|sport|trzecie miejsce|zawody
🥊	rękawica bokserska	boks|rękawica|rękawica bokserska|sport|zawody
🥋	strój do sztuk walki	judo|karate|martial arts|sport|strój do sztuk walki|sztuki walki|taekwondo|zawody
🥌	kamień do curlingu	curling|do curlingu|gra|kamień|sport
🥍	lacrosse	bramka|kij|lacrosse|piłka|sport
🥎	softball	piłka|softball|sport|tenis
🥏	frisbee	dysk|frisbee|frizbi|sport
🥐	rogalik	croissant|francuski|jedzenie|pieczywo|rogal|rogalik
🥑	awokado	awokado|jedzenie|owoc|roślina
🥒	ogórek	jedzenie|korniszon|ogórek|pikle|warzywo
🥓	boczek	bekon|boczek|jedzenie|mięso
🥔	ziemniak	jedzenie|kartofel|pyra|warzywo|ziemniak
🥕	marchew	jedzenie|marchew|marchewka|warzywo
🥖	bagietka	bagietka|bułka|chleb|jedzenie|pieczywo
🥗	sałatka	jedzenie|sałata|sałatka|surówka
🥘	danie z patelni	danie z patelni|jedzenie|paella|patelnia|rondel|wok
🥙	wrap	bułka|falafel|gyros|jedzenie|kebab|tortilla|wrap
🥚	jajko	jajko|jajo|jedzenie|kura|kurczak|nabiał
🥛	szklanka mleka	biały|jedzenie|mleka|mleko|napój|szklanka
🥜	orzeszki ziemne	fistaszki|jedzenie|orzech|orzeszki|orzeszki ziemne
🥝	owoc kiwi	jedzenie|kiwi|owoc
🥞	naleśniki	jedzenie|naleśniki|placki
🥟	pieróg	gyoza|jedzenie|pieróg|pierogi
🥠	ciastko z wróżbą	ciasteczko|ciastko|przepowiednia|szczęście|wróżba|z wróżbą
🥡	pudełko na wynos	jedzenie|na wynos|pałeczki|pudełko|ryż
🥢	pałeczki	pałeczki
🥣	miska z łyżką	jedzenie|miska|miska z łyżką|zupa
🥤	szklanka ze słomką	drink|napój|oranżada|picie|słomka|soda|szklanka ze słomką
🥥	kokos	kokos|orzech|tropiki
🥦	brokuł	brokuł|jedzenie|warzywo|zielone
🥧	ciasto	ciasto|jedzenie|placek|szarlotka
🥨	precel	ciastko|jedzenie|precel
🥩	kawałek mięsa	jedzenie|kawałek|mięsa|mięso|schabowy|stek|wieprzowina|wołowina
🥪	kanapka	jedzenie|kanapka|śniadanie
🥫	jedzenie w puszce	jedzenie|puszka|w puszce
🥬	warzywo liściaste	bok choy|burger|jarmuż|jedzenie|kapusta|kapusta chińska|kapusta pekińska|liść|pak choy|sałata|sałatka|warzywo|zielenina|zielony
🥭	mango	jedzenie|mango|owoc|shaker|tropikalna|tropikalne|tropikalny
🥮	ciasteczko księżycowe	biszkopt|ciasteczko księżycowe|ciasto|ciasto księżycowe|jedzenie|jesień|placek|święto|yuèbǐng
🥯	bajgiel	bajgiel|chleb|jedzenie|pączek|pieczywo|piekarnia|posmarować|śniadanie
🥰	uśmiechnięta buźka z sercami	buźka|kochać|kocham cię|miłość|romans|serca|serce|twarz|uśmiech|uśmiechnięta buźka z sercami|uśmiechnięta twarz|uśmiechnięta twarz z sercami|uwielbiać|uwielbienie|zadurzenie|zakochać się|zakochana|zakochane|zakochany
🥱	ziewająca twarz	buźka|dobranoc|drzemka|nuda|obojętność|sen|senność|spanie|ziew|ziewać|ziewająca twarz|zmęczenie|znudzony|znużenie|zzz
🥲	uśmiechnięta buźka ze łzą	buźka|dumny|łza|ulga|uśmiechnięta buźka ze łzą|uśmiechnięty|wdzięczność|wdzięczny|wzruszenie|wzruszony
🥳	świętująca twarz	buźka|czapeczka|ekscytacja|hura|impreza|piszczałka|przyjęcie|święto|świętować|świętowanie|świętująca buźka|świętująca twarz|trąbka|urodziny|życzenia
🥴	zamroczona twarz	alkohol|buźka|faliste usta|krzywe usta|na gazie|nierówne oczy|niewyraźna twarz|odurzony|pijana|pijane|pijani|pijany|pod wpływem|podchmielenie|podchmielony|rozbiegane oczy|twarz|wstawiony|zamroczona twarz|zawroty głowy
🥵	rozgrzana twarz	choroba|czerwona buźka|czerwona twarz|duszno|dyszeć|gorąco|gorączka|pocenie|pot|rozgrzana buźka|rozgrzana twarz|rozpalony|spocony|udar cieplny|udar słoneczny|upał
🥶	zmarznięta twarz	blada twarz|buźka|mróz|mroźno|niebieska|odmrożenia|odmrożenie|poniżej zera|sina|siny|sopel lodu|sople|szczękać zębami|trzęsę się|twarz|zimna twarz|zimno|zmarznięta|zmarznięty
🥷	ninja	najemnik|niewidoczny|ninja|osoba|skradać się|tajny agent|ukryty|wojna|wojownik|żołnierz
🥸	buźka w przebraniu	anonimowy|buźka|buźka w przebraniu|incognito|nos|okulary|przebranie|szpieg|twarz|wąsy
🥹	twarz powstrzymująca łzy	duma|łzy|łzy szczęścia|łzy wzruszenia|opór|płacz|podziw|proszę|smutek|smutna twarz|twarz powstrzymująca łzy|uczucia|wdzięczność|wzruszenie|zawstydzenie|zdenerwowanie
🥺	błagająca twarz	błagać|błagająca twarz|błaganie|buźka|duże oczy|ładnie prosić|litość|oczy|poprosić|prosić|proszę|słodkie oczy|smutek|smutna|smutne|smutny|twarz|żebrać|żebranie
🥻	sari	odzież|sari|sukienka|suknia|ubranie
🥼	biały fartuch	biały|biały fartuch|biały płaszcz|doktor|dr|eksperyment|kitel|laboratorium|lekarz|naukowiec|płaszcz laboratoryjny|ubrania|ubranie
🥽	okulary ochronne	gogle|narciarstwo|narty|nurkowanie|ochronne|okulary|pływanie|snorkeling|snorkling|snowboard|spawanie|zjazd
🥾	but turystyczny	biwak|brązowe|brązowy|but|buty|dzicz|kemping|obuwie|spacer|szlak|trapery|turystyczny|wędrówka|wyprawa
🥿	baleriny	baleriny|baletki|but wsuwany|buty|obuwie|pantofelek|płaskie obuwie|wygodne
🦀	krab	krab|morze|ocean|plaża|rak|zodiak|zwierzę
🦁	głowa lwa	buźka|dziki|głowa|grzywa|kot|lew|lwa|pysk|zodiak|zwierzę
🦂	brązowy skorpion	brązowy skorpion|pajęczak|skorpion|trucizna|zodiak|zwierzę
🦃	indyk	indyk|ptak|zwierzę
🦄	głowa jednorożca	głowa|jednorożca|jednorożec|kucyk|magia|różowy|zwierzę
🦅	orzeł	Bielik|orzeł|ptak|zwierzę
🦆	kaczka	kaczka|kaczor|ptak|woda|zwierzę
🦇	nietoperz	nietoperz|wampir|zwierzę
🦈	rekin	morze|ocean|rekin|ryba|zwierzę
🦉	sowa	mądrość|mądry|noc|oczy|ptak|sowa|sówka|zwierzę
🦊	głowa lisa	buźka|chytrość|chytry|głowa|lis|lisa|przebiegły|rudy|zwierzę
🦋	motyl	kolorowy|motyl|owad|zwierzę
🦌	jeleń	jeleń|rogacz|rogi|zwierzę
🦍	goryl	goryl|zwierzę
🦎	jaszczurka	gad|jaszczurka|zwierzę
🦏	nosorożec	nosorożec|róg|zwierzę
🦐	krewetka	jedzenie|krewetka|morze|ocean|owoce morza|zwierzę
🦑	kałamarnica	atrament|jedzenie|kałamarnica|mątwa|mięczak|morze|ocean|ośmiornica|owoce morza|sepia|tusz|zwierzę
🦒	żyrafa	głowa|sawanna|zwierzę|żyrafa
🦓	zebra	koń|paski|sawanna|zebra|zwierzę
🦔	jeż	jeż|jeżyk|kolce|zwierzę
🦕	zauropod	dinozaur|głowa|zauropod|zwierzę
🦖	t-rex	dinozaur|głowa|t-rex|tyranozaur|zwierzę
🦗	świerszcz	konik|owad|polny|świerszcz|zwierzę
🦘	kangur	kangur|skakać|skoczny|skok|torbacz|zwierzę
🦙	lama	alpaka|gwanako|lama|wełna|wikunia|zwierzę
🦚	paw	dumna|dumne|dumny|kolorowy|ładny ptak|ostentacyjna|ostentacyjne|ostentacyjny|paw|pawica|piękny ptak|ptak|śliczny ptak|zwierzę
🦛	hipopotam	hipcio|hipopotam|zwierzę
🦜	papuga	gadająca|mowa|mówić|papuga|pirat|ptak|zwierzę
🦝	szop	buźka|ciekawość|ciekawski|pracz|szop|zwierzę
🦞	homar	czerwony|homar|owoce morza|rak|szczypce|zwierzę
🦟	komar	choroba|gorączka|insekt|komar|malaria|owad|ugryzienie|wirus|zwierzę
🦠	zarazek	ameba|ameby|bakteria|bakterie|drobnoustrój|mikrob|mikroby|nauka|wirus|zarazek
🦡	borsuk	borsuk|ratel|ratel miodożerny|zwierzę
🦢	łabędź	biały|brzydkie kaczątko|łabędź|łabędziątko|ptak|zwierzę
🦣	mamut	epoka lodowcowa|kieł|mamut|ogromny|prehistoria|słoniowaty|włochaty|wymarły|zwierzę
🦤	dodo	dodo|duży|Mauritius|ptak|ptaszysko|wymarły|zwierzę
🦥	leniwiec	leniwiec|leniwy|powolny
🦦	wydra	bystre|łapanie ryb|wydra|zabawne|zwierzę
🦧	orangutan	człekokształtna|goryl|małpa|orangutan|zwierzę
🦨	skunks	skunks|smród|zwierzę
🦩	flaming	ekstrawagancja|flaming|tropikalny|zwierzę
🦪	ostryga	małże|nurkowanie|ostryga|perła|perły|zwierzę
🦫	bóbr	bóbr|gryzoń|tama|zęby|zwierzę
🦬	żubr	bizon|puszcza|stado|wół|żubr|zwierzę
🦭	foka	foczka|foka|lew|morski|ssak|zwierzę
🦮	pies przewodnik	dostępność|niewidomi|pies|przewodnik|zwierzę
🦯	biała laska	biała laska|dostępność|niewidomy
🦴	kość	kość|kości|pies|szkielet
🦵	noga	kolano|kończyna|kopnąć|kopniak|kopnięcie|noga|stopa|zgięta noga
🦶	stopa	kopnąć|kopniak|kostka|nadepnąć|stopa|stopy|tupanie|zdeptać
🦷	ząb	białe|dentysta|stomatolog|ząb|zęby
🦸	superbohater	bohater|bohaterka|dobro|moc|pozytywny|siła|superbohater|superbohaterka|superman|supermoc|supermoce
🦹	superłotr	antagonista|antybohater|czarny charakter|potwór|przestępca|superłotr|supermoc|supermoce|zło|złoczyńca|zły|zły bohater
🦺	kamizelka ratunkowa	bezpieczeństwo|kamizelka|kamizelka ratunkowa|ratowanie|sytuacja awaryjna
🦻	ucho z aparatem słuchowym	aparat słuchowy|dostępność|niedosłuch|niedosłyszący|ucho|z aparatem słuchowym
🦼	wózek inwalidzki elektryczny	dostępność|elektryczny wózek inwalidzki|wózek inwalidzki elektryczny
🦽	wózek inwalidzki ręczny	dostępność|wózek inwalidzki|wózek inwalidzki ręczny
🦾	mechaniczne ramię	dostępność|mechaniczne ramię|proteza
🦿	proteza nogi	dostępność|proteza|proteza nogi
🧀	kawałek sera	jedzenie|kawałek sera|ser|szwajcarski|z dziurami|żółty
🧁	babeczka	babeczka|ciastko|cukier|cukiernia|deser|jedzenie|piekarnia|podjadać|posypka|słodycze
🧂	sól	przyprawa|słona|słone|słony|smak|sól|solniczka
🧃	napój w kartoniku	kartonik|napój|słodki|słomka|sok|w kartoniku
🧄	czosnek	aromatyczny|czosnek|jedzenie|warzywo
🧅	cebula	aromatyczna|cebula|jedzenie|warzywo
🧆	falafel	ciecierzyca|falafel|jedzenie|kotlecik|kotlecik z ciecierzycy
🧇	gofr	gofr|gofrownica|jedzenie|śniadanie
🧈	masło	jedzenie|masło|nabiał
🧉	yerba mate	napój|yerba mate
🧊	kostka lodu	kostka|lód|lodu|zimno|zimny
🧋	napój bubble tea	bubble tea|herbata|herbata bąbelkowa|kuleczka|kulki tapioki|mleko|na słodko|tapioka|z tapioką
🧌	troll	bajka|fantazja|potwór|troll
🧍	stojąca osoba	stać|stoi|stojąca osoba
🧎	klęcząca osoba	klęcząca osoba|klęczeć|klęczki|kolana|na kolanach
🧏	osoba głucha	dostępność|głuchota|osoba głucha|słuch|ucho
🧐	twarz z monoklem	buźka|głowa|haha|hehe|mądry|staromodny|twarz|twarz z monoklem|wesoły|wyniosły
🧑	dorosły	człowiek|dorosły|głowa|osoba|płeć neutralna|twarz
🧑‍🌾	rolnik	farmer|ogrodnik|rolnik
🧑‍🍳	kucharz	kucharz|szef kuchni
🧑‍🍼	osoba karmiąca niemowlę	karmienie|karmienie butelką|karmienie piersią|mama|mężczyzna|niemowlę|osoba|osoba karmiąca niemowlę|rodzic|tata
🧑‍🎄	Mikołajka	Boże Narodzenie|Dziadek Mróz|Gwiazdor|Mikołaj|Mikołajka|mikołajki|osoba|prezenty|święta|Wigilia
🧑‍🎓	student	absolwent|student
🧑‍🎤	piosenkarz	aktor|artysta|gwiazda|muzyka|piosenkarz
🧑‍🎨	artysta	artysta|malarz|paleta
🧑‍🏫	nauczyciel	instruktor|nauczyciel|pedagog|profesor
🧑‍🏭	pracownik fabryki	fabryka|montażysta|pracownik|pracownik fabryki
🧑‍💻	technolog	deweloper|oprogramowanie|programista|technolog|wynalazca
🧑‍💼	pracownik biurowy	architekt|biznesmen|menedżer|praca biurowa|pracownik biurowy
🧑‍🔧	mechanik	elektryk|hydraulik|mechanik
🧑‍🔬	naukowiec	biolog|chemik|fizyk|inżynier|naukowiec
🧑‍🚀	astronauta	astronauta|rakieta|statek kosmiczny
🧑‍🚒	strażak	straż pożarna|strażak|wóz strażacki
🧑‍🤝‍🧑	osoby trzymające się za ręce	ludzie|osoby trzymające się za ręce|para|rękę|za ręce
🧑‍🦯	osoba z białą laską	dostępność|niewidoma|niewidomy|osoba z białą laską
🧑‍🦼	osoba na elektrycznym wózku inwalidzkim	dostępność|osoba na elektrycznym wózku inwalidzkim|wózek inwalidzki
🧑‍🦽	osoba na wózku inwalidzkim	dostępność|osoba na wózku inwalidzkim|wózek inwalidzki
🧑‍🧑‍🧒	rodzina: dorosły, dorosły, dziecko	dorosły|dziecko|rodzina: dorosły, dorosły, dziecko
🧑‍🧑‍🧒‍🧒	rodzina: dorosły, dorosły, dziecko, dziecko	dorosły|dziecko|rodzina: dorosły, dorosły, dziecko, dziecko
🧑‍🧒	rodzina: dorosły, dziecko	dorosły|dziecko|rodzina: dorosły, dziecko
🧑‍🧒‍🧒	rodzina: dorosły, dziecko, dziecko	dorosły|dziecko|rodzina: dorosły, dziecko, dziecko
🧑‍🩰	baletnica	balet|tancerka|tancerz
🧒	dziecko	dziecko|głowa|młoda|młody|osoba
🧓	starsza osoba	babcia|dziadek|osoba|siwa|siwy|stara|starsza|staruszek|staruszka|stary|starzec
🧔	osoba z brodą	broda|osoba|osoba z brodą
🧕	kobieta w chuście	chusta|głowa|hidżab|hijab|islam|kobieta|muzułmanka|osoba|uśmiech|w chuście|wesoła
🧖	osoba w zaparowanym pomieszczeniu	osoba|pomieszczenie|relaks|sauna|spa|w zaparowanym pomieszczeniu|zaparowane
🧗	osoba wspinająca się	osoba|skałki|sport|wspinacz|wspinaczka|wspinająca się
🧘	osoba w pozycji lotosu	joga|medytacja|osoba|relaks|siedząca|siedzący|siedzieć|spokój|w pozycji lotosu|zen
🧙	mag	czarnoksiężnik|czarnownica|czarodziej|fantasy|magia
🧚	wróżka	bajka|baśń|fantasy|Oberon|Puk|Tytania|wróżka
🧛	wampir	Drakula|nieumarły|wampir
🧜	syrena	bajka|baśń|magia|morze|syrena|syrenka|tryton|Warszawa
🧝	elf	bajka|baśń|elf|fantasy|magia
🧞	dżin	Aladyn|Alladyn|bajka|baśń|dżin|lampa|życzenie
🧟	zombie	chodzące trupy|halloween|horror|nieumarli|strach|straszny|zombie
🧠	mózg	inteligentny|mózg|myśleć
🧡	pomarańczowe serce	kocham|pomarańczowe|serce
🧢	bejsbolówka	bejsbolówka|czapeczka|czapka|czapka z daszkiem
🧣	szalik	szalik|szyja|ubranie|zima|zimno
🧤	rękawiczki	ręka|rękawiczka|rękawiczki
🧥	płaszcz	kurtka|płaszcz|zima|zimno
🧦	skarpetki	skarpetki|skarpety|stopy|ubranie
🧧	czerwona koperta	chiny|czerwona koperta|hong bao|hóngbāo|lai see|na szczęście|pieniądze|podarunek|prezent|szczęście|wdzięczność
🧨	petarda	dynamit|fajerwerki|iskra|materiał|materiały|ogień|petarda|petardy|trotyl|wybuch|wybuchowe|wybuchowy
🧩	element układanki	element|element układanki|łączenie|łamigłówka|puzzle|rebus|układanka
🧪	probówka	chemia|chemik|eksperyment|laboratorium|nauka|probówka
🧫	płytka Petriego	badania|bakteria|bakterie|biolog|biologia|kultura|laboratorium|płytka Petriego|szalka Petriego
🧬	dna	biolog|dna|ewolucja|gen|genetyka|geny|życie
🧭	kompas	kierunek|kompas|magnetyczny|magnetyzm|nawigacja|orientacja|orientacja w terenie|strony świata
🧮	liczydło	abakus|kalkulator|liczyć|liczydło|obliczać|obliczanie|obliczenia
🧯	gaśnica	gasić|gaśnica|ogień|pożar|ugasić|zgasić
🧰	skrzynka na narzędzia	czerwona|klucze|kombinerki|mechanik|na narzędzia|narzędzia|narzędzie|skrzynka|z narzędziami
🧱	cegła	beton|cegła|cegły|cement|glina|mur|murek|płot|ściana|zaprawa
🧲	magnes	kształt u|magnes|magnetyczny|magnetyzm|odpychanie|podkowa|przyciąganie
🧳	bagaż	bagaż|na kółkach|pakować się|pakowanie|podróż|wakacje|walizka
🧴	butelka z płynem	balsam|butelka|butelka z płynem|krem do opalania|mleczko|szampon
🧵	nić	dratwa|igła|nawlekać|nić|nitka|szpulka|szyć|szycie
🧶	włóczka	dziergać|dzierganie|kłębek|na drutach|przędza|robótki|szydełkować|szydełkowanie|wełna|włóczka
🧷	agrafka	agrafka|pielucha|punk|punk rock
🧸	miś pluszowy	miś|niedźwiadek|niedźwiedź|plusz|pluszak|pluszowa|pluszowy|przytulanka|wypchana|wypchany|zabawka
🧹	miotła	czarownica|miotła|sprzątać|sprzątanie|wiedźma|zamiatać|zamiatanie
🧺	kosz	grzybobranie|grzyby|kosz|koszyk|ogród|piknik|pranie|rolnictwo|wiklina
🧻	rolka papieru	papier toaletowy|ręczniki papierowe|rolka papieru|toaleta|ubikacja
🧼	mydło	kąpać się|kąpiel|kostka|kostka mydła|myć|myć się|mycie|mydelniczka|mydło|piana|pienić
🧽	gąbka	gąbka|myć|myć się|mycie|porowata|porowaty|sprzątać|sprzątanie|wchłanianie|wsiąka|wsiąkać
🧾	paragon	dowód|faktura|księgowość|kwitek|paragon|pokwitowanie|rachunek|rachunkowość
🧿	amulet nazar	amulet|błękitne|charms|fatimy|koralik|nazar|niebieski|oko|paciorek|proroka|talizman|złe oko
🩰	baletki	balet|baletki|taniec
🩱	strój kąpielowy jednoczęściowy	jednoczęściowy strój kąpielowy|kostium do kąpieli|kostium kąpielowy|strój kąpielowy|strój kąpielowy jednoczęściowy
🩲	kąpielówki	bielizna|kąpielówki|majtki do kąpieli|slipy|strój do kąpieli
🩳	szorty	bermudy|bielizna|spodenki|strój do kąpieli|szorty
🩴	japonka	buty|japonka|japonki|klapek|klapki|na basen|na lato|na plażę|obuwie|plaża|sandał|sandały|z jednym paskiem
🩵	jasnoniebieskie serce	143|błękitne|jasnoniebieskie|kocham cię|lubić|miłość|serce|sympatia|turkusowe|urocze|zielononiebieskie
🩶	szare serce	143|ciemnoszare|kocham cię|miłość|serce|specjalne|srebrne|szare
🩷	różowe serce	143|emocje|kocham cię|lubić|miłość|różowe|serce|słodkie|sympatia|urocze
🩸	kropla krwi	krew|kropla krwi|krwawienie|krwiodawstwo|medycyna|menstruacja|oddawanie krwi|rana
🩹	plaster	opatrunek|plaster
🩺	stetoskop	lekarz|medycyna|praca|serce|stetoskop
🩻	zdjęcie rentgenowskie	klatka piersiowa|kości|lekarz|medycyna|prześwietlenie|rentgen|szkielet|zdjęcie rentgenowskie
🩼	kula	ból|kij|kula|laska|niepełnosprawność|pomoc w chodzeniu
🪀	jojo	jojo|zabawka
🪁	latawiec	latanie|latawiec|na wietrze|wiatr
🪂	spadochron	lotnia|lotniarstwo|motorową|paralotnia|parasailing|skydiving|spadochron|spadochroniarstwo|sport|za łodzią
🪃	bumerang	broń|bumerang|pocisk|wracający
🪄	czarodziejska różdżka	abrakadabra|czarodziej|czarodziejka|czarodziejska|czary|czary-mary|hokus-pokus|magia|magik|różdżka|zaklęcie
🪅	piniata	cinco de mayo|cukierki|meksyk|pinata|piniata|święto|tradycja|zabawa
🪆	matrioszki	drewniana|kolekcja|laleczka|lalka|matrioszka|matrioszki|rękodzieło|rosyjska|w lalce|zabawka
🪇	marakasy	cza cza|grzechotać|grzechotki|impreza|instrument|marakasy|muzyka|perkusja|perkusyjny|potrząsać|taniec
🪈	flet	dęty|drewniany|flet|fujarka|grać|gwizdać|instrument|muzyka|na flecie|orkiestra|piccolo|pikolo|piszczałka|prosty
🪉	harfa	amorek|harfa|instrument|miłość|muzyka|orkiestra
🪊	puzon	instrument|instrument dęty blaszany|jazz|muzyka|smutek|suwak
🪎	skrzynia skarbów	bogactwo|kamień szlachetny|klejnot|kosztowności|łup|nagroda|pieniądze|srebro|złoto
🪏	łopata	dziura|kopać|łopata|szpadel
🪐	planeta z pierścieniami	pierścienie|planeta|planeta z pierścieniami|saturn|saturnowy
🪑	krzesło	krzesło|siadać|siedzenie
🪒	brzytwa	brzytwa|golarka|golarka ręczna|golenie|ostre narzędzie|żyletka
🪓	siekiera	drewno|rąbać|rozłupywać|siekiera|topór
🪔	dipa	dipa|lampka|oliwna
🪕	banjo	banjo|instrument|muzyka|strunowy
🪖	hełm wojskowy	armia|hełm|kask|militaria|ochrona głowy|wojownik|wojsko|wojskowy|żołnierz
🪗	akordeon	akordeon|bajan|harmonia|instrument|klawisze|koncertyna|muzyka
🪘	konga	bęben|bębenek|bębnić|instrument|konga|muzyka|rytm|tamburyn
🪙	moneta	bogactwo|dolar|euro|metalowa|moneta|pieniądze|skarb|srebrna|złota
🪚	piła do drewna	majsterkowanie|narzędzie|piła|piła do drewna|przecinarka|przycinać|stolarz|tarcica|zębate ostrze
🪛	śrubokręt	narzędzie|śruba|śrubokręt|wkręt|wkrętak
🪜	drabina	do góry|drabina|hierarchia|ranking|stopnie|szczebel|wspinać się
🪝	hak	haczyk|hak|połknąć|zaczep|zahaczyć|zakrzywiony|zawiesić|złapać|złowić
🪞	lustro	akcesoria do domu|lustro|makijaż|odbicie|przeglądać się|rama lustra|stroić się|wiszące lustro|wystrój wnętrza|zwierciadło
🪟	okno	framuga|okno|powietrze|przezroczyste|świeże|szyba|widok|witryna
🪠	przepychacz	hydrauliczne|hydraulik|narzędzie|odetkać|przepychać|przepychacz|przepychacz do toalety|przyssawka|toaleta|udrażnianie rur|udrożnić
🪡	igła krawiecka	cerówka|haft|igła|krawiecka|krawiectwo|szwy|szycie|z nitką|zszywać
🪢	węzeł	łączyć|lina|makrama|połączenie|splot|supeł|sznur|sznurek|węzeł|wiązać|wiązanie
🪣	wiadro	ceber|czerpak|kubeł|nabierać wodę|naczynie na ciecz|pojemnik|skopek|sprzątanie|wiaderko|wiadro
🪤	pułapka na myszy	łapka|na gryzonie|na myszy|na szczury|na szkodniki|potrzask|przynęta|pułapka|ser|sidła|zasadzka
🪥	szczoteczka do zębów	czyszczenie|do zębów|higiena|jama ustna|łazienka|myć zęby|mycie zębów|szczoteczka|szczotka|zębów|zęby
🪦	nagrobek	cmentarz|epitafium|grób|kamień nagrobny|miejsce pamięci|mogiła|nagrobek|płyta nagrobna|pomnik|spoczywać w pokoju
🪧	tabliczka	demonstracja|manifa|manifestacja|pikieta|protest|sprzeciw|tabliczka|transparent|wiec|znak
🪨	skała	blok skalny|bryła|ciężki|głaz|kamień|minerał|odłamek|opoka|skała|twardy
🪩	kula dyskotekowa	dyskoteka|kula dyskotekowa|migotanie|przyjęcie|taniec
🪪	dowód tożsamości	bezpieczeństwo|dane osobowe|dokument|dowód osobisty|dowód tożsamości|identyfikator|prawo jazdy
🪫	słaba bateria	bateria|elektronika|niski|poziom energii|słaba
🪬	chamsa	amulet|chamsa|dłoń|dłoń Fatimy|dłoń z okiem|Fatima|Miriam|ochrona|ręka Fatimy|ręka Miriam|ręka z okiem
🪭	wachlarz	flirt|gorąco|nieśmiałość|ochłoda|taniec|wachlarz|wachlować|wachlowanie
🪮	grzebień fryzjerski	afro|czesanie|fryzjerski|grzebień|rozczesywanie|włosy
🪯	khanda	deg|fateh|khalsa|khanda|religia|sikh|sikhizm|tegh|wiara
🪰	mucha	choroby|giez|gnicie|insekt|mucha|owad|szkodnik|tse-tse|zwierzę
🪱	robak	dżdżownica|glista|kompostowanie|pasożyt|pierścienice|robak|zwierzę
🪲	chrząszcz	chrabąszcz|chrząszcz|owad|żuk|zwierzę
🪳	karaluch	karaczan|karaluch|owad|prusak|szkodnik|zwierzę
🪴	roślina doniczkowa	doniczka|doniczkowa|doniczkowy|kwiat|roślina
🪵	drewno	drewno|kłoda|pień|polano|tarcica
🪶	pióro	fruwać|latanie|lekkość|pierze|pióra|pióro|pióro do pisania|upierzenie
🪷	lotos	buddyzm|czystość|hinduizm|kwiat|lotos|lotosu|piękno|spokój
🪸	koralowiec	koralowa|koralowiec|ocean|rafa
🪹	puste gniazdo	gniazdo|gniazdowanie|gnieżdżenie|ptasie|puste
🪺	gniazdo z jajkami	gniazdo|gniazdowanie|gnieżdżenie|jajka|ptasie|z jajkami|zniesione jaja
🪻	hiacynt	bławatek|chaber|fioletowy|hiacynt|indygo|krzew|kwiat|kwitnienie|lawenda|lilak|łubin|lwia paszcza|purpurowy|wiosna
🪼	meduza	akwarium|bezkręgowiec|galareta|macki|meduza|morski|morskie|morze|ocean|parzyć|plankton|zwierzę
🪽	skrzydło	anielskie|latający|latanie|lotnictwo|mitologia|niebiańskie|ptak|skrzydło|wznosić się
🪾	drzewo bez liści	bez liści|drzewo|susza|zima
🪿	gęś	drób|gąsior|gęganie|gęś|gęsi|głuptas|kaczka|ptak|stado|zwierzę
🫀	serce	anatomia|bicie serca|kardiologia|mięsień sercowy|narząd|organ|puls|serce
🫁	płuca	klatka piersiowa|narząd|oddech|oddychanie|organ|płuca|układ oddechowy|wdech|wydech
🫂	obejmujące się osoby	cześć|do widzenia|dzięki|obejmujące się osoby|objęcia|osoby|pocieszenie|przyjaźń|przytulenie|uścisk|wsparcie
🫃	mężczyzna w ciąży	brzuch|ciąża|mężczyzna|najedzony|pełny|przejedzenie|w ciąży|wzdęty
🫄	osoba w ciąży	brzuch|ciąża|najedzona|osoba|pełny|przejedzenie|w ciąży|wzdęty
🫅	osoba w koronie	korona|król|królewski|monarcha|osoba w koronie|szlachta
🫆	odcisk palca	bezpieczeństwo|odcisk palca|tożsamość
🫈	włochate stworzenie	człowiek z lasu|gigant|kryptyda|las|sasquatch|wielka stopa|włochate|yeti
🫍	orka	morski|ocean|wieloryb
🫎	łoś	łoś|poroże|ssak|zwierzę
🫏	osioł	muł|osioł|osiołek|ssak|uparty|zwierzę
🫐	borówka amerykańska	antyoksydanty|borówka|borówka amerykańska|jagoda|jedzenie|owoc|owoce leśne|rośliny
🫑	papryka	papryka|paprykowy|roślina|słodka|warzywo|witaminy|zielona
🫒	oliwka	drzewo oliwne|gałązka oliwna|jedzenie|oliwka|oliwki|roślina
🫓	pita	arepa|chlebek|jedzenie|lawasz|naan|pita|placek|podpłomyk
🫔	tamales	danie|jedzenie|meksykańskie|pamonha|przekąska|tamales|zawijane
🫕	fondue	czekolada|fondue|garnek|jedzenie|na ciepło|roztopione|ser|szwajcarskie
🫖	czajniczek	czajniczek|czajnik|dzbanek|herbata|imbryk|na herbatę|napój|picie
🫗	nalewanie płynu	nalewanie płynu|napój|pusty|rozlanie|szklanka|wylewanie
🫘	fasola	fasola|fasolka|jedzenie|nerkowata|strąk
🫙	słoik	pojemnik|przechowywanie|przyprawa|pusty|słoik|słój|sos|zapas
🫚	korzeń imbiru	imbir|imbiru|korzeń|naturalne|przyprawa|zdrowie|zioła|zioło
🫛	strąk grochu	edamame|fasola|groch|grochu|łuskać|roślina|soja|sojowa|strączek|strączkowa|strąk|warzywo
🫜	warzywo korzeniowe	burak|korzeń|ogród|rzepa|warzywo
🫟	rozbryzg	farba|holi|plama|rozbryzg|rozlanie
🫠	roztapiająca się twarz	gorąco|płynna twarz|rozpuszczająca się twarz|rozpuszczanie się|roztapiająca się twarz|roztapianie się|sarkazm|zawstydzenie|znikająca twarz
🫡	salutująca twarz	ok|pogodna twarz|powodzenia|salutowanie|salutująca twarz|tak jest|wojsko
🫢	twarz z otwartymi oczami i ręką na ustach	niedowierzanie|niespodzianka|omg|przestrach|przestraszona twarz|szok|twarz z otwartymi oczami i ręką na ustach|zasłonięte usta|zawstydzona twarz|zdumienie
🫣	twarz z podglądającym okiem	chowanie się|gapienie się|nieśmiałość|podglądanie|strach|twarz z podglądającym okiem|ukrywanie się|zaabsorbowana twarz|zawstydzenie
🫤	twarz z ukośnymi ustami	do kitu|frustracja|niepewna twarz|rozczarowana twarz|sceptyczna twarz|twarz z ukośnymi ustami|wątpienie|zmieszanie
🫥	twarz otoczona linią przerywaną	chowanie się|introwertyk|niechęć|niewidzialna twarz|niewidzialność|przygnębiona twarz|smutek|twarz otoczona linią przerywaną|ukryta twarz|znikająca twarz|znikanie
🫦	przygryzanie wargi	całus|dyskomfort|flirt|nerwowość|niepokój|pomadka|przygryzanie wargi|strach|usta|zmartwienie
🫧	bąbelki	bąbelki|mycie|mydło|piana|plusk|pod wodą
🫨	wstrząśnięta twarz	drganie|łał|niespodzianka|omg|oszołomienie|szaleństwo|szok|trzęsienie ziemi|twarz|wibracje|wow|wstrząs|wstrząśnięta twarz
🫩	twarz z workami pod oczami	podkrążone oczy|senność|worki pod oczami|zmęczenie
🫪	wykrzywiona twarz	bezradność|niepokój|opuchlizna|panika|szok|zaskoczenie
🫯	chmura walki	awantura|dyskusja|kłótnia|raban|różnica zdań|walka
🫰	dłoń ze skrzyżowanym palcem wskazującym i kciukiem	dłoń ze skrzyżowanym palcem wskazującym i kciukiem|drogie|miłość|pieniądze|pstryknięcie palcami|serce
🫱	dłoń skierowana w prawo	dłoń|dłoń skierowana w prawo|prawa|uścisk dłoni|w prawo|wyciągnięta dłoń
🫲	dłoń skierowana w lewo	dłoń|dłoń skierowana w lewo|lewa|uścisk dłoni|w lewo|wyciągnięta dłoń
🫳	dłoń skierowana w dół	dłoń|dłoń skierowana w dół|odrzucenie|podnoszenie|sio|upuszczenie
🫴	dłoń skierowana w górę	dłoń skierowana w górę|łapanie|nie wiem|powiedz mi|propozycja|przywołanie|skinienie|wyciągnięta ręka
🫵	palec wskazujący skierowany na patrzącego	palec wskazujący skierowany na patrzącego|ty|wskazywanie
🫶	dłonie tworzące serce	<3|dłonie tworzące serce|miłość|serce
🫷	dłoń pchająca w lewo	blokować|czekać|dłoń|dłoń pchająca w lewo|odmawiać|pchać|piątka|stop|w lewo|wstrzymać
🫸	dłoń pchająca w prawo	blokować|czekać|dłoń|dłoń pchająca w prawo|odmawiać|pchać|piątka|stop|w prawo|wstrzymać
