⌚	наручные часы	время|запястье|наручные|рука|часы
⌛	песочные часы	время|песок|песочные часы|часы
⏩	перемотка вперед	вперед|вправо|два|кнопка|перемотать|перемотка|треугольника
⏪	перемотка назад	влево|два треугольника|кнопка|назад|перемотать|перемотка назад|стрелка
⏫	два треугольника острием вверх	вверх|два треугольника|два треугольника острием вверх|кнопка|стрелка|стрелки вверх
⏬	два треугольника острием вниз	вниз|два треугольника|два треугольника острием вниз|кнопка|стрелка|стрелки вниз
⏰	будильник	будильник|время|заводить|звенит|напоминание|подъем|сигнал|часы
⏳	время пошло	время|время пошло|песок|песочные|часы
◽	небольшой белый квадрат	белый|геометрия|квадрат|небольшой белый квадрат|небольшой квадрат|фигура
◾	небольшой черный квадрат	геометрия|квадрат|небольшой|фигура|черный
☔	зонт под дождем	зонт|зонт под дождем|зонтик|зонтик под дождем|капли|капля|ливень|погода|под дождем
☕	горячий напиток	горячий|кипяток|кофе|напиток|пар|чаепитие|чай
♈	знак зодиака Овен	баран|гороскоп|знак|зодиак|овен|овца
♉	знак зодиака Телец	бык|гороскоп|знак|зодиак|теленок|телец
♊	знак зодиака Близнецы	близнецы|гороскоп|знак|зодиак
♋	знак зодиака Рак	гороскоп|знак|зодиак|рак
♌	знак зодиака Лев	гороскоп|знак|зодиак|лев
♍	знак зодиака Дева	гороскоп|дева|знак|зодиак
♎	знак зодиака Весы	весы|гороскоп|знак|зодиак
♏	знак зодиака Скорпион	гороскоп|знак|зодиак|скорпион
♐	знак зодиака Стрелец	гороскоп|знак|зодиак|стрелец
♑	знак зодиака Козерог	гороскоп|знак|зодиак|козерог
♒	знак зодиака Водолей	водолей|гороскоп|знак|зодиак
♓	знак зодиака Рыбы	гороскоп|знак|зодиак|рыба|рыбы
♿	значок «для инвалидов»	возможности|доступ|значок|инвалид|инвалидная|коляска
⚓	якорь	корабль|якорь
⚡	высокое напряжение	буря|высоковольтное|высокое напряжение|гром|молниеносный|молния|напряжение|опасность|электричество
⚪	белый круг	белый|геометрия|круг|фигура|шар
⚫	черный круг	геометрия|круг|фигура|черный|шар
⚽	футбол	игра|мяч|спорт|футбол|футбольный
⚾	бейсбол	бейсбол|бейсбольный|игра|мяч|спорт
⛄	снеговик	снег|снеговик|снеговичок|снежная баба|снежная скульптура|фигура|человек|человечек
⛅	солнце за облаками	непогода|облака|облако|облачно|погода|солнце|солнце за облаками
⛎	знак зодиака Змееносец	гороскоп|змееносец|знак|зодиак
⛔	въезд запрещен	вход|въезд|запрещен|запрещено|кирпич|красный|круг|нет|стоп
⛪	церковь	здание|монастырь|религия|собор|храм|христианство|церковь
⛲	фонтан	брызги|вода|источник|родник|фонтан
⛳	гольф	гольф|игра|лунка|поле|спорт|флаг|флажок
⛵	парусник	кораблик|лодка|отдых|парус|парусник|яхта
⛺	палатка	кемпинг|лагерь|палатка|поход|тент
⛽	заправка	автозаправка|автозаправочная станция|АЗС|бензин|дизель|заправка|станция|топливо
✅	белая галочка	белая|галочка|готово|знак|проверено|проверка|сделано
✊	поднятый кулак	кулак|пальцы|поднятый кулак|рука|удар
✋	поднятая ладонь	вверх|ладонь|пальцы|поднятая|пять|рука|стоп
✨	блестки	блестка|блестки|звезда|звезды|искры|мерцание|свет
❌	крестик	закрытие|значок|крестик|отмена|умножение
❎	кнопка «крестик»	закрытие|квадрат|кнопка|кнопка "крестик"|кнопка «крестик»|крестик|умножение
❓	красный вопросительный знак	вопрос|вопроса|вопросительный|знак|красный|пунктуация
❔	белый вопросительный знак	?|белый|вопрос|вопросительный|знак|пунктуация
❕	белый восклицательный знак	белый|белый восклицательный знак|восклицание|восклицательный знак|восклицать|знак|пунктуация
❗	красный восклицательный знак	восклицание|восклицательный знак|знак|красный|пунктуация
➕	знак сложения	добавить|знак|плюс|прибавить|сложение|сложения
➖	знак вычитания	вычесть|вычитание|вычитания|знак|минус|отнять
➗	знак деления	деление|деления|делить|знак|разделить
➰	петля	значок|петелька|петля
➿	двойная петля	две|двойная|петелька|петельки|петли|петля
⬛	большой черный квадрат	большой|геометрия|квадрат|фигура|черный
⬜	большой белый квадрат	белый|большой|геометрия|квадрат|фигура
⭐	желтая звезда	астрономия|желтая|звезда|звезды
⭕	красное кольцо	большое кольцо|большой круг|кольцо|красное|красный круг|круг|синий круг
🀄	маджонг	игра|игральные|Китай|кости|кубики|маджонг
🃏	джокер	джокер|игра|карты
🆎	IV группа крови	4 группа крови|IV группа крови|буквы АВ|группа крови|группа крови AB|кровь|четвертая группа крови
🆑	кнопка «очистить»	CL|значок «понятно»|кнопка|кнопка "очистить"|кнопка "стереть"|кнопка «очистить»|очистить|стереть|ясно
🆒	значок «круто»	здорово|значок|значок «круто»|кнопка|круто
🆓	значок «бесплатно»	бесплатно|значок|кнопка
🆔	значок «идентификация»	значок|значок «идентификация»|идентификатор|идентификация|кнопка
🆕	значок «новинка»	значок|значок "новинка"|значок «новинка»|новинка|новое|новый
🆖	значок «не годится»	значок|значок "не годится"|не годится|нехорошо|плохо
🆗	значок «ОК»	значок|значок «ОК»|о’кей|ОК|окей|хорошо
🆘	значок SOS	sos|SOS|значок SOS|помогите|помощь|сос|спасите
🆙	значок «обновление»	вверх|значок|значок "обновление"|значок «обновление»|обновление
🆚	значок «против»	значок|кнопка|против|сравнение
🈁	значок «здесь»	здесь|значок|кнопка|япония
🈚	бесплатно	бесплатно|значок|иероглиф|кнопка|нет в наличии|отсутствие|япония
🈯	забронировано	забронировано|занято|значок|кнопка|япония
🈲	запрет	воспрещен|вход запрещен|запрет|запрещено|значок|иероглиф|кнопка|нельзя|япония
🈳	есть места	доступно|доступность|есть места|значок|иероглиф|китай|кнопка|пусто|пустота|свободно
🈴	проходной балл	значок|иероглиф|китай|кнопка|пропускной балл|проходной балл|согласие|япония
🈵	нет мест	занято|заполнено|значок|иероглиф|кнопка|мест|нет|Япония
🈶	платно	значок|иероглиф|кнопка|наличие|платно|япония
🈸	заявка	запрос|заявка|значок|иероглиф|китай|кнопка|подача|япония
🈹	скидка	деление|значок|значок "скидка"|иероглиф|кнопка|кнопка "скидка"|скидка|япония
🈺	открыто	значок|иероглиф|китай|кнопка|открыто|работа|работает|япония
🉐	удачная сделка	выгода|значок|кнопка|сделка|япония
🉑	допустимость	допустимо|допустимость|значок|иероглиф|китай|кнопка|можно|приемлемо|принятие
🌀	циклон	завихрение|тайфун|циклон|юла
🌁	туман	дымка|облака|туман|туманно
🌂	закрытый зонт	дождь|закрытый зонт|зонт|зонтик|осадки
🌃	звездная ночь	город|звездная|звезды|месяц|ночной|ночь
🌄	восход солнца над горами	восход|горы|закат|заря|пейзаж|рассвет|солнце|утро
🌅	восход	вечер|восход|заря|лучи|пейзаж|рассвет|солнце|утро
🌆	закат в городе	вечер|вечерний|высотки|город|закат|заход|многоэтажки|небоскреб|солнце
🌇	закат	вечер|высотные|город|дома|закат|заход|небоскреб|романтика|солнце
🌈	радуга	дождь|осадки|погода|природа|радуга|цвета
🌉	мост ночью	мост|ночь|ночью
🌊	волна	вода|волна|море|морская пена|океан|серфинг
🌋	вулкан	вулкан|извержение вулкана|кратер|лава
🌌	Млечный Путь	звезды|космос|Млечный Путь|молоко|путь|созвездие
🌍	Европа и Африка на земном шаре	Африка|глобус|Европа|Европа и Африка на земном шаре|Земля|земной шар|шар
🌎	Америка на земном шаре	Америка|глобус|земной|мир|шар
🌏	Азия и Австралия на земном шаре	Австралия|Азия|Азия и Австралия на земном шаре|глобус|Земля|земной шар|шар
🌐	меридианы	глобус|Земля|земной|меридиан|меридианы|мир|шар
🌑	новолуние	луна|месяц|новая|новолуние|ночь|темная ночь|темно
🌒	молодая луна	луна|месяц|молодая|молодой
🌓	луна в первой четверти	луна|луна в первой четверти|месяц|небо|четверть
🌔	прибывающая луна	луна|месяц|небо|прибывающая
🌕	полнолуние	луна|месяц|небо|полная|полнолуние|полный
🌖	убывающая луна	луна|месяц|небо|планета|убывающая
🌗	луна в последней четверти	луна|луна в последней четверти|месяц|небо|четверть
🌘	старая луна	затмение|луна|месяц|небо|старая|убывающая
🌙	полумесяц	луна|месяц|полумесяц
🌚	новая луна с лицом	лицо|луна|луна с лицом|молодая луна с лицом|новая луна|новая луна с лицом|новолуние|темная|черная луна
🌛	луна в первой четверти с лицом	лицо|луна|луна в первой четверти с лицом|месяц|небо|половинка луны|четвертинка луны|четверть|четверть луны
🌜	луна в последней четверти с лицом	лицо|луна|луна в последней четверти с лицом|месяц|небо|полу месяц|полумесяц|четверть
🌝	полная луна с лицом	круглая|круглая луна|лицо|месяц|небо|полная луна|полная луна с лицом
🌞	солнце с лицом	лицо|небо|солнце|солнце с лицом
🌟	сияющая звезда	звезда|свет|сияние|сияющая звезда
🌠	падающая звезда	желание|загадать желание|звезда|звездопад|небо|падающая
🌭	хот-дог	в тесте|горчица|перекус|сосиска|тесто|хот-дог
🌮	тако	кухня|мексика|мексиканская кухня|перекус|тако
🌯	буррито	буррито|бурритос|кухня|мексика|мексиканская кухня|ролл|тортилья
🌰	каштан	каштан|растение
🌱	росток	молодое растение|молодой|новое растение|новый|растение|росток
🌲	елка	вечнозеленое дерево|дерево|елка|ель|лес|новый год
🌳	дерево	дерево|зеленое|листва|растение
🌴	пальма	дерево|пальма|тропики
🌵	кактус	зеленое|кактус|колючки|мексика|растение|текила
🌷	тюльпан	тюльпан|цвести|цветок
🌸	цветок вишни	мальва|сакура|цвести|цветок|цветок вишни
🌹	роза	бутон|валентинка|красная|красота|любовь|растение|роза|цветок|элегантность
🌺	гибискус	гибискус|китайская роза|цветок
🌻	подсолнух	подсолнух|солнце|цветок
🌼	цветок	растение|цветок
🌽	кукурузный початок	кукуруза|кукурузный початок|початок
🌾	колос	зерно|колос|пшеница|рис
🌿	веточка	ветка|веточка|листья|трава
🍀	четырехлистный клевер	клевер|удача|четыре|четырехлистный клевер
🍁	кленовый лист	клен|кленовый лист|красный|лист|осень
🍂	падающие листья	листопад|листья|осень|падающие листья
🍃	листья на ветру	ветер|листопад|листья|листья на ветру
🍄	гриб	гриб|мухомор|несъедобный|поганка|ядовитый
🍄‍🟫	бурый гриб	бурый гриб|вегетарианство|веги|гриб|грибок|грибочек|грибы|еда|овощ|природа
🍅	помидор	овощ|помидор|томат|ягода
🍆	баклажан	баклажан|овощ|синенькие|синенький
🍇	виноград	ветвь винограда|виноград|виноградина|сок|фрукт
🍈	дыня	дыня|растение|фрукт|ягода
🍉	арбуз	арбуз|растение|фрукт|ягода
🍊	мандарин	апельсин|клементин|мандарин|фрукт|цитрус|цитрусовый
🍋	лимон	кислый|лимон|фрукт|цитрус|цитрусовый
🍋‍🟩	лайм	зеленый|кислота|коктейль|лайм|маргарита|мохито|сок|текила|тропический|фрукт|цитрус|цитрусовый
🍌	банан	банан|фрукт
🍍	ананас	ананас|фрукт
🍎	красное яблоко	зрелое|красное|фрукт|яблоко
🍏	зеленое яблоко	зеленое|фрукт|яблоко
🍐	груша	груша|фрукт
🍑	персик	нектарин|персик|фрукт
🍒	вишня	вишни|вишня|дерево|плоды|фрукт|черешни|черешня
🍓	клубника	земляника|клубника|ягода
🍔	гамбургер	бургер|бутерброд|гамбургер|сэндвич|фастфуд
🍕	пицца	кусок|кусок пиццы|перекус|пицца|сыр
🍖	мясо на косточке	кость|мясо|мясо на косточке|рулька
🍗	куриная ножка	еда|кость|куриная ножка|курица|нога|окорочок|птица
🍘	рисовый крекер	крекер|рис|рисовый крекер
🍙	онигири	онигири|рис|рисовый шар|рисовый шарик|шарик|япония
🍚	рис	вареный|гарнир|еда|миска|обед|плошка|рис|тарелка|чашка
🍛	рис с карри	карри|обед|рис|рис с карри
🍜	лапша	доширак|лапша|локшина|миска|обед|пар|чашка
🍝	спагетти	вермишель|лапша|макаронные изделия|макароны|паста|спагетти
🍞	хлеб	батон|буханка|хлеб
🍟	картофель фри	картофель|картошка|фастфуд|фри
🍠	печеный сладкий картофель	батат|картофель|картошка|печеный сладкий картофель|сладкий картофель
🍡	данго	данго|десерт|конфета|леденец|мороженое на палочке|на палочке|сладости|сладость|японский
🍢	одэн	закуска|на палочке|одэн|шашлык|шашлычок из морепродуктов
🍣	суши	кухня|суши|япония
🍤	жареная креветка	жареная креветка|креветка|креветки|темпура
🍥	камабоко	камабоко|начинка|рыба|рыбная котлета|сурими|юла
🍦	мороженое в стаканчике	ванильное мороженое|вафельный стаканчик|вафля|десерт|мороженое|мороженое в стаканчике|мягкое мороженое|рожок
🍧	мороженое в креманке	десерт|креманка|мороженое|мороженое в креманке|строганый лед
🍨	мороженое	десерт|мороженое|сладкое|холодное
🍩	пончик	глазурь|пирожок|пончик|сладкое
🍪	печенье	выпечка|десерт|печенье|сладкое|сладость
🍫	шоколад	десерт|какао|плитка шоколада|сладость|шоколад|шоколадка
🍬	конфета	конфета|леденец|обертка|сладкая|сладость|фантик
🍭	леденец	конфета|конфета на палочке|леденец|леденец на палочке|на палочке|палочка|радуга|сладкий|сладость
🍮	пудинг	десерт|пудинг|сладкий
🍯	мед	бочонок|бочонок меда|горшок|горшок с медом|мед
🍰	кусочек торта	выпечка|десерт|крем|кусочек торта|сладкая|торт
🍱	бэнто	бенто|бизнес ланч|бэнто|коробка с суши и рисом|обед
🍲	кастрюля с горячей едой	горячая еда|горячее|кастрюля|кастрюля с горячей едой|обед|первое|суп|тарелка с горячей едой
🍳	яичница на сковороде	глазунья|жарить|желток|завтрак|сковорода|яичница|яйцо
🍴	вилка и нож	вилка|еда|завтрак|нож|обед|перекус|прибор|ресторан|ужин
🍵	чашка без ручки	зеленый|чай|чашка|чашка без ручки|чашка зеленого чая|чашка чая
🍶	бутылка саке	бутылка саке|водка|выпивать|горячее|саке|япония
🍷	бокал вина	алкоголь|бокал|бокал вина|вино|красное вино
🍸	коктейль	бар|бокал|коктейль|напиток
🍹	тропический коктейль	зонтик|напиток|прохладительный|соломинка|тропики|тропический коктейль
🍺	кружка пива	кружка|кружка пива|пена|пенное|пивная кружка|пиво
🍻	чокающиеся кружки	бар|выпивать|кружки пива|пенное|пивные кружки|пиво|тост|чокающиеся кружки|чокнуться
🍼	бутылочка с соской	бутылка|бутылочка с соской|дети|кормить|молоко|новорожденный|прикорм|сосать|соска
🍾	шампанское	бутылка|вино|игристое|отмечать|праздновать|пробка|шампанское
🍿	попкорн	кукуруза|попкорн|стакан
🎀	бантик	бант|бантик|волосы|лента|одежда|праздник
🎁	подарок	бант|бантик|год|день|коробка|новый|подарок|праздник|рождения|Рождество
🎂	торт ко дню рождения	выпечка|день рождения|отмечать|пирог|праздник|с днем рождения|свечи|свечки|сладкое|торт|торт ко дню рождения
🎃	тыква-фонарь	праздник|тыква|тыква-фонарь|фонарь из тыквы|Хеллоуин|Хэллоуин
🎄	новогодняя елка	елка|новогодняя елка|Новый год|праздник|Рождество
🎅	Санта-Клаус	дед мороз|дедушка мороз|клаус|новый год|рождество|санта|санта-клаус
🎆	фейерверк	пиротехника|праздник|салют|свет|фейерверк|шум
🎇	бенгальский огонь	бенгальский огонь|искры|новый год|огонь|праздник|салют
🎈	воздушный шарик	веревочка|воздух|воздушный|праздник|шарик
🎉	хлопушка	бабах|веселье|вечеринка|день рождения|мишура|поздравление|праздник|хлопушка
🎊	конфетти	вечеринка|конфетти|праздник
🎋	бамбук с бумажными лентами	бамбук|бамбук с бумажными лентами|бумага|дерево|лента|танабата|традиция|Япония
🎌	скрещенные флаги	два|скрещенные|флага|флаги|Япония|японских
🎍	украшенный бамбук	бамбук|Новый год|растение|Рождество|сосна|украшенный бамбук|Япония
🎎	японские куклы	две|кукла|праздник|фестиваль|японские куклы
🎏	вымпелы в виде карпов	вымпелы|вымпелы в виде карпов|карпы|палочка|рыбки|рыбы
🎐	музыка ветра	бубенчик|ветер|звон|музыка ветра
🎑	праздник Луны	луна|праздник|праздник Луны|церемония
🎒	ранец	портфель|ранец|рюкзак|школа
🎓	шапочка выпускника	бонет|выпускник|выпускной|конфедератка|шапочка|шапочка выпускника
🎠	лошадь на карусели	аттракцион|карусель|лошадка|лошадь
🎡	колесо обозрения	аттракцион|веселье|обозрения|чертово
🎢	американские горки	американские|аттракцион|горка|горки
🎣	удочка с рыбой	крючок|леска|наживка|рыба|рыбалка|спининг|удочка|удочка с рыбой|улов
🎤	микрофон	звук|караоке|микрофон|пение
🎥	кинокамера	видеокамера|камера|кино|кинокамера|снять|съемка|фильм
🎦	видеозапись	видео|видеозапись|видеокамера|дубль|запись|камера|кино|кинокамера|телевидение|фильм
🎧	наушники	вкладыши|гарнитура|затычки|звук|капли|музыка|наушники
🎨	палитра с красками	краски|палитра|палитра с красками|рисовать|творить|художник
🎩	цилиндр	магия|мужчина|одежда|фокус|цилиндр|черная|черный|шляпа
🎪	цирковой шатер	цирк|цирковой|шапито|шатер
🎫	билет	билет|билетик|вход|квиток|концерт|пропуск|самолет|театр|транспорт|услуги
🎬	хлопушка-нумератор	дубль|кино|киносъемки|нумератор|нумератор с хлопушкой|снято|сцена|хлопушка|хлопушка-нумератор
🎭	маски	драма|искусство|комедия|маски|постановка|премьера|театр|шекспир
🎮	видеоигры	play|playstation|station|видеоигры|игры|компьютер|компьютерные|приставка
🎯	мишень	дартс|доска|дротик|мишень|попадание
🎰	игровой автомат	автомат|азарт|деньги|игровой|игры|казино
🎱	бильярд	8|бильярд|восьмерка|игра|пул|черный шар|шар
🎲	игральная кость	игра|игральная кость|кости|кубик|кубики
🎳	боулинг	боулинг|игра|кегли|спорт|страйк|шар|шары
🎴	цветочная карта	игра|карты|ханафуда|цветочная|цветы|Япония
🎵	нота	звук|мелодия|музыка|нота
🎶	ноты	звуки|мелодия|музыка|ноты
🎷	саксофон	инструмент|музыка|музыкальный инструмент|саксофон
🎸	гитара	гитара|гитарист|инструмент|концерт|музыка|музыкальный|рок
🎹	клавишные	инструмент|клавиши|клавишные|музыка|музыкальный инструмент|пианино|рояль|синтезатор
🎺	труба	духовой инструмент|инструмент|музыка|музыкальный инструмент|труба
🎻	скрипка	инструмент|музыка|музыкальный инструмент|скрипка|смычковый|смычок|струнный инструмент|струны
🎼	нотный стан	ключ|музыка|нотный стан|ноты|скрипичный|стан
🎽	футболка для бега	атлетика|бег|спорт|футболка|футболка для бега
🎾	теннис	игра|мяч|мячик|ракетка|спорт|теннис|теннисная|теннисный
🎿	лыжи	горные лыжи|горы|лыжи|склон|снег|спорт|трасса
🏀	баскетбол	баскетбол|баскетбольный|игра|кольцо|мяч|спорт
🏁	клетчатый флаг	в|гонка|гонки|клетку|клетчатый|финиш|флаг|черно-белый
🏂	сноубордист	горы|склон|снег|сноуборд|сноубордист|спорт|спортсмен
🏃	человек бежит	бег|бежит|марафон|спорт|трусцой|человек
🏄	серфинг	вода|волны|доска|серфинг|спорт
🏅	спортивная медаль	достижение|медаль|место|победа|спорт|спортивная медаль
🏆	кубок	кубок|победа|приз|трофей|чемпион
🏇	скачки	бега|жокей|ипподром|конный|конь|лошади|скачки|спорт|ставки|тотализатор
🏈	американский футбол	американский|игра|мяч|спорт|футбол
🏉	регби	игра|мяч|регби|спорт
🏊	плавание	бассейн|вода|водный спорт|море|плавание|пловец|плыть|спорт|спортсмен
🏏	крикет	бита|игра|крикет|мяч|спорт
🏐	волейбол	волейбол|волейбольный|игра|мяч|спорт
🏑	хоккей на траве	бег|игра|клюшка|трава|хоккей|хоккей на траве
🏒	хоккей	игра|клюшка|лед|спорт|хоккей|шайба
🏓	настольный теннис	мяч|мячик|настольный теннис|пинг-понг|ракетка|стол|теннис|шарик
🏠	дом	дача|дом|домашний|здание|родной|стены
🏡	дом с садом	дача|дом|загородный|крыша|сад|стены|усадьба
🏢	офисное здание	бизнес-центр|здание|офис|офисное|работа
🏣	японская почта	здание|почта|Япония|японская|японское
🏤	почта	европа|здание|почта
🏥	больница	больница|госпиталь|здание|лечение|поликлиника|помощь|скорая|стационар|хоспис
🏦	банк	банк|деньги|здание
🏧	значок банкомата	банкомат|выдача|деньги|значок банкомата|наличные|терминал
🏨	гостиница	гостиница|здание|отель|хостел
🏩	гостиница для свиданий	гостиница|дом|здание|отель|публичный|свидания
🏪	круглосуточный магазин	24 часа|здание|круглосуточный магазин|магазин|покупки|сутки
🏫	школа	здание|колледж|обучение|учебное|школа
🏬	универмаг	здание|магазин|супермаркет|торговый|универмаг|универсам|центр
🏭	завод	завод|предприятие|промышленность|фабрика
🏮	красный бумажный фонарик	бумага|бумажный|китай|китайский фонарик|красный|огонь|свет|фонарик|фонарь
🏯	японский замок	замок|здание|япония|японский замок
🏰	замок	башни|замок|крепость|укрепение|форт
🏴	черный флаг	реет|флаг|черный
🏸	бадминтон	бадминтон|волан|воланчик|игра|ракетка|спорт
🏹	лук со стрелой	знак зодиака|лук со стрелой|оружие|стрелец|стрелы
🏺	амфора	амфора|кувшин|сосуд
🐀	крыса	грызун|крыса
🐁	мышь	белая мышь|грызун|крыса|мышка|мышонок|мышь|хвост
🐂	бык	бык|гороскоп|животное|знак|зодиак|телец
🐃	буйвол	буйвол|животное|зверь|зоопарк|рога
🐄	корова	животное|корова|молоко|рога|ферма
🐅	тигр	животное|зверь|зоопарк|кошка|тигр|хищник
🐆	леопард	гепард|животное|зверь|зоопарк|кошка|леопард|хищник
🐇	кролик	белый|домашнее|животное|зайчик|заяц|кролик
🐈	кошка	животное|кот|котенок|кошка|питомец
🐈‍⬛	черная кошка	кот|кошка|мяу|несчастье|неудача|плохая|примета|черная|черный
🐉	дракон	голова|дракон|зеленый дракон|змея|морда|сказка|фентези|фэнтези
🐊	крокодил	аллигатор|зеленый|крокодил
🐋	кит	животное|кит|океан
🐌	улитка	медленно|ползти|раковина|улитка
🐍	змея	гадюка|змееносец|змея|знак|зодиак|опасность|яд
🐎	лошадь	жеребец|животное|конь|лошадь|скаковая|скакун|скачки
🐏	баран	баран|гороскоп|животное|знак|зодиак|овен|рога
🐐	коза	животное|знак зодиака|зодиак|коза|козел|козерог
🐑	овца	баран|жвачное|животное|овца|парнокопытное|рога|ферма|шерсть|ягненок|ягнятина
🐒	обезьяна	животное|обезьяна
🐓	петух	гребешок|петух|петушок|птица
🐔	курица	голова|курица|петух|птица|цыпленок
🐕	собака	животное|пес|питомец|собака|щенок
🐕‍🦺	служебная собака	инвалид|поиск|поисковая|помощь|собака
🐖	свинья	бекон|животное|свинья|ферма|хрюшка
🐗	кабан	голова|дикий|животное|кабан|клыки
🐘	слон	животное|слон|хобот
🐙	осьминог	океан|осьминог|спрут|щупальца
🐚	раковина	моллюск|раковина|ракушка|спираль|улитка
🐛	гусеница	гусеница|жук|многоножка|насекомое|сороконожка
🐜	муравей	муравей|насекомое
🐝	пчела	жало|желто-черная|мед|насекомое|природа|пчела
🐞	божья коровка	божья|жук|жучок|коровка|насекомое|природа|сад
🐟	рыба	гороскоп|знак зодиака|зодиак|рыба|рыбалка|рыбы
🐠	тропическая рыба	рыба|тропики|тропическая рыба|экзотическая
🐡	рыба-еж	еж|иголки|рыба|рыба-еж
🐢	черепаха	зеленая|черепаха
🐣	цыпленок в яйце	вылупился|желтый|цыпленок|цыпленок в яйце|яйцо
🐤	цыпленок боком	голова|голова цыпленка|клюв|маленький|цыпленок|цыпленок боком
🐥	цыпленок	крылья|курица|маленький|цыпленок
🐦	птица	голова|голубь|птица
🐦‍⬛	черная птица	ворон|ворона|врановый|грач|каркать|клюв|птица|черная птица|черный|чёрный
🐦‍🔥	феникс	возрождение|восстать|заново|огненная птица|птица феникс|реинкарнация|сказка|сказочная птица|феникс
🐧	пингвин	антарктика|арктика|голова|животное|зоопарк|пингвин|птица
🐨	морда коалы	австралия|животное|коала|медведь|морда|морда коалы|эвкалипт
🐩	пудель	домашнее животное|животное|порода|пудель|собака
🐪	одногорбый верблюд	верблюд|горб|дромадер|один|одногорбый верблюд|пустыня
🐫	двугорбый верблюд	бактриан|верблюд|горб|двугорбый верблюд|жвачное|животное|один|парнокопытное|пустыня
🐬	дельфин	вода|дельфин|море|океан|пляж
🐭	морда мыши	грызун|морда|морда мыши|мышка|мышь
🐮	морда коровы	животное|корова|коровья|морда|му|рога
🐯	морда тигра	животное|зверь|морда|тигр|тигренок|тигриная
🐰	морда кролика	домашнее|животное|зайчик|кролик|морда|морда кролика
🐱	морда кошки	животное|кот|кошачья|кошка|морда|питомец
🐲	голова дракона	голова дракона|дракон|морда|морда дракона|сказка|фентези|фэнтези
🐳	кит с фонтанчиком	брызги|вода|кит|кит с фонтанчиком
🐴	морда лошади	конь|лошадиная|лошадь|морда
🐵	морда обезьяны	животное|морда|обезьяна|обезьянья
🐶	морда собаки	животное|морда|пес|собака|собачья
🐷	морда свиньи	бекон|животное|морда|поросенок|пятачок|сало|свинина|свинья|хрюшка
🐸	голова лягушки	голова|голова лягушки|жаба|зеленая|лягушка|морда
🐹	морда хомяка	домашнее животное|животное|морда|морда хомяка|мордочка|мышь|хомяк
🐺	морда волка	волк|волчья|животное|морда|собака
🐻	морда медведя	бурый|животное|медведь|морда|морда медведя
🐼	морда панды	животное|медведь|морда|морда панды|панда
🐽	свиной пятачок	морда|поросенок|пятак|пятачок|свинья|хрю|хрюшка
🐾	следы животного	животное|лапы|отпечатки|следы|следы животного
👀	глаза	глаза|два|наблюдать|подглядывать|смотреть|тело|человек
👂	ухо	звук|подслушивать|слушать|слышать|тело|ухо|человек
👃	нос	нос|тело|человек
👄	рот	алые|губы|зубы|красные|накрашенные губы|помада|рот
👅	язык	розовый|рот|язык
👆	указывающий вверх палец	вверх|выше|жест|наверх|направление|палец|рука|тыльная|указательный|указывать|указывающий
👇	указывающий вниз палец	вниз|жест|направление|ниже|палец|рука|тыльная|указательный|указывать|указывающий
👈	указывающий налево палец	влево|жест|налево|направление|палец|рука|тыльная|указательный|указывать|указывающий
👉	указывающий направо палец	вправо|жест|направление|направо|палец|рука|тыльная|указательный|указывать|указывающий
👊	кулак	бокс|боксировать|бро|кулак|кулачок|опасность|рука|удар
👋	машет рукой	взмах|привет|приветствие|прощание|рука
👌	жест «все хорошо»	жест|ок|окей|отлично|рука|хорошо|ясно
👍	большой палец вверх	вверх|договорились|жест|лайк|нравится|одобрение|отлично|палец|рука|супер|хорошо
👎	большой палец вниз	бу|вниз|недоволен|недовольна|нет|палец|плохо|порицание|рука|фу
👏	аплодисменты	аплодисменты|движение|жест|овация|рука|хлопать
👐	ладони в стороны	врозь|ладони|открытые|рука|руки
👑	корона	голова|королева|король|корона|монарх|царица|царство|царь
👒	шляпка	женская|женщина|летняя|одежда|шляпа|шляпка
👓	очки	аксессуар|глаза|защита|зрение|одежда|очки
👔	галстук	галстук|одежда|офис|работа|рубашка|серьезный|сотрудник
👕	футболка	короткие|одежда|рубашка|рукава|футболка
👖	джинсы	брюки|джинсы|штаны
👗	платье	женская одежда|женское|одежда|платье
👘	кимоно	кимоно|одежда|традиции|япония
👙	бикини	бассейн|бикини|купальник|море|отпуск|плавать
👚	блузка	блузка|женщина|одежда|платье|розовая|футболка
👛	кошелек	аксессуар|деньги|кошелек|мелочь|сумка|сумочка
👜	сумка	женская|сумка|сумочка
👝	клатч	аксессуар|багаж|вещи|женское|клатч|мешок|саквояж|сумочка|театр|чедоман
👞	ботинок	ботинки|ботинок|мужская|мужчина|обувь|туфли|туфля
👟	кроссовки	бег|кеды|кроссовки|обувь|побежать|пробежка|спорт
👠	туфли на каблуке	женщина|каблук|на каблуке|обувь|стиль|туфли|туфли на каблуке
👡	босоножки	босоножки|женская|женщина|каблук|лето|обувь|сабо|сандалии
👢	сапог	высокая|женская|каблук|обувь|одежда|сапог|сапоги|холодно|шоппинг
👣	следы	нога|подошва|рельеф|след|следы|человек
👤	силуэт человека	бюст|лицо|силуэт|таинственный|тайна|тень|человек
👥	два силуэта	бюст|головы|двое|лицо|люди|силуэт|темный|тень
👦	мальчик	дитя|маленький|малыш|мальчик|ребенок|сын
👧	девочка	девочка|дитя|маленькая|малышка|ребенок
👨	мужчина	брат|взрослый|друг|мужчина|усы|человек
👨‍🌾	мужчина-фермер	вилы|дачник|мужчина|огород|садовник|сено|соломенная|урожай|шляпа
👨‍🍳	мужчина-повар	готовить|еда|мужчина|повар|шеф
👨‍🍼	кормящий мужчина	забота|кормление|кормящий|малыш|мужчина|новорожденный|няня|отец|папа|ребенок
👨‍🎓	студент	бакалавр|вуз|выпуск|выпускник|мужчина|образование|университет|учеба
👨‍🎤	мужчина-певец	жест|звезда|исполнитель|коза|мужчина|музыка|певец|рок|сцена
👨‍🎨	мужчина-художник	кисти|краски|мужчина|палитра|художник
👨‍🏫	учитель	инструктор|мужчина|преподаватель|профессор|учитель
👨‍🏭	мужчина-рабочий	завод|мужчина|промышленность|рабочий
👨‍💻	мужчина-инженер	инженер|мужчина|ноутбук|программист|разработчик|технарь
👨‍💼	офисный работник - мужчина	белый|бизнесмен|воротничок|галстук|менеджер|мужчина|офисный|работник
👨‍🔧	мужчина-механик	механик|мужчина|сантехник|электрик
👨‍🔬	мужчина-ученый	биолог|инженер|мужчина|наука|ученый|химик
👨‍🚀	мужчина-космонавт	астронавт|космонавт|космос|мужчина
👨‍🚒	мужчина-пожарный	мужчина|огонь|пожарный|профессия|спасатель|тушить
👨‍🦯	мужчина с тростью для ходьбы	инвалид|мужчина|мужчина с тростью для ходьбы|палочка|слепой|трость|человек
👨‍🦼	мужчина в электрическом кресле-коляске	в кресле|инвалид|инвалидное кресло|кресло|мужчина|мужчина в электрическом кресле-коляске
👨‍🦽	мужчина в ручном кресле-коляске	в кресле|инвалид|инвалидное кресло|кресло|мужчина|мужчина в ручном кресле-коляске|человек
👩	женщина	взрослая|волосы|девушка|длинные|женщина|леди|человек
👩‍🌾	женщина-фермер	вилы|дачница|женщина|огород|садовница|сено|соломенная|урожай|шляпа
👩‍🍳	повариха	готовить|еда|женщина|кухарка|повар|повариха|шеф
👩‍🍼	кормящая женщина	женщина|забота|кормление|кормящая|малыш|мама|мать|новорожденный|няня|ребенок
👩‍🎓	студентка	аспирантка|выпускница|девушка|женщина|студентка
👩‍🎤	певица	женщина|жест|звезда|исполнительница|коза|музыка|певица|рок|сцена
👩‍🎨	художница	арт|галерея|женщина|живопись|картины|краски|рисование|творчество|художница
👩‍🏫	учительница	женщина|инструктор|лектор|преподаватель|профессор|учительница
👩‍🏭	работница	женщина|завод|инженер|промышленность|работница|рабочий|строитель
👩‍💻	женщина-инженер	женщина|инженер|код|компьютер|ноутбук|программистка|разработчица|технарь
👩‍💼	офисная работница	бизнес|деловая|женщина|офис|работница|секретарь
👩‍🔧	женщина-механик	женщина|женщина-механик|механик|сантехник|электрик
👩‍🔬	ученая	биология|женщина|инженер|математик|наука|ученая|химия
👩‍🚀	женщина-космонавт	астронавт|женщина|корабль|космонавт|пилот|скафандр
👩‍🚒	женщина-пожарный	женщина|огонь|пожарная|профессия|спасательница|тушить
👩‍🦯	женщина с тростью для ходьбы	женщина|женщина с тростью для ходьбы|инвалид|палочка|слепая|трость|человек
👩‍🦼	женщина в электрическом кресле-коляске	в кресле|женщина|женщина в электрическом кресле-коляске|инвалид|инвалидное кресло|кресло|человек
👩‍🦽	женщина в ручном кресле-коляске	в кресле|женщина|женщина в ручном кресле-коляске|инвалид|инвалидное кресло|кресло
👪	семья	портрет|ребенок|родители|семейный|семья
👫	мужчина и женщина	держаться за руки|друзья|женщина|мужчина|мужчина и женщина|пара|руки|свидание|флирт
👬	двое мужчин	близнецы|братья|двое|двойняшки|дружба|друзья|мужчины|пара
👭	две женщины	две женщины|держаться за руки|женщины|лучшие подруги|пара|подружки|руки|сестры
👮	полицейский	блюститель|закон|коп|милиция|органы|полицейский|порядка|правоохранительные
👯	люди с ушами кролика	близкие|вечеринка|двое|двойняшки|кордебалет|кролик|парочка|подруги|танец|уши
👰	невеста	невеста|свадьба|фата
👱	человек со светлыми волосами	блондин|волосы|молодой|мужское лицо|мужчина|парень|светлые|человек|человек со светлыми волосами
👲	мужчина в китайской шапке	китай|китайский|мужчина в китайской шапке|человек|шапка
👳	человек в тюрбане	индус|повязка|ранение головы|религия|сикх|тюрбан|чалма|человек
👴	пожилой мужчина	возраст|годы|дедушка|мужчина|пожилой|старик|старый|человек
👵	пожилая женщина	бабушка|женщина|пожилая|старая|старуха|старушка|человек
👶	младенец	дитя|карапуз|маленький|младенец|ребенок
👷	строитель	инженер|каска|лицо|рабочий|ремонт|ремонтник|строитель|строить|стройка
👸	принцесса	королева|королевство|корона|победительница|принцесса|притча|сказка|тиара|фэнтези
👹	чудовище	дракон|змей|карнавал|лицо|мифология|монстр|нечисть|страх|существо|чудовище|японский
👺	японский гоблин	гоблин|злой|монстр|сказка|страшный|тэнгу|чудище|японский
👻	привидение	подмигнуть|привидение|призрак|смешной|улыбка|хэллоуин
👼	ангелочек	ангел|ангелочек|дитя|крылья|лик|младенец|нимб|фэнтези
👽	инопланетянин	внеземная|инопланетянин|космос|нло|пришелец|страшный|улыбка|цивилизация
👾	космический монстр	аркада|инопланетянин|космос|монстр|нло|пиксель|пришелец|чудовище
👿	злой чертенок	грусть|демон|дьявол|зло|расстроен|рога|рожки|хмурится|черт
💀	череп	кости|мертвый|могила|монстр|смерть|умереть|череп
💁	человек тянет руку	выдать|жест|знаю|информацию|не|себе|секрет|сплетни|так
💂	гвардеец	гвардеец|гвардия|караул|охрана|почетный|солдат|шапка|шлем
💃	танцующая женщина	движения|дискотека|женщина|красное платье|красота|танцовщица|танцующая женщина|танцы|человек
💄	помада	губы|косметика|макияж|помада
💅	маникюр	готово|кисть|косметика|лак|маникюр|ногти|пальцы|руки|скука|уход
💆	человеку массируют лицо	голова|лицо|массаж|массаж головы|массаж лица|процедура|салон|спа|человеку массируют лицо
💇	человек у парикмахера	волосы|косметология|красота|ножницы|обрезать|парикмахер|прическа|салон|стрижка|укоротить|уход
💈	парикмахерская	барбершоп|волосы|парикмахерская|салон|стрижка|цирюльник
💉	шприц	инъекция|кровь|лечение|медицина|препарат|прививка|укол|шприц
💊	пилюля	барбитураты|капсула|лекарство|лечиться|медикаменты|пилюля|препарат|рецепт|таблетка
💋	след от поцелуя	губы|любовь|помада|поцелуй|романтика|свидание|целовать|чувства|эмоции
💌	любовное письмо	валентинка|записка|любовное письмо|любовь|письмо|почта|тайна
💍	кольцо	бриллиант|драгоценный|камень|кольцо|обручальное|помолвка|свадьба
💎	драгоценный камень	алмаз|драгоценность|драгоценный камень|камень|цена
💏	поцелуй	любовь|пара|поцелуй|романтика|чувства
💐	букет	букет|любовь|подарок|поздравление|праздник|розы|романтика|свидание|тюльпаны|цветы
💑	влюбленная пара	влюбленные|любовь|люди|пара|свидание|сердце|чувства
💒	свадьба	венчание|свадьба|сердечки|собор|церемония|церковь
💓	пульсирующее сердце	бьется|красное|пульсирует|пульсирующее|розовое|сердце
💔	разбитое сердце	разбитое|разочарование|сердце|части
💕	два сердца	влюблен|влюблена|влюбленные|два|любовь|отношения|свидание|сердечки|сердца|чувства
💖	сверкающее сердце	блеск|звездочки|любовь|радость|сверкающее сердце|сердце
💗	растущее сердце	биение|больше|влюбленность|любовь|размер|растущее сердце|ритм|сердце|чувства
💘	сердце, пронзенное стрелой	купидон|лук|любовь|сердце, пронзенное стрелой|стрела
💙	синее сердце	голубое|любовь|сердце|синее|чувства|эмоции
💚	зеленое сердце	зеленое|любовь|сердце|чувства|эмоции
💛	желтое сердце	желтое|любовь|сердце|чувство|эмоции
💜	фиолетовое сердце	любовь|сердце|сиреневое|фиолетовое|чувства|эмоции
💝	сердце с лентой	валентин|валентинка|лента|люблю|любовь|перевязано|подарок|сердце|сердце с лентой
💞	вращающиеся сердца	вращающиеся сердца|вращение|два|круги|сердца|танец любви
💟	значок «сердце»	белое|значок|квадрат|любовь|сердце|сиреневый|фиолетовый|чувства|эмоция
💠	ромб с точкой	алмаз|бриллиант|геометрия|драгоценный|камень|ромб|с|точкой|украшение|фигура|цветок
💡	лампочка	идея|лампа|лампочка|свет|эврика|электричество
💢	значок «гнев»	гнев|злость|значок «гнев»|ярость
💣	бомба	бомба|взрыв|ложись|опасность|фитиль|черная
💤	сон	ночи|ночь|сон|спать|спокойной|храп
💥	взрыв	бомба|бум|взрыв|вспышка|искра|столкновение
💦	капли пота	брызги|вода|капать|капельки|капли|мокрый|пот|тренировка
💧	капля	вода|дождь|капелька|капля|пот|слеза
💨	исчезновение	быстро|дым|исчезновение|облако|облачко|пукнуть|пыли|пыль|убежать
💩	какашка	вонючка|воняет|говно|кака|куча|улыбка|фу|шутка
💪	бицепс	атлет|бицепс|зал|качать|качок|мышцы|сила|спорт
💫	кружащаяся звезда	астероид|головокружение|звезда|звездочка|звезды|метеорит
💬	облачко с многоточием	диалог|идеи|многоточие|мысли|мысль|облачко|речь|сообщение|текст
💭	облачко с мыслями	идеи|изобретения|мечты|мысли|облачко|размышления
💮	белый цветок	белый|цветок
💯	сто баллов	100|именно|сотка|сотня|сто|сто баллов|сто процентов|сто пудов|точно
💰	мешок денег	банкноты|деньги|доллар|доллары|мешок|мешок денег|миллион|много
💱	обмен валюты	банк|валюта|валюты|деньги|касса|курс|обмен
💲	жирный знак доллара	валюта|деньги|доллар|США
💳	кредитная карта	банковская|деньги|заплатить|карта|карточка|кредитка|кредитная|оплатить
💴	банкнота иены	банкнота|банкнота иены|валюта|деньги|иена|япония
💵	банкнота доллара	австралия|бакс|банкнота|банкнота доллара|валюта|деньги|доллар|канада|купюра|сша
💶	банкнота евро	банкнота|валюта|деньги|евро|евросоюз
💷	банкнота фунта	англия|банк|банкнота|банкнота фунта|валюта|великобритания|деньги|стерлинг|стерлингов|фунт
💸	банкнота с крылышками	бакс|банкнота|банкнота с крылышками|деньги|доллар|крылья|летающая
💹	биржа	биржа|валюта|деньги|курс|рост|рынок|тенденция
💺	кресло	кресло|кресло в самолете|место|пассажирское кресло|сиденье|стул
💻	ноутбук	компьютер|ноутбук|портативный
💼	портфель	бумаги|дипломат|документы|офис|портфель|работа
💽	диск	CD|диск|компьютер|компьютерный диск|мини-диск|оптический диск|си ди|си-ди|сиди
💾	дискета	данные|дискета|компьютер|носитель
💿	CD	CD|диск|компакт|компакт-диск|си ди|си-ди|сиди|формат
📀	DVD	CD|DVD|двд|двд-диск|дивиди|диск|формат
📁	папка	бумаги|документы|папка|файл
📂	открытая папка	бумаги|документы|открытая|папка|файл
📃	страница с загибом	документ|загиб|загнутая|загнутый|лист|лист с загибом|страница|страница с загибом
📄	страница	вертикально|лист|страница
📅	календарь	даты|календарь|календарь с датой|назначенная дата|отрывной календарь|числа
📆	отрывной календарь	17 число|дата|день|календарь|листы|отрывной
📇	органайзер	визитка|визитница|картотека|карточки|органайзер|указатели
📈	диаграмма роста	вверх|диаграмма|диаграмма роста|рост|скачок|схема|тенденция|улучшение
📉	диаграмма падения	вниз|диаграмма|диаграмма падения|падение|схема|тенденция|ухудшение
📊	гистограмма	гистограмма|граф|диаграмма|столбчатая
📋	планшет с зажимом	бумага|зажим|лист|планшет|планшет с зажимом|список дел
📌	канцелярская кнопка	бумага|канцелярская кнопка|кнопка
📍	канцелярская кнопка с шариком	бумага|канцелярская кнопка с шариком|кнопка|место|местоположение|шарик
📎	скрепка	бумаги|канцелярия|скрепить|скрепка
📏	линейка	измерение|линейка|прямая
📐	линейка-треугольник	измерение|измерительный инструмент|линейка|линейка-треугольник|треугольная|треугольник|чертежный набор
📑	стикеры-закладки	закладки|клеящиеся|наклейки|отметки|стикеры|стикеры-закладки
📒	блокнот	блокнот|блокнотик|записная книжка|тетрадка|тетрадь
📓	тетрадь	блокнот|записная книжка|тетрадка|тетрадь
📔	записная книжка	блокнот|дневник|ежедневник|записи|записная|книжка|красивая|обложка
📕	закрытая книга	закрытая|закрыть|захлопнутая|захлопнуть|книга|книжка|красивая обложка|обложка
📖	открытая книга	книга|книжка|открытая|открыть|раскрытая|раскрыть
📗	зеленая книга	библиотека|зеленая|книга|книжка|учеба|учиться|читать|чтение
📘	синяя книга	голубая|голубой|книга|книжка|синий|синяя
📙	оранжевая книга	книга|книжка|оранжевая|оранжевый
📚	книги	библиотека|книги|книжки|много книг|сессия|стопка|стопка книг|учить|читать|экзамен
📛	бейдж	бейдж|бейджик|значок|значок с именем|имя|огонь|предупреждение
📜	свиток	бумага|пергамент|свиток
📝	заметка	заметка|запись|карандаш|писать|письмо
📞	телефонная трубка	телефон|телефонная трубка|трубка
📟	пейджер	пейджер|сообщение|строка|экран
📠	факс	бумага|сообщение|факс
📡	спутниковая антенна	антенна|спутник|спутниковая
📢	громкоговоритель	внимание|громкоговоритель|звук|обращение|объявление|рупор
📣	мегафон	громкоговоритель|звук|мегафон|обращение|объявление|речь|рупор
📤	исходящие	исходящая|исходящие|отправленная|отправленные|письма|почта|почтовый|сообщения|ящик
📥	входящие	входящие|входящие письма|полученная|полученные|полученные письма|почта|почтовый|ящик
📦	посылка	доставка|коробка|посылка|почта
📧	электронная почта	конверт|письмо|почта|сообщение|электронная почта|электронное письмо|электронное сообщение
📨	входящее письмо	входящее|конверт|письмо|получение|почта|сообщение|электронное
📩	исходящее письмо	исходящее|исходящее письмо|конверт|отправка|сообщение|стрелка|электронное
📪	закрытый почтовый ящик с опущенным флажком	закрыт|закрытый почтовый ящик с опущенным флажком|опущенный|почта|почтовый|флаг|ящик
📫	закрытый почтовый ящик с поднятым флажком	закрыт|закрытый почтовый ящик с поднятым флажком|поднятый|почта|почтовый|флаг|ящик
📬	открытый почтовый ящик с поднятым флажком	открыт|открытый почтовый ящик с поднятым флажкгом|открытый почтовый ящик с поднятым флажком|письмо|поднятый|почта|почтовый|флаг|ящик
📭	открытый почтовый ящик с опущенным флажком	опущенный|открыт|открытый почтовый ящик с опущенным флажком|письмо|почта|почтовый|флаг|ящик
📮	почтовый ящик	корреспонденция|почта|почтовый|ящик
📯	почтовый рожок	почта|почтовый рожок|рожок|труба
📰	газета	газета|известия|издание|новости|печать
📱	мобильный телефон	мобильник|мобильный|смартфон|сотовый|телефон
📲	входящий вызов	входящий|вызов|мобильник|мобильный|смартфон|сотовый|телефон
📳	режим вибрации	вибрация|мобильник|мобильный|режим|режим вибрации|смартфон|телефон|телефон вибрирует
📴	выключенный телефон	выключен|выключенный телефон|выключено|мобильник|мобильный|смартфон|сотовый|телефон
📵	мобильные телефоны запрещены	запрещен|запрещено|запрещены|звонить|звонки|мобильный|перечеркнутый|смартфон|сотовый|телефон
📶	сигнал сети	антенна|подключение|связь|сигнал сети|телефон|уровень сигнала
📷	фотоаппарат	съемка|фото|фотоаппарат|фотокамера
📸	фотоаппарат со вспышкой	вспышка|съемка|фото|фотоаппарат|фотоаппарат со вспышкой|фотокамера
📹	видеокамера	видео|видеокамера|запись|съемка
📺	телевизор	тв|телевидение|телевизор
📻	радио	передача|приемник|радио|сигнал
📼	видеокассета	видео|видеокассета|кассета|пленка
📿	четки	бусы|колье|молитва|ожерелье|религия|четки
🔀	случайный выбор	выбор|перемешивание|пересечение|скрещенные|случайно|случайный|стрелки
🔁	повтор	горизонтальные|замкнутые|по|повтор|повторить|стрелке|стрелки|часовой
🔂	повтор одной песни	две стрелки|кнопка|одна песня|повтор|повтор одной песни
🔃	по часовой стрелке	вертикальные|зависание|перезагрузка|по|стрелке|стрелки|часовой
🔄	против часовой стрелки	горизонтальные|кнопка|обновить|обновление|против|стрелки|часовой
🔅	низкая яркость	низкая яркость|низкий|солнышко|темно|уровень|яркость
🔆	высокая яркость	высокая яркость|высокий|светло|уровень|яркость
🔇	без звука	без звука|громкость|звук|молчание|тихо|тишина
🔈	низкая громкость	громкость|динамик|звук|низкая|уровень
🔉	средняя громкость	громкоговоритель|громкость|динамик|звук|рупор|спикер|средняя|уровень
🔊	высокая громкость	высокая|громкость|динамик|звук|уровень
🔋	батарейка	аккумулятор|батарейка|батарея|заряд|уровень заряда
🔌	вилка	вилка|розетка|штекер|штепсель|электричество
🔍	лупа, наклоненная влево	влево|линза|лупа|лупа, наклоненная влево|наклоненная влево|стекло|увеличительное
🔎	лупа, наклоненная вправо	вправо|исследовать|лаборатория|лупа|лупа, наклоненная вправо|наклоненная вправо|стекло|увеличительное
🔏	закрытый замок с перьевой ручкой	закрытый замок|закрытый замок с перьевой ручкой|замок|защита|конфиденциальность|перо|перьевая ручка|перьевой наконечник|ручка
🔐	закрытый замок с ключом	безопасность|закрытый|закрытый замок с ключом|замок|ключ
🔑	ключ	закрыть|ключ|открыть|пароль
🔒	закрытый замок	закрытый|замок|затвор|навесной замок
🔓	открытый замок	закрыть|замок|затвор|открытый
🔔	колокольчик	будильник|звонок|колокол|колокольчик
🔕	перечеркнутый колокольчик	будильник|будильник отключен|колокол|отключить|перечеркнутый колокольчик|перечеркнуть|тихо|тишина
🔖	закладка	закладка|книга|книжка|отметка
🔗	гиперссылка	гиперссылка|звенья|связывание|связь|ссылка|цепочка|цепь
🔘	круглая кнопка	кнопка|круглая|серая
🔙	стрелка «назад»	вернуться|назад|стрелка
🔚	стрелка «конец»	конец|стрелка «конец»|стрелка конец
🔛	стрелка «активно»	активно|включено|стрелка «активно»|стрелка активно
🔜	стрелка «скоро»	вправо|далее|продолжение|скоро|следует|стрелка
🔝	стрелка «верх»	вверх|верх|наверх|стрелка|топ
🔞	для людей старше восемнадцати лет	18 лет|для людей старше восемнадцати лет|запрет|нельзя|несовершеннолетним запрещено
🔠	ввод прописными	алфавит|ввод|ввод прописными|верхний регистр|латиница|латинские буквы|прописные|прописные символы
🔡	ввод строчными	алфавит|буквы|ввод|ввод строчными|кнопка|латинские буквы|нижний регистр|строчные|строчные символы
🔢	ввод цифр	ввод|ввод цифр|цифры
🔣	ввод символов	ввод|ввод символов|символы
🔤	ввод латиницей	алфавит|буквы|ввод|латиница|латинские|латинский|символы
🔥	огонь	костер|огонь|очаг|пламя
🔦	фонарик	свет|фонарик|фонарь|электричество
🔧	гаечный ключ	гаечный|инструмент|ключ|ремонт
🔨	молоток	забить|инструмент|молот|молоток|ремонт|удар
🔩	болт и гайка	болт|болт и гайка|винт|гайка|закрутить|инструмент|ремонт|шуруп
🔪	нож	кухонный|нож|оружие|острие|резать|холодное
🔫	водяной пистолет	водный пистолет|водяной пистолет|игрушка|огнестрельное|оружие|пистолет|револьвер
🔬	микроскоп	биология|изучать|инструмент|исследовать|клетки|лупа|микробы|микроскоп|прибор|увеличение
🔭	телескоп	астрономия|звезды|инструмент|линза|лупа|планетарий|планеты|прибор|телескоп|увеличительное стекло
🔮	хрустальный шар	будущее|волшебство|гадание|магия|предсказание|хрусталь|хрустальный шар|шар
🔯	шестиконечная звезда	звезда|звезда Давида|шестиконечная звезда
🔰	символ новичка	новичок|символ|символ новичка|Япония|японский символ новичка
🔱	трезубец	вилы|посейдон|символ|трезубец|эмблема
🔲	кнопка с черной рамкой	квадрат|кнопка|рамкой|с|черная|черной
🔳	кнопка с белой рамкой	белая|белой|квадрат|кнопка|рамкой|с
🔴	красный круг	геометрия|красный|круг|фигура|шар
🔵	голубой круг	геометрия|голубой|круг|синий|фигура|шар
🔶	большой оранжевый ромб	большой|геометрия|оранжевый|ромб|фигура
🔷	большой голубой ромб	большой|геометрия|голубой|ромб|синий|фигура
🔸	небольшой оранжевый ромб	геометрия|маленький|оранжевый|ромб|фигура
🔹	небольшой голубой ромб	геометрия|голубой|небольшой голубой ромб|небольшой ромб|ромб|фигура
🔺	треугольник вершиной вверх	вверх|вершиной|геометрия|красный|пирамида|треугольник|фигура
🔻	треугольник вершиной вниз	вершиной|вниз|геометрия|красный|пирамида|треугольник|фигура
🔼	треугольник острием вверх	вверх|кнопка|кнопка треугольник острием вверх|пирамида|треугольник|треугольник острием вверх
🔽	треугольник острием вниз	вниз|кнопка|треугольник|треугольник острием вниз
🕋	Кааба	ислам|Кааба|мусульмане|религия|святыня|хадж
🕌	мечеть	здание|ислам|мечеть|мусульмане|религия
🕍	синагога	евреи|здание|иудаизм|религия|синагога|церковь
🕎	менора	менора|подсвечник|религия|свечи|ханука|ханукия
🕐	час	1:00|13:00|время|дня|ночи|один|час|часы
🕑	два часа	время|два|два часа|час|часы
🕒	три часа	15:00|3:00|время|время три часа|ровно|три|три часа|час|часы
🕓	четыре часа	16:00|4:00|время|время четыре часа|ровно|час|часы|четыре|четыре часа
🕔	пять часов	17:00|5:00|время|время пять часов|пять|пять часов|ровно|час|часы
🕕	шесть часов	18:00|6:00|время|время шесть часов|ровно|час|часы|шесть|шесть часов
🕖	семь часов	19:00|7:00|время|время семь часов|ровно|семь|семь часов|час|часы
🕗	восемь часов	20:00|8|восемь|восемь часов|время|время восемь часов|ровно|час|часы
🕘	девять часов	21:00|9:00|время|время девять часов|девять|девять часов|ровно|час|часы
🕙	десять часов	10:00|22:00|время|время десять часов|десять|десять часов|ровно|час|часы
🕚	одиннадцать часов	11|11:00|23:00|время|время одиннадцать часов|одиннадцать|одиннадцать часов|ровно|час|часы
🕛	двенадцать часов	00|00:00|12|12:00|двенадцать|двенадцать часов|дня|ночи|полдень|полночь
🕜	полвторого	1:30|время|полвторого|половина|тик так|тик-так|час|час тридцать|часы
🕝	полтретьего	14:30|2:30|время|два тридцать|полтретьего|час|часы
🕞	полчетвертого	15:30|3:30|время|половина|полчетвертого|три тридцать|тридцать|час|часы
🕟	полпятого	16:30|4:30|время|половина|полпятого|тридцать|час|часы|четыре тридцать
🕠	полшестого	17:30|5:30|время|половина|полшестого|пять|тридцать|час|часы
🕡	полседьмого	18:30|6:30|время|половина|полседьмого|тридцать|час|часы|шесть
🕢	полвосьмого	19:30|7:30|время|полвосьмого|половина|семь|тридцать|час|часы
🕣	полдевятого	20:30|8:30|восемь тридцать|время|полдевятого|половина|тридцать|час|часы
🕤	полдесятого	21:30|9:30|время|девять тридцать|полдесятого|половина|тридцать|час|часы
🕥	пол-одиннадцатого	10:30|22:30|время|десять|пол-одиннадцатого|половина|тридцать|час|часы
🕦	полдвенадцатого	11:30|23:30|время|одиннадцать|полдвенадцатого|половина|тридцать|час|часы
🕧	полпервого	00:30|12|12:30|30|двенадцать|первого|половина|полпервого|тридцать
🕺	танцующий мужчина	движения|красота|мужчина|танец|танцующий мужчина|танцы|человек
🖕	средний палец	жест|палец|рука|средний|фак
🖖	вулканский салют	вулканский|жест|пальцы|приветствие|рука|спок
🖤	черное сердце	злое|сердце|черное
🗻	Фудзияма	вулкан|гора|Фудзияма
🗼	Токийская башня	архитектура|башня|вышка|телебашня|телевышка|Токио
🗽	статуя Свободы	нью-йорк|свобода|статуя|статуя Свободы|факел
🗾	карта Японии	атлас|карта|Япония
🗿	истукан	голова|истукан|лицо|остров|пасхи|статуя
😀	широко улыбается	лицо|радость|смех|счастье|улыбка
😁	светится от счастья	весело|глаза|зубы|лицо|ржать|смех|счастье|улыбка|ухмылка|широкая
😂	смеется до слез	глаза|лол|плач|ржака|ржач|ржунимагу|слезы|смешно|умора|ха-ха
😃	смеется	весело|лицо|радость|рот|смеется|смех|улыбка
😄	смеется с закрытыми глазами	глаза|закрытые|лицо|радость|смеется|смех|смеяться|улыбка
😅	нервно смеется	лол|нервный|облегчение|открытый|пот|рот|смех|стресс|улыбка|широкая
😆	смеется с прищуренными глазами	глаза|закрытые|лол|радость|смех|смешно|угораю|улыбка|ха-ха|хохот
😇	с нимбом	ангел|глаза|добрый|закрытые|легкая|невинная|нимб|улыбка
😈	улыбающийся чертенок	дьявол|зло|злорадная|рога|рожки|улыбка|черт
😉	подмигивает	глаз|договорились|ироничная|легкая|окей|подмигивает|улыбка|флирт|хорошо|шутка
😊	довольно улыбается	глаза|довольный|закрытые|краснеть|легкая|радость|румянец|улыбка|щеки
😋	вкусно	вкус|вкусно|еда|лицо|объедение|отлично|смаковать|язык
😌	испытывает облегчение	богу|довольный|облегчение|обошлось|пронесло|слава|улыбка|хорошо
😍	влюбленное лицо	без ума|вау|влюбленность|восторг|глаза|люблю|обожаю|сердечки|чувства
😎	лицо в темных очках	защита|клево|круто|лицо|очки|свет|солнечные|солнце|солнцезащитные|улыбка
😏	ухмыляется	задумал|лицо|подмигнуть|подозрение|попался|пошутил|ухмылка|ухмыляется|хитрый|шутка
😐	все равно	безразличие|незаинтересованный|равнодушие|скептик|скучно|усталость|эмоций
😑	без эмоций	безразличие|надоело|незаинтересованный|нет|ничего|совсем|спать|усталость|эмоций
😒	скучает	гадость|грустно|надоело|недовольный|противно|скука|скучно|тоска|фу
😓	в холодном поту	беспокойство|боль|волнуюсь|головная|депресняк|нервничаю|поту|уныние|холодном
😔	размышляет	грустный|достало|жаль|задумчивый|мысли|плохо|разочарован|скучно|устал
😕	в замешательстве	замешательство|недовольный|непонятно|огорчен|плохо|расстроен|сбит|сомнение|толку
😖	в растерянности	гадость|кринж|невкусно|непонятно|неприятно|растерян|сбит|толку|фу
😗	целует	люблю|любовь|нежность|поцелуй|романтика|скучаю|флирт|чмок
😘	воздушный поцелуй	воздушный|губы|комплимент|любовь|подмигивание|поцелуй|сердечко|скучаю|флирт|чмок
😙	счастливый поцелуй	глаза|лицо|любовь|поцелуй|свидание|улыбка|флирт|чмок
😚	целует с закрытыми глазами	глаза|закрытые|поцелуй|румянец|флирт|целовать|чмок
😛	показывает язык	вот|высунуть|забавно|показывает|смешно|улыбка|ха|шутка|язык
😜	показывает язык и подмигивает	весело|глаз|забавно|подмигнуть|показать|розыгрыш|улыбка|ха-ха|шутка|язык
😝	морщится и показывает язык	бе|гадость|жмуриться|омг|отвращение|показать|противно|ужас|фу|язык
😞	разочарование	виноват|грустно|жаль|лузер|неудача|обида|обижен|печаль|разочарован|устал
😟	беспокоится	беспокоится|беспокойство|лицо|расстройство|тревога|тревожность
😠	сердится	бешенство|злиться|злость|рассержен|сердится|хмурится
😡	злится	бешенство|злой|кипит|красный|ненавижу|рак|рассержен|сердится|ярость
😢	плачет	грустный|жаль|обидно|печаль|плакать|плач|слеза
😣	упорство	боль|головная|достало|мигрень|настойчивость|упорный|упрямый|хватит
😤	в ожидании успеха	бешенстве|дым|зла|злость|зол|пар|пыхтеть|раздражение
😥	обошлось	беспокоюсь|грустно|облегчение|обошлось|плач|пот|пронесло|разочарован|тревога|фух
😦	в изумлении	изумление|испуг|неприятный|ого|омг|страх|сюрприз|устал
😧	страдает	боль|забыл|испуг|неприятный|омг|страдаю|стресс|сюрприз|удивление
😨	боится	беспокоится|боится|боюсь|волнуюсь|жуть|испуг|омг|страх
😩	усталость	гадость|достало|надоело|нет|плач|сил|устал|фу|хватит
😪	хочет спать	ночи|плакать|плач|пора|сон|спать|сплю|спокойной|устал
😫	сильная усталость	достало|надоело|очень|сильно|спать|устал|фу|хватит
😬	гримаса	злой|злость|злюсь|зубы|кривляться|показать|рожа
😭	слезы рекой	за|навзрыд|несчастный|плач|почему|реветь|рекой|слезы|что
😮	удивление	вау|верю|изумление|невероятно|ого|омг|ошеломление|удивление|ужас|шок
😮‍💨	выдыхает	вздох|выдох|выдыхает|облегчение|одышка|свист|шепот
😯	неприятный сюрприз	вау|верю|неприятный|ого|омг|сюрприз|удивление
😰	сильно беспокоится	беспокоюсь|волнуюсь|грусть|замерз|плакать|плач|пот|страх|холодно
😱	в ужасе	испуг|крик|кричать|нет|омг|страх|ужас|шок
😲	в шоке	вау|глаза|изумление|лоб|ого|омг|ох|потрясение|удивление|шок
😳	краснеет	извини|краснеет|обидел|прости|румянец|смущение|стесняется|стыдно|хотел
😴	спит	боковую|ночи|пора|сон|спать|спокойной|уснул|устал|храп
😵	головокружение	болею|глаза|голова|крестики|кружится|мертвый|плохо|смерть|умереть|устал
😵‍💫	ошеломление	гипноз|глаза|голова|замешательство|кружится|кучу|омг|сложно|тупик|шок
😶	лицо без рта	молчание|немой|нет|рыба|секрет|слов|тайна|тихо|тишина|тсс
😷	в медицинской маске	болеть|вирус|врач|заражение|карантин|маска|медик|микроб|простуда|санитар
😸	смеющийся кот	глаза|закрытые глаза|кот|кот с широкой улыбкой и закрытыми глазами|морда|смеющийся|улыбка|широкая улыбка
😹	смеющийся до слез кот	веселье|кот|кот смеется|кот смеется до слез|морда|радость|слезы счастья|смеющийся до слез кот|смеющийся кот|счастье
😺	улыбающийся кот	домашнее|животное|кот|милашка|питомец|полосатый|улыбка|усы|ушастик|хорошо
😻	влюбленный кот	влюбиться|влюбленный кот|кот|любовь|морда|сердечки|счастье|улыбка
😼	ухмыляющийся кот	кот|кот с ухмылкой|сарказм|улыбка|ухмылка|ухмыляющийся кот|хитрость|хитрый
😽	целующий кот	глаза|губы|кот|кот целует|морда|морды|поцелуй|целующий кот
😾	злой кот	злой|кот|морда|недовольный|раздраженный
😿	плачущий кот	грустно|жаль|кот|кот плачет|морда|печаль|плач|плачущий кот|слезы
🙀	кот в шоке	в шоке|кот|кот в шоке|кот волнуется|морда|морды|удивление|усталость
🙁	немного грустит	грустный|досада|недовольный|огорчен|печаль|плохо|разочарован|хмурый
🙂	слегка улыбается	легкая|лицо|радость|смайлик|улыбка
🙃	вверх тормашками	вверх|ногами|перевернутый|смайлик|тормашками|улыбка
🙄	закатывает глаза	блин|глаза|закатить|закончится|когда|надоело|омг|скука|скучно|тоска
🙅	человек против	возражаю|жест|запрет|нельзя|нет|отказ|против|хватит
🙆	человек за	вверх|домик|за|зарядка|окей|омг|отлично|руки|хорошо
🙇	человек кланяется	виноват|жаль|извини|пожалуйста|поклон|прости|прошу|прощения|стыд
🙈	ничего не вижу	глаза|запрещено|зрение|нельзя|ничего не вижу|обезьяна
🙉	ничего не слышу	запрещено|лапы|нельзя|ничего не слышу|обезьяна|слух|уши
🙊	ничего никому не скажу	закрыт|запрещено|лапы|молчание|ничего никому не скажу|обезьяна|рот
🙋	человек с поднятой рукой	вопрос|задать|знаю|ответить|поднять|руку|сказать|спросить|хочу
🙌	ура	вверх|жест|класс|отлично|победа|руки|ура
🙍	нахмурившийся человек	грустит|грусть|грущу|лицо|нахмурившийся человек|обида|печаль|расстроен|хмурый|человек
🙎	обиженный человек	губы|зла|зол|надоело|надуть|обижен|огорчен|раздражение|разочарование|расстроен
🙏	сложенные руки	молитва|пожалуйста|просьба|прошу|руки|сложенные|спасибо|умолять
🚀	ракета	быстро|взлет|космос|ракета|скорость
🚁	вертолет	вертолет|винт|воздух|лопасти|транспорт
🚂	паровоз	вагон|локомотив|паровоз|поезд
🚃	вагон	вагон|общественный|поезд|рельсы|трамвай|транспорт|фуникулер
🚄	скоростной поезд	дорога|железная|поезд|пуля|Синкансэн|скоростной поезд|скорость
🚅	поезд-пуля	поезд|поезд-пуля|пуля|Синкансэн|скорость
🚆	поезд	дорога|ж/д|железная дорога|поезд|транспорт
🚇	метро	метро|подземка|поезд|станция|тоннель|транспорт
🚈	легкий рельсовый транспорт	легкий рельсовый транспорт|метро|монорельс|трамвай|транспорт|электричка
🚉	железнодорожный вокзал	вокзал|ж/д вокзал|ж/д станция|железнодорожная станция|железнодорожный вокзал|рельсы|станция|электричка
🚊	трамвай	рельсы|трамвай|транспорт
🚋	трамвайный вагон	вагон|рельсы|трамвай|трамвайный вагон|электричество
🚌	автобус	автобус|маршрутка|мини автобус|общественный транспорт|транспорт|школьный автобус
🚍	автобус спереди	автобус|лобовое|общественный транспорт|приближающийся автобус|спереди|стекло|транспорт
🚎	троллейбус	дорога|общественный|провода|транспорт|троллейбус|электричество
🚏	автобусная остановка	автобус|автобусная остановка|знак|остановка
🚐	микроавтобус	автобус|бусик|газель|маршрутка|микроавтобус|поездка
🚑	машина скорой помощи	больница|врачи|машина|машина скорой помощи|помощь|скорая
🚒	пожарная машина	машина|огонь|пожар|пожарная|пожарные|спасатели
🚓	полицейская машина	машина|милиция|патруль|полицейская машина|полицейские|полиция
🚔	полицейская машина спереди	лобовое стекло|машина|полицейская машина|полицейская машина спереди|полицейские|полиция|приближающаяся полицейская машина|проблесковый маячок|сирена
🚕	такси	водитель|желтое такси|машина|такси|транспорт|убер|шашечки
🚖	такси спереди	машина|приближающееся такси|такси|такси спереди|транспорт
🚗	автомобиль	автомобиль|машина|транспорт
🚘	автомобиль спереди	автомобиль|автомобиль спереди|машина|машина спереди|приближающаяся машина|приближающийся автомобиль|транспорт
🚙	джип	SUV|автомобиль|джип|жилой|легковой|машина|отдых|фургон
🚚	грузовик	газель|груз|грузовик|грузовой|доставка|кузов|перевозки|транспорт
🚛	фура	газель|грузовик|кузов|перевозка|переезд|транспорт|фура
🚜	трактор	сельское|техника|трактор|транспорт|хозяйство
🚝	монорельс	легкое|метро|монорельс|рельсы|транспорт
🚞	поезд в горах	горы|дорога|железная|поезд|поезд в горах|рельсы|транспорт|электричка
🚟	подвесная железная дорога	вагон|дорога|железная|подвесная
🚠	вагон фуникулера	вагон|вагон фуникулера|горы|кабинка|подъем|подъемник|тросы|фуникулер
🚡	канатная дорога	дорога|канат|канатная дорога|подвесная дорога|подъемник|трамвай|тросы|фуникулер
🚢	корабль	груз|корабль|круиз|лайнер|морской|пароход|перевозки|судно|титаник
🚣	гребля	весла|вода|гребля|лодка|море
🚤	катер	вода|двигатель|катер|круиз|лодка|море|мотор|яхта
🚥	горизонтальный светофор	горизонтальный светофор|свет|светофор
🚦	вертикальный светофор	вертикальный светофор|перекресток|свет|светофор
🚧	строительные работы	барьер|заграждение|опасность|преграда|препятствие|строительные работы|строительство|стройка
🚨	мигалка	красная|мигалка|полиция|проблесковый маячок|сигнальные огни|сирена|экстренная ситуация
🚩	треугольный флаг	красный|треугольный|флаг|флажок
🚪	дверь	вход|входная|выход|двери|дверная ручка|дверь|закрытая|проем
🚫	запрещено	вход|входа|запрещено|зачеркнутый|красный|круг|нельзя|нет
🚬	сигарета	дым|курение|курить|курю|можно|окурок|пепел|разрешено|сигарета
🚭	курение запрещено	запрет|запрещено|красный|круг|курение|курить|не|нельзя|черный
🚮	бросайте мусор в урну	мусор|мусорить|мусорка|урна
🚯	не мусорьте	запрещено|красный|мусор|мусорить|нельзя|перечеркнутый|черный
🚰	питьевая вода	вода|кран|пить|питьевая
🚱	непитьевая вода	вода|вредно|запрещено|кран|круг|не|нельзя|непитьевая|опасно|перечеркнутый|пить
🚲	велосипед	велик|велосипед|колеса|крутить педали|педали|прокатиться|руль|спорт|транспорт
🚳	перечеркнутый велосипед	велосипед|въезд|въезда|запрещено|нельзя|нет|перечеркнутый
🚴	велосипедист	велосипед|велосипедист|велоспорт|кататься|педали|спорт|человек
🚵	человек на горном велосипеде	байк|велик|велосипед|горный|горы|педали|соревнование|спорт|человек
🚶	человек идет	гулять|дорога|идет|прогулка|тротуар|ходьба|человек
🚷	переход запрещен	входить|запрещен|круг|не|опасно|переход|пешеход|пешеходный
🚸	знак «дети»	движение|дети|дорога|знак "дети"|знак «дети»|переход|пешеход|пешеходы
🚹	мужской туалет	кабинки|мужской|мужчины|туалет|уборная
🚺	женский туалет	женский туалет|женщины|кабинки|туалет|уборная
🚻	уборная	WC|туалет|уборная
🚼	пеленальная	дети|младенцы|пеленальная|пеленки|стол
🚽	унитаз	бачок|смывать|туалет|унитаз
🚾	туалет	WC|общественный|туалет|уборная|унитаз
🚿	душ	вода|душ|мыться|принимать душ|струя воды|чистота
🛀	человек в ванне	ванна|ванная|вода|человек
🛁	ванна	ванна|ванная|вода|купаться|мыться|принимать ванную|чистота
🛂	паспортный контроль	контроль|паспортный|печать|пограничник|проверка
🛃	таможня	багаж|граница|проверка|таможенник|таможня
🛄	получение багажа	багаж|лента|получение|прибытие|чемодан
🛅	забытый багаж	багаж|замок|кабинка|камера|ключ|хранения|чемодан
🛌	человек в кровати	гостиница|кровать|ночь|отель|сон|спит|человек
🛐	религия	место|молитва|молиться|поклонение|религиозное|религия|святое|святыня
🛑	знак «стоп»	восьмиугольник|знак|знак «стоп»|красный знак|остановка|стоп
🛒	тележка для покупок	магазин|покупки|тележка|тележка для покупок
🛕	индуистский храм	ашрам|индийский|индуизм|храм|церковь
🛖	хижина	дом|хижина|юрта
🛗	лифт	грузоподъемник|лифт|подъемник|специальные возможности
🛘	оползень	землетрясение|камнепад|лавина|обвал|опасность|осыпь|сель
🛜	беспроводная сеть	wi-fi|wifi|wlan|беспроводная сеть|вайфай|интернет|компьютер|подключение|роутер|сеть|смартфон|точка доступа|широкополосный
🛝	детская горка	горка|детская|играть|игровая|кататься|парк|площадка|развлечений
🛞	автомобильное колесо	автомобильное колесо|диск|колесо|колпак|круг|поворот|шина
🛟	спасательный круг	безопасность|круг|надувной|помощь|спасательный круг|спасение
🛫	взлет	взлет|взлетаю|отправление|посадка|регистрация|самолет|улетать
🛬	посадка	посадка|прибытие|приземляется|садится|самолет
🛴	самокат	колеса|руль|самокат|транспорт
🛵	скутер	мопед|мотороллер|скутер|транспорт
🛶	каноэ	байдарка|весло|индейцы|каноэ|каяк|лодка
🛷	санки	гора|катание|сани|санки|снег|спуск
🛸	летающая тарелка	инопланетный гость|инопланетяне|летающая тарелка|марсианин|НЛО|пришелец|пришельцы|тарелка
🛹	скейтборд	доска|доска с колесиками|доска с роликами|колеса|роликовая доска|скейт|скейтборд|скейтер
🛺	авторикша	авторикша|мопед|моторикша|рикша|такси|транспорт|тук-тук|туктук
🛻	пикап	автомобиль|грузовик|машина|перевозка|пикап|транспорт
🛼	роликовые коньки	коньки|ролики|роликовые коньки|спорт
🟠	оранжевый круг	геометрия|круг|оранжевый|фигура|шар
🟡	желтый круг	геометрия|желтый|круг|фигура|шар
🟢	зеленый круг	геометрия|зеленый|круг|фигура|шар
🟣	фиолетовый круг	геометрия|круг|фигура|фиолетовый|шар
🟤	коричневый круг	геометрия|коричневый|круг|фигура|шар
🟥	красный квадрат	геометрия|квадрат|красный|прямоугольник|фигура
🟦	синий квадрат	геометрия|голубой|квадрат|синий|фигура
🟧	оранжевый квадрат	геометрия|квадрат|оранжевый|прямоугольник|фигура
🟨	желтый квадрат	геометрия|желтая|желтый|карточка|квадрат|предупреждение|фигура
🟩	зеленый квадрат	геометрия|зеленый|квадрат|фигура
🟪	фиолетовый квадрат	геометрия|квадрат|прямоугольник|фигура|фиолетовый
🟫	коричневый квадрат	геометрия|квадрат|коричневый|прямоугольник|фигура
🟰	жирный знак равенства	знак|математика|равенства|равенство|равно
🤌	щепоть	вопрос|жест|пальцы|рега|сарказм|щепотка|щепоть
🤍	белое сердце	белое|любовь|сердце|чувства|эмоции
🤎	коричневое сердце	коричневое|любовь|сердце|чувства|эмоции
🤏	жест «мало»	жест|мало|небольшое количество|немного|чуть-чуть
🤐	рот на замке	говори|замке|могила|молния|никому|рот|секрет|скажу|тайна
🤑	деньги в глазах	баксы|богатый|выиграть|деньги|джекпот|доллары|лотерея|мани|счастливчик|язык
🤒	с градусником во рту	болеть|больной|вирус|градусник|грипп|жар|плохо|простуда|температура
🤓	очкарик	ботан|заучка|интеллигент|очкарик|радость|улыбка|умник|эврика
🤔	думает	думаю|знаю|интересно|мозгами|озадачен|пораскинуть|размышлять|сложно|трудно|хм
🤕	с перевязанной головой	бинт|болеть|больной|гипс|перевязка|повязка|пострадал|ударился
🤖	робот	лицо|монстр|робот|страх
🤗	обнимает	встречи|обнимашки|объятия|пока|привет|радость|руки|румянец|увидимся|улыбка
🤘	рокерский жест	жест|коза|пальцы|рок|рокерский|рука|фанат
🤙	жест «позвони мне»	жест|набери|позвони|рука|серферский|шака
🤚	поднятая рука	ладонь|поднятая|сторона|тыльная
🤛	кулак влево	влево|кулак|рука
🤜	кулак вправо	вправо|кулак|рука
🤝	рукопожатие	встреча|договорились|руки|рукопожатие|согласие|соглашение
🤞	скрещенные пальцы	везение|жест|пальцы|скрестить|скрещенные|удача
🤟	я-тебя-люблю	жест|люблю|пальца|пальцы|рука|три
🤠	в ковбойской шляпе	веселый|вестерн|ковбой|радость|техас|улыбка|шапка|шляпа
🤡	клоун	арлекин|клоун|смех|смешно|улыбка|цирк|шут
🤢	тошнит	блевать|болезнь|выворачивать|вырвет|зеленый|морская|наизнанку|отравиться|плохо|тошнит
🤣	катается со смеху	глаза|катаюсь|плач|пол|ржака|ржач|слезы|умора|ха-ха|хохот
🤤	пускает слюни	лицо|пускает слюни|слюни
🤥	лжец	буратино|врать|врешь|лжец|лицо|ложь|обман|обманывать|пиноккио
🤦	человек потерял дар речи	надоело|нет|омг|позор|раздражение|слов|фейспалм|хватит
🤧	чихает	апчхи|лицо|насморк|пчхи|чихает
🤨	не верит	быть|верю|может|не|недоверие|подозрение|правда|скептик|сомневаюсь|хм
🤩	звезды в глазах	вау|глаза|звезда|звездный|звезды|обалдеть|радость|супер|улыбка|широкая
🤪	сумасшедшее лицо	крейзи|показать|псих|сдвиг|сошел|сумасшедший|ума|фазе|чокнуться|язык
🤫	тс-с-с	говори|закрой|никому|секрет|тайна|тихо|тсс|узнает|услышать|шепот
🤬	цензура	браниться|брань|мат|материться|ругань|ругаться|цензура
🤭	прикрывает рот рукой	лишнее|ляпнуть|посмеиваться|проговорился|секрет|смешок|сюрприз|тайна|упс|хи
🤮	рвота	блевать|болезнь|вырвало|гадость|морская|отравиться|плохо|рвота|тошнит|фу
🤯	взрыв мозга	быть|взрыв|голова|может|мозга|не|омг|шок
🤰	беременная женщина	беременная|беременность|женщина
🤱	кормление грудью	вскармливание|грудь|кормить|кормящая|лактация|мать|младенец|молоко|ребенок
🤲	ладони лодочкой	вверх|вместе|горсть|дуа|желание|ладони|лодочкой|молитва|молиться|руки
🤳	селфи	селфи|снимок|телефон
🤴	принц	королевство|король|корона|принц|притча|сказка|фэнтези
🤵	жених	жених|мужчина|мужчина в смокинге|смокинг|человек|человек в смокинге
🤶	миссис Клаус	миссис клаус|миссис Клаус|новый год|рождество|снегурочка
🤷	человек пожимает плечами	все|может|плечами|пожимает|равно|равнодушие|сомнение|человек
🤸	акробатический трюк	акробатика|акробатический трюк|активный|вверх ногами|гимнастика|колесо|спорт|счастливый|трюк|человек
🤹	жонглер	жонглер|жонглирование|многозадачность|навык|равновесие
🤺	фехтовальщик	рапира|спорт|фехтовальщик|фехтование|человек|шпага
🤼	борцы	бороться|борцы|борьба|драка|рестлинг|ринг|спаринг|спарринг|спорт|человек
🤽	водное поло	вода|водное|поло|спорт|человек
🤾	гандбол	бросок|гандбол|гандболист|мяч|спорт|спортсмен|человек
🤿	маска с трубкой	дайвинг|маска|маска с трубкой|нырять|подводная|подводное плавание|подводный|спорт|трубка
🥀	увядший цветок	завяла|лепесток|роза|увядший|цветок
🥁	барабан	барабан|инструмент|музыка|музыкальный инструмент|палочки|ударные
🥂	чокающиеся бокалы	бокал|годовщина|звон|напиток|отмечать|праздник|праздновать|чокающиеся бокалы|шампанское
🥃	стакан с виски	бурбон|вино|виски|коктейль|коньяк|ликер|стакан|стакан для виски|стакан с виски
🥄	ложка	ложечка|ложка|прибор|приборы|стол|столовые|столовый прибор|чайная
🥅	спортивные ворота	ворота|гол|сетка|спорт|спортивные ворота
🥇	золотая медаль	золотая медаль|золото|медаль|место|первое место|победа|победители|победитель|чемпион|чемпионы
🥈	серебряная медаль	второе место|медаль|серебро|серебряная медаль
🥉	бронзовая медаль	бронза|бронзовая медаль|медаль|третье место
🥊	боксерская перчатка	бокс|боксерская|перчатка|спорт
🥋	спортивное кимоно	боевые искусства|дзюдо|карате|тхэквондо|форма
🥌	керлинг	игра|камень|керлинг|лед|спорт|щетка
🥍	лакросс	гол|забить|клюшка|лакросс|мяч|ракетка
🥎	софтбол	бита|зажать|игра|мягкий|мяч|нести|перчатка|софтбол|спорт
🥏	летающий диск	бросать|диск|досуг|игра|летающая тарелка|летающий диск|спорт|фрисби
🥐	круассан	еда|круассан|рогалик|французский|хлеб
🥑	авокадо	авокадо|еда|фрукт
🥒	огурец	еда|зелень|овощ|огурец|огурчик|соленье
🥓	бекон	бекон|еда|мясо
🥔	картофель	еда|картофель|картошка|овощ
🥕	морковь	еда|морковка|морковь|овощ
🥖	багет	багет|батон|булка|еда|французский|хлеб
🥗	овощной салат	еда|овощи|овощная нарезка|овощной салат|огород|салат|урожай
🥘	рагу в сковороде	еда|паэлья|плов|рагу|рагу в сковороде|сковорода
🥙	шаурма	еда|кебаб|лаваш|перекус|пита|фалафель|шаверма|шаурма
🥚	яйцо	еда|завтрак|скорлупа|яйцо
🥛	стакан молока	молоко|напиток|полный стакан|стакан|стакан молока
🥜	арахис	арахис|еда|овощ|орех
🥝	киви	еда|киви|фрукт
🥞	блины	блинчики|блины|еда|масленица|оладьи|оладья
🥟	вареник	вареники|гёдза|колдуны|пельмени|равиоли|ушки|цзяоцзы
🥠	печенье с предсказанием	гадание|оракул|печенье|печенье с предсказанием|предсказание
🥡	коробка для еды на вынос	доставка еды|еда на вынос|еда с собой|коробка для еды на вынос|коробка с едой|на вынос|палочки|с собой
🥢	палочки для еды	палочки|палочки для еды|палочки для суши|приборы|столовые|японские палочки
🥣	миска с ложкой	глубокая|гранола|завтрак|каша|миска|мюсли|пиала|тарелка|хлопья
🥤	стакан с соломинкой	вода|газировка|кола|минеральная вода|напиток|питье|сок|стакан с газировкой|стакан с соломинкой|стаканчик с трубочкой
🥥	кокос	кокос|кокосы|орех|пальма|пина колада
🥦	брокколи	брокколи|капуста
🥧	пирог	выпечка|кусок пирога|мясной пирог|пирог|сдоба|торт|фруктовый пирог|шарлотка
🥨	крендель	брецель|бублик|закрученный|крендель|претцель
🥩	кусок мяса	вырезка|красное мясо|кусок|кусок мяса|мясо|отбивная|стейк
🥪	сэндвич	бутерброд|сендвич|сэндвич|хлеб
🥫	консервы	банка|банка сгущенки|жестянка|консервированная еда|консервная банка|консервы
🥬	зеленый салат	ботва|зеленый|капуста|латук|листовой|листья|салат
🥭	манго	еда|манго|сладкий|тропики|тропический|фрукт
🥮	лунный пирог	лунный пирог|лунный пряник|осень|фестиваль|юэбин
🥯	бублик	баранка|бейгель|бейгл|бублик|выпечка|еда|завтрак|намазать
🥰	улыбающееся лицо с сердечками	люблю|любовь|нежность|обожаю|радость|романтика|румянец|сердечки|улыбка|чувства
🥱	зевает	боковую|зевает|ночи|поздно|скука|скучно|спать|спокойной|устал
🥲	улыбающееся лицо со слезой	боль|гордость|лицо|облегчение|признательность|радость|слеза|трогательный|улыбка|умиление
🥳	на вечеринке	вечеринка|день|днюха|колпак|конфетти|отмечать|поздравляю|праздник|рождения
🥴	чувствует головокружение	глазах|голова|кружится|мутит|окосел|плохо|плывет|пьяный
🥵	жар	болеть|жар|лихорадка|плохо|пот|солнечный|температура|удар|умираю|язык
🥶	мерзнет	болею|дубак|зубы|мерзнуть|мороз|озноб|синий|снег|стучат|холодно
🥷	ниндзя	воин|диверсант|ниндзя|синоби|скрытный|солдат|убийца|человек|шпион
🥸	маскировка	внешность|инкогнито|маскировка|нос|очки|профессор|усы|ученый|шпион
🥹	еле сдерживает слезы	благодарность|восхищение|гордость|плакать|радость|слезы|счастья|умиление
🥺	умоляет	большие|глаза|грустно|почему|просить|сжалься|слезы|умолять|щенячьи
🥻	сари	женская|Индия|одежда|платье|сари|традиционная
🥼	лабораторный халат	белый халат|лаборатория|лабораторный халат|форма|халат
🥽	защитные очки	защита|защитные|лыжная|маска|нырять|очки|плавание|сварка
🥾	треккинговый ботинок	ботинки|идти|кемпинг|палатка|поход|рюкзак|треккинговая обувь|треккинговые ботинки|треккинговый ботинок|туристическая обувь|туристические ботинки
🥿	балетки	балетки|без каблука|обувь на плоской подошве|слиперы|туфли|туфли без каблука|туфли на плоской подошве|удобно
🦀	краб	знак|зодиак|клешни|краб|рак
🦁	морда льва	гороскоп|грива|животное|знак|знак зодиака|зодиак|лев|морда|морда льва
🦂	скорпион	гороскоп|знак|знак зодиака|зодиак|скорпион
🦃	индейка	благодарение|благодарения|индейка|индюк|крылья|птица
🦄	голова единорога	единорог|животное|морда|рог|сказочное|фэнтези
🦅	орел	орел|птица|хищник
🦆	утка	птица|селезень|утка
🦇	летучая мышь	вампир|животное|летучая|мышь
🦈	акула	акула|рыба|хищник
🦉	сова	мудрость|птица|сова|филин
🦊	морда лисицы	животное|лис|лиса|лисица|лисья|морда
🦋	бабочка	бабочка|красота|мотылек|насекомое
🦌	олень	грация|животное|зверь|олень|рога
🦍	горилла	горилла|животное|обезьяна
🦎	ящерица	зеленая|рептилия|ящерица
🦏	носорог	животное|носорог|рог
🦐	креветка	еда|креветка|маленькая|морепродукты|ракообразные|рачок
🦑	кальмар	еда|кальмар|моллюск|щупальца
🦒	жираф	длинная шея|животное|жираф|пятна|пятнистый|шея
🦓	зебра	зебра|зебры|полосатая|полоски|черно-белая
🦔	еж	еж|ежик|животное|иголка|иголки|колючий|колючки
🦕	зауропод	брахиозавр|бронтозавр|динозавр|диплодок|зауропод
🦖	Ти-Рекс	динозавр|рекс|Ти-Рекс|тираннозавр
🦗	сверчок	кузнечик|насекомое|сверчок|цикада
🦘	кенгуру	австралия|Австралия|животное|кенгуру|скакать|сумка|сумчатое|сумчатые
🦙	лама	альпака|викунья|гуанако|животное|копытное|лама|руно|шерсть
🦚	павлин	веер|красивый|павлин|перья|птица|хвост|цветной
🦛	гиппопотам	бегемот|гиппопотам|животное
🦜	попугай	ара|говорить|говорящий|пират|попугай|птица|птица-говорун
🦝	морда енота	енот|животное|любопытный|морда|полоскун
🦞	омар	животное|клешни|лангуст|лобстер|морепродукты|омар|рак
🦟	комар	вирус|комар|кровосос|лихорадка|малярия|москит|насекомое|укус
🦠	микроб	амеба|бактерия|вирус|микроб|наука
🦡	барсук	барсук|животное|носуха
🦢	лебедь	белый лебедь|водоплавающее|гадкий утенок|лебедь|птица
🦣	мамонт	бивень|большой|вымирание|животное|мамонт|мохнатый|предок
🦤	дронт	большой|вымерший|додо|дронт|маврикий|птица
🦥	ленивец	животное|ленивец|лень|медленно|медленный|спать
🦦	выдра	вода|выдра|животное|играть|ловить|рыбалка
🦧	орангутан	обезьяна|орангутан|орангутанг|примат|человекоподобная|человекоподобный
🦨	скунс	вонь|вонючка|вонять|животное|скунс|фу
🦩	фламинго	птица|розовый|тропики|тропическая|тропический|фламинго
🦪	устрица	жемчуг|жемчужина|нырять|раковина|ракушка|устрица|устричный
🦫	бобр	бобер|бобр|грызть|животное|зубы|плотина
🦬	бизон	бизон|буйвол|животное|зубр|стадо|як
🦭	тюлень	животное|морской котик|морской лев|нерпа|океан|тюлень
🦮	собака-поводырь	инвалид|поводырь|помощь|слепой|собака
🦯	белая трость	белая|инвалид|палка|слепой|трость|ходьба
🦴	кость	костлявый|косточка|кость|скелет|собака
🦵	нога	бедро|голень|колено|конечность|нога|пинать|пинок|стопа
🦶	щиколотка	лодыжка|нога|стопа|ступня|щиколотка
🦷	зуб	белый|дантист|зуб|зубной|зубы|стоматолог
🦸	супергерой	бэтмен|героиня|герой|сильная|супервумен|супергерой|супермен|суперсила
🦹	суперзлодей	вампир|дракула|зло|злодей|плохой|преступник|суперзлодей|суперсила
🦺	спасательный жилет	жилет|защитный|спасательный|спасать|экстренный
🦻	ухо со слуховым аппаратом	аппарат|возможности|глухота|ограниченные|слабослышащий|слух|слуховой|ухо
🦼	кресло-коляска с мотором	инвалид|кресло|кресло-коляска|кресло-коляска с мотором|транспорт|электропривод
🦽	кресло-коляска с ручным приводом	инвалид|коляска|кресло|ручной|транспорт
🦾	механическая рука	возможности|инвалид|инвалидность|механическая|ограниченные|протез|рука
🦿	механическая нога	возможности|инвалид|инвалидность|механическая|нога|ограниченные|протез
🧀	сыр	дырки|желтый|кусок|сыр
🧁	капкейк	выпечка|десерт|еда|капкейк|кекс|корзиночка с кремом|пирожное|сахар|сладости
🧂	солонка	вкус|еда|морская соль|приправа|соленый|солонка|соль
🧃	пакетик сока	картон|напиток|пакет|пакетик сока|пить|сок|трубочка
🧄	чеснок	вкус|головка|готовить|еда|запах|приправа|специя|чеснок|чесночный
🧅	лук	головка|готовить|еда|лук|луковица|луковый|плакать|репчатый
🧆	фалафель	бобовый|бобы|вегетарианский|горох|гороховый|еда|нут|фалафель|шарик
🧇	вафля	вафельный|вафли|вафля|десерт|еда|завтрак
🧈	масло	готовить|еда|масленка|масло|масляный|молокопродукты|молочный|сливки|сливочное
🧉	мате	мате|матэ|напиток|пить|трубочка|чай
🧊	кубик льда	кубик|кубик льда|лед|ледяной|холод|холодный
🧋	чай с шариками	баббл|бабл|боба чай|еда|жемчужный|молоко|напиток|чай|чай с шариками|шарик
🧌	тролль	монстр|сказка|троллинг|тролль|чудище|чудовище
🧍	человек стоит	стоя|стоять|человек
🧎	человек на коленях	йога|колени|на коленях|сидеть|человек|человек на коленях
🧏	глухой человек	глухой|жестов|немой|слышать|сурдопереводчик|ухо|язык
🧐	с моноклем	дедукция|детектив|доказательства|изучение|монокль|расследование|сомнение|ученый
🧑	взрослый	взрослый|гендерно нейтральный|совершеннолетний
🧑‍🌾	фермер	дачник|садовник|скотовод|фермер
🧑‍🍳	повар	повар|шеф|шеф-повар
🧑‍🍼	кормящий человек	забота|кормление|кормящий|малыш|новорожденный|няня|ребенок|родитель|человек
🧑‍🎄	Санта	Дед Мороз|Клаус|Новый год|Рождество|Санта
🧑‍🎓	учащийся	бакалавр|выпускник|студент|учащийся
🧑‍🎤	певец	актер|звезда|певец|пение|развлечения|рок
🧑‍🎨	художник	кисти|палитра|художник
🧑‍🏫	педагог	инструктор|педагог|преподаватель|профессор|учитель
🧑‍🏭	рабочий	завод|промышленность|рабочий
🧑‍💻	инженер	инженер|ноутбук|программист|разработчик|технарь
🧑‍💼	офисный работник	белый воротничок|бизнес|менеджер|офис|офисный работник
🧑‍🔧	механик	механик|сантехник|специалист|электрик
🧑‍🔬	ученый	биолог|инженер|наука|ученый|физик|химик
🧑‍🚀	космонавт	астронавт|космонавт|ракета
🧑‍🚒	пожарный	пожарная машина|пожарный
🧑‍🤝‍🧑	люди, держащиеся за руки	держаться|держащиеся|друзья|лучшие|люди|пара|руки|семья
🧑‍🦯	человек с белой тростью	инвалид|слепой|человек с белой тростью
🧑‍🦼	человек в кресле-коляске с мотором	инвалид|инвалидная коляска|человек в кресле-коляске с мотором
🧑‍🦽	человек в кресле-коляске с ручным приводом	инвалид|инвалидная коляска|человек в кресле-коляске с ручным приводом
🧑‍🧑‍🧒	семья: двое взрослых и ребенок	семья с одним ребенком|семья: двое взрослых и ребенок
🧑‍🧑‍🧒‍🧒	семья: двое взрослых и двое детей	семья с двумя детьми|семья: двое взрослых и двое детей
🧑‍🧒	семья: взрослый и ребенок	неполная семья с одним ребенком|родитель-одиночка с одним ребенком|семья: взрослый и ребенок
🧑‍🧒‍🧒	семья: взрослый и двое детей	неполная семья с двумя детьми|родитель-одиночка с двумя детьми|семья: взрослый и двое детей
🧑‍🩰	артист балета	артист|балерина|балет|искусство|пуанты|сцена|танец|танцор
🧒	ребенок	гендерно нейтральный|дитя|малыш|ребенок
🧓	пожилой человек	в возрасте|гендерно нейтральный|пожилой|пожилой человек|старый
🧔	бородатый человек	борода|бородатый человек|бородач|мужчина
🧕	женщина в платке	женщина в платке|женщина с платком|закрытые волосы|мантилья|монахиня|монашка|платок|прикрытые волосы|тичел|хиджаб
🧖	человек в бане	баня|париться|парная|паровая|паром|пропотеть|сауна|хамам
🧗	человек взбирается по скале	альпинистка|взбираться|восхождение|гора|подъем|скала|скалолазание|человек
🧘	человек в позе лотоса	йога|лотос|медитация|поза|расслабление
🧙	маг	волшебник|заклинание|колдун|маг|магия|чародей
🧚	фея	Динь-Динь|крылышки|крылья|Оберон|Пак|сказка|Титания|фея|фэнтези
🧛	вампир	вампир|граф|Дракула|зубы|кровопийца|кровь|упырь
🧜	русалка	ариэль|морские существа|полурыба|русалка|русалочка|сказка|тритон|ундина
🧝	эльф	магия|сказка|уши|фэнтези|эльф
🧞	джинн	джинн|лампа|потереть|сказка
🧟	зомби	апокалипсис|живой|зомби|мертвец|страх|страшилка|ужас|Хэллоуин
🧠	мозг	интеллект|мозг|разум|ум|умная|умный
🧡	оранжевое сердце	любовь|оранжевое|свидание|сердце|чувства|эмоции
🧢	бейсболка	бейсболка|головной убор|кепка|шапка
🧣	шарф	обмотать|повязать|шарф|шея
🧤	перчатки	аксессуар|одежда|перчатки|руки
🧥	пальто	верхняя|куртка|одежда|пальто|пиджак
🧦	носки	ноги|носки|чулки
🧧	красный конверт	деньги|Китай|конверт|красный|подарок|традиция|удача
🧨	динамитная шашка	взрыв|взрывчатка|динамит|динамитная шашка|искра|петарда|фейерверк|хлопушка|шашка
🧩	пазл	головоломка|досуг|игра|кусочек|кусочек пазла|мозаика|пазл|собирать
🧪	пробирка	лаборатория|наука|опыты|пробирка|химик|химия|эксперимент|эксперименты
🧫	чашка Петри	анализы|бактерии|биолог|биология|лаборатория|чашка Петри|эксперимент
🧬	ДНК	биология|генетика|гены|ДНК|жизнь|молекула|эволюция
🧭	компас	компас|магнит|навигация|направление|ориентирование|поход|путешествие|путь|света|стороны|турист
🧮	счеты	вычисления|подсчет|счеты
🧯	огнетушитель	красный|огнетушитель|огонь|пожар|тушение пожара|тушить
🧰	ящик для инструментов	инструменты|комплект инструментов|коробка|красный ящик|мастер|механик|набор инструментов|ремонт|слесарь|ящик для инструментов
🧱	кирпичи	глина|кирпич|кирпичи|кирпичная|кирпичный|кладка|стена
🧲	магнит	магнетический|магнит|магнит-подкова|отрицательный|подкова|положительный|притяжение
🧳	багаж	багаж|путешествие|чемодан
🧴	бутылка лосьона	бальзам|бутылка лосьона|гель для душа|кондиционер|крем|лосьон|увлажнение|флакон|шампунь
🧵	катушка ниток	вышивка|иголка|катушка|катушка ниток|нитки|нить|рукоделие|шить|шитье|штопать
🧶	клубок	вязание|клубок|клубок ниток|нитки|пряжа
🧷	английская булавка	английская булавка|булавка|приколоть|пристегнуть
🧸	плюшевый мишка	игрушка|медвежонок|мишка|мягкая игрушка|плюшевая игрушка|плюшевый мишка
🧹	метла	ведьма|веник|метла|подметать|уборка
🧺	корзина	грибы|корзина|корзина с бельем|пикник|собирать|стирка|ягоды
🧻	рулон бумаги	бумага|бумажное полотенце|бумажные полотенца|рулон|рулон бумаги|салфетка|туалетная бумага
🧼	мыло	ванна|душ|купание|кусок мыла|мало|мыло|мыльная пена|мыть|пена|пузыри
🧽	губка	ванна|впитывать|губка|мочалка|мыло|мыть|мытье посуды|пена|посуда|спонж|чистить
🧾	чек	бухгалтерия|доказательство|квитанция|счет|фактура|чек
🧿	назар бонджук	амулет|око|сглаз|синий|талисман
🩰	пуанты	балерина|балет|обувь|пуанты|танец|туфли
🩱	цельный купальник	закрытый|купальник|одежда|плавать|слитный|спорт|цельный
🩲	плавки	купальник|одежда|плавать|плавки|трусы|шорты
🩳	шорты	белье|купальник|одежда|плавать|плавки|спорт|трусы|шорты
🩴	вьетнамки	вьетнамки|обувь|пляж|сланцы|шлепанцы|шлепки
🩵	голубое сердце	бирюзовое|голубое|люблю|любовь|милый|нравится|сердечко|сердце|чувства
🩶	серое сердце	любовь|сердце|серебряное|серое
🩷	розовое сердце	люблю|любовь|мило|нравится|розовое|сердце
🩸	капля крови	донор|капля|капля крови|красный|кровить|кровоточить|кровь|медицина|менструация
🩹	пластырь	заклеить|лейкопластырь|лечить|медицина|пластырь|порез|рана
🩺	стетоскоп	врач|доктор|инструмент|медицина|сердце|слушать|стетоскоп
🩻	рентген	врач|кости|медицина|предмет|просветить|рентген|скелет|снимок
🩼	костыль	инвалид|инвалидность|костыли|костыль|опора|перелом|повреждение|помощь|предмет|травма|трость
🪀	йо-йо	игрушка|йо-йо|йойо
🪁	воздушный змей	ветер|воздушный змей|змей|игра|летать|парить
🪂	парашют	крыло|параглайд|парасейл|парашют|парашютист|скайдайв
🪃	бумеранг	абориген|австралия|бумеранг|возврат|оружие|последствия
🪄	волшебная палочка	волшебная палочка|волшебник|волшебство|колдунья|магия|фокус
🪅	пиньята	вечеринка|мексиканский|пиньята|праздник|праздновать|сладости
🪆	матрешка	игрушка|кукла|матрешка|матрешки|россия|русская
🪇	маракасы	вечеринка|инструмент|маракасы|музыка|музыкальные инструменты|перкуссия|погремушки|ритм|танец|танцы|трясти|ча-ча-ча
🪈	флейта	группа|деревянный духовой инструмент|дудочка|духовой инструмент|инструмент|музыка|оркестр|продольная флейта|сопилка|труба|флейта|флейта пикколо|флейтист
🪉	арфа	ангелочек|арфа|инструмент|купидон|любовь|музыка|оркестр
🪊	тромбон	грусть|джаз|духовой|инструмент|музыка|тромбон
🪎	сундук с сокровищами	богатство|деньги|драгоценности|золото|клад|монеты|награда|сокровища|сундук
🪏	лопата	ковш|копать|лопата|совок|яма
🪐	планета с кольцом	кольца|кольцо|космос|планета|планета с кольцом|сатурн
🪑	стул	мебель|сидение|сидеть|сидя|стул|стулья
🪒	бритва	бритва|бритье|бриться|лезвие|лицо|опасная|острый
🪓	топор	дрова|дровосек|рубить|рубка|топор
🪔	масляная лампа	гореть|дия|лампа|масло|свет
🪕	банджо	банджо|гитара|играть|инструмент|музыка|струнный
🪖	армейская каска	армия|воин|каска|солдат
🪗	аккордеон	аккордеон|баян|гармонь|гармошка|концертина
🪘	конга	барабан|бит|конга|музыкальный инструмент|ритм|тамтам
🪙	монета	деньги|доллар|евро|золото|казна|металл|монета|рубль|серебро
🪚	пила по дереву	древесина|инструмент|пила|пила по дереву|пилить|плотник|резать|столяр
🪛	отвертка	винт|инструмент|мастер|отвертка|умелец
🪜	лестница	залезать|лезть|лестница|перекладина|стремянка|ступень
🪝	крюк	захват|крюк|крючок|подвес|уловка
🪞	зеркало	зеркало|краситься|макияж|отражатель|отражение
🪟	окно	вид|окно|окошко|прозрачный|рама|свежий воздух|стекло
🪠	вантуз	вантуз|засор|прочистка|сантехник|слив|сортир|туалет
🪡	швейная игла	вышивка|игла|иголка|стежки|швы|шитье
🪢	узел	веревка|канат|узел|шнур|шнурок
🪣	ведро	бадья|ведерко|ведро|кадка
🪤	мышеловка	заманить|западня|капкан|ловушка|мышеловка|приманка|сыр
🪥	зубная щетка	ванная|гигиена|зубная щетка|зубы|умываться|чистить|чистый|щетка
🪦	надгробие	гробница|кладбище|могила|могильный камень|надгробие
🪧	плакат	высказаться|демонстрация|заявление|знак|пикет|плакат|протест
🪨	камень	булыжник|жесткий|камень|скала|твердый|тяжелый
🪩	диско-шар	блестеть|вечеринка|диско|диско-шар|дискотека|зеркальный|зеркальный шар|танцы
🪪	удостоверение личности	водительские права|документ|паспорт|права|удостоверение
🪫	низкий уровень заряда	аккумулятор|батарейка|батарея|заряд|мало зарядки|низкий заряд|низкий уровень заряда|предмет|разрядилась|разряжено
🪬	хамса	амулет|защита|защитить|кисть|ладонь|предмет|рука|рука Марии|рука Мириам|рука Фатимы|хамса
🪭	веер	веер|жара|жарко|застенчивый|опахало|охлаждение|танец
🪮	афро-гребень	афро|волосы|гребень|расческа
🪯	кханда	дег|кханда|религия|сикх|сикхизм|символ|тех|фатех|хальса
🪰	муха	вредитель|зараза|личинка|муха|насекомое
🪱	червяк	дождевой червь|животное|земляной червь|круглый червь|паразит|червь|червяк
🪲	жук	букашка|жук|жучок|клоп|насекомое
🪳	таракан	вредитель|мерзкий|насекомое|прусак|таракан
🪴	растение в горшке	горшок|домашнее растение|растение|растение в горшке|растение в доме|цветок в горшке
🪵	древесина	бревно|древесина|дрова|лес|пень|полено
🪶	перо	лёгкий|оперение|перо|перышко|писать|полёт|птица
🪷	лотос	буддизм|индуизм|красота|лотос|медитация|спокойствие|умиротворение|цветок|чистота
🪸	коралл	изменение климата|коралл|море|океан|природа|риф
🪹	пустое гнездо	гнездо|гнездование|домой|природа|птицы|пусто|пустое гнездо
🪺	гнездо с яйцами	гнездо|гнездо с яйцами|гнездование|кладка яиц|природа|птицы|яйца
🪻	гиацинт	лаванда|львиный зев|люпин|цветок
🪼	медуза	беспозвоночное|морское|ожог|ой|ужалить
🪽	крыло	авиация|ангельский|летать|мифология|полет|птица
🪾	дерево без листвы	дерево без листвы|дерево без листьев|засуха|зима
🪿	гусь	глупый|гогот|гоготать|гуси|гусь|дичь|птица|утка
🫀	сердце человека	анатомия|кардиология|красный|орган|пульс|сердце|сердцебиение|человеческое
🫁	легкие	вдох|выдох|дыхание|дышать|легкие|легкое|орган
🫂	обнимающиеся люди	дружба|любовь|обнимашки|обнимающиеся люди|объятия|пока|привет|прощай|спасибо|успокоить
🫃	беременный мужчина	беременность|беременный|вздутие|животик|мужчина|переедание
🫄	беременный человек	беременная|беременность|беременный|вздутие|животик|переедание|человек
🫅	человек с короной	владыка|власть|князь|король|монарх|правитель|престол|царь
🫆	отпечаток пальца	безопасность|биометрия|идентификация|криминалистика|отпечаток пальца
🫈	снежный человек	великан|волосатый|йети|криптид|монстр|снежный|человек
🫍	косатка	животное|касатка|кит|море|морское|хищник|черно-белый
🫎	лось	животное|лось|млекопитающее|рога|рогатый|сохатый
🫏	осел	животное|ишак|млекопитающее|мул|ослик|упрямый
🫐	голубика	голубика|голубой|черника|ягода
🫑	болгарский перец	болгарский перец|еда|овощ|перец|растение|сладкий
🫒	оливка	еда|маслина|олива|оливка
🫓	лепешка	еда|лаваш|лепешка|наан|пита|тортилья|хлеб
🫔	тамале	еда|завернутый|мексиканский|памонья|тамал|тамале
🫕	фондю	еда|какелон|плавленый|сыр|фондю|швейцарский|шоколад
🫖	чайник	заварка|заварочный чайник|напиток|чай|чайник
🫗	стакан с жидкостью	вода|выливать|вылить|наливать|напиток|оплошность|опустошить|пролить|пустой|случайность|стакан|стакан с жидкостью
🫘	фасоль	бобовые|бобы|еда|кидни|фасоль
🫙	банка	банка|варенье|мариновать|пустая|соленья|хранить
🫚	корень имбиря	имбирь|корень|специя
🫛	стручок гороха	бобовые|бобы|горох|овощ|стручок|эдамамэ
🫜	корнеплод	корень|овощ|огород|репа|свекла
🫟	клякса	клякса|краска|пролить|пятно|Холи
🫠	тает	грустная|жара|жарко|лол|нежность|печальная|плавится|растаять|таю|улыбка
🫡	воинское приветствие	да|есть|окей|отдать|приветствие|приказ|сделаю|точно|хорошо|честь
🫢	прикрывает рот рукой с открытыми глазами	изумление|испуг|недоверие|смущение|страх|удивление|шок
🫣	подсматривает	глаз|интересно|испуг|подсматривает|рука|румянец|стесняюсь|страх|тайно|украдкой
🫤	с перекошенным ртом	досадно|думаю|знаю|не|непонятно|огорчен|разочарован|скептик|уверен
🫥	лицо пунктиром	грусть|депрессия|интроверт|исчезать|невидимка|печаль|пунктир|угнетение|усталость
🫦	кусать губы	беспокоиться|беспокойство|волнение|губы|кусать|переживания|помада|укус|флирт
🫧	пузыри	вода|мыло|мыльные пузыри|мыть|предмет|пузыри|пузырь|чистый
🫨	трясущееся лицо	бум|вау|головокружение|обморок|омг|паника|трясется|удивление|ужас|шок
🫩	лицо с мешками под глазами	без|глазами|истощение|мешки|под|сил|скучно|сон|спать|устал
🫪	лицо перекосило	выпучить|глаза|паника|тревога|удивление|шок|эмоции
🫯	драка	агрессия|драться|заварушка|конфликт|потасовка|разборка|склоки|спор
🫰	жест «деньги»	деньги|дорого|жест|сердечко|щелчок
🫱	рука вправо	вправо|кисть|направо|рука|рукопожатие
🫲	рука влево	влево|кисть|налево|рука|рукопожатие
🫳	рука ладонью вниз	бросить|ладонь вниз|отпустить|рука
🫴	рука ладонью вверх	вверх|жест|ладонь|манить|подзывать|поднимать|подойди|позвать|предложить|рука|скажи
🫵	указательный палец на себя	жест|палец|показать|рука|ты|указательный|указывать
🫶	жест «сердце»	жест|любовь|руки|сердце
🫷	рука ладонью влево	влево|ждать|нет|отказ|подождать|подожди|пять|стоп|толкать
🫸	рука ладонью вправо	вправо|ждать|нет|отказ|подождать|подожди|пять|стоп|толкать
