⌚	наручний годинник	годинник|наручний годинник
⌛	пісковий годинник	відлік часу|пісковий годинник|пісок|пісочний годинник|таймер
⏩	кнопка перемотування вперед	вперед|дві|кнопка «Перемотати вперед»|кнопка мотання вперед|кнопка перемотування вперед|перемотати|стрілка
⏪	кнопка перемотування назад	дві|кнопка «Швидко назад»|кнопка мотання назад|кнопка перемотування назад|перемотати|подвійна стрілка назад|стрілка
⏫	кнопка мотання вгору	дві|кнопка «Швидко вгору»|кнопка мотання вгору|подвійна стрілка|стрілка
⏬	кнопка мотання вниз	вниз|дві|кнопка «Швидко вниз»|кнопка мотання вниз|стрілка|стрілки донизу
⏰	будильник	будильник|годинник
⏳	пісковий годинник із піском, який сиплеться	години|готово|життя одне|не|очікування|пісковий годинник|пісок|сипання|таймер
◽	менший за середній білий квадрат	білий квадрат|геометричний|квадрат|менший за середній білий квадрат
◾	менший за середній чорний квадрат	геометричний|квадрат|менший за середній чорний квадрат|чорний квадрат
☔	парасолька з краплями дощу	дощ|крапля|одяг|парасолька|парасолька з краплями дощу|погода
☕	гарячий напій	гарячий|кава|кафе|кофеїн|напій|паруючий|пити|сніданок|чай
♈	Овен	баран|гороскоп|знак зодіаку|зодіак|овен|Овен
♉	Телець	бик|віл|гороскоп|знак зодіаку телець|зодіак|телець|Телець
♊	Близнюки	близнюки|Близнюки|гороскоп|зодіак
♋	Рак	гороскоп|знак зодіаку|зодіак|краб|рак|Рак
♌	Лев (знак зодіаку)	гороскоп|зодіак|лев|Лев|Лев (знак зодіаку)
♍	Діва	гороскоп|діва|Діва|зодіак
♎	Терези	гороскоп|знак зодіаку терези|зодіак|рівновага|справедливість|терези|Терези
♏	Скорпіон (знак зодіаку)	гороскоп|знак зодіаку скорпіон|зодіак|скорпіон|Скорпіон (знак зодіаку)
♐	Стрілець	гороскоп|зодіак|стрілець|Стрілець
♑	Козоріг	гороскоп|знак зодіаку|зодіак|коза|козеріг|Козеріг|Козоріг
♒	Водолій	вода|водолій|Водолій|гороскоп|знак зодіаку водолій|зодіак|носій
♓	Риби	гороскоп|знак зодіаку|зодіак|риба|риби|Риби
♿	символ крісла-візка	доступність|інвалідне крісло|символ візка|символ крісла-візка
⚓	якір	знаряддя|корабель|якір
⚡	висока напруга	блискавка|висока напруга|електрика|електричний|напруга|небезпека
⚪	білий круг	біле|білий круг|геометричний|коло
⚫	чорний круг	геометричний|коло|чорне|чорний круг
⚽	футбольний м’яч	м’яч|спорт|ФІФА|футбол|футбольний м’яч|чемпіонат
⚾	бейсбольний м’яч	бейсбольний м’яч|м’яч|спорт
⛄	сніговик без снігу	cніговик|погода|сніг|сніговик|сніговик без снігу|холодний
⛅	сонце за хмарою	погода|сонце|сонце за хмарою|хмара|хмарно
⛎	Змієносець	гороскоп|змієносець|Змієносець|змія|зодіак|носій
⛔	вʼїзд заборонено	в’їзд заборонено|вʼїзд|заборонено|не в’їжджати|не дозволено|немає|рух
⛪	церква	будівля|релігія|хрест|християнський|церква
⛲	фонтан	фонтан
⛳	лунка для гольфу з прапорцем	гольф|гра|лунка|лунка для гольфу з прапорцем
⛵	вітрильник	відпочинок|вітрильник|море|плавання|транспорт|човен|яхта
⛺	намет	намет|похід
⛽	бензоколонка	бензоколонка|заправка|насос|паливний насос|пальне
✅	кнопка з галочкою	✓|виконано|галочка|готово|значок|кнопка|кнопка з галочкою|опція|позначка|прапорець
✊	піднятий кулак	кулак|піднятий кулак|рука|стиснутий|тіло
✋	піднята рука	дай пʼять|долоня|піднята рука|рука|стояти|тіло
✨	блискітки	блискітки|зірка|іскра|іскри|яскравий
❌	хрестик	×|значок|множення|позначка|помножити|скасувати|х|хрестик
❎	кнопка з хрестиком	×|значок|квадрат|кнопка з хрестиком|позначка|х
❓	червоний знак питання	?|знак питання|питання|пунктуація|розділовий знак|червоний знак питання
❔	білий знак питання	?|білий знак питання|знак питання|контурний|питання|пунктуація|розділовий знак
❕	білий знак оклику	!|білий знак оклику|знак оклику|контурний|оклик|пунктуація|розділовий знак
❗	червоний знак оклику	!|знак оклику|оклик|пунктуація|розділовий знак|червоний знак оклику
➕	плюс	+|знак|математика|математичний|плюс
➖	мінус	-|−|знак|математика|математичний|мінус
➗	ділення	÷|ділення|знак|математика|математичний
➰	закручена петля	закручена петля|закручений|петля
➿	подвійна закручена петля	закручений|петля|подвійна закручена петля|подвійний
⬛	великий чорний квадрат	великий чорний квадрат|геометричний|квадрат
⬜	великий білий квадрат	великий білий квадрат|геометричний|квадрат
⭐	зірка	зірка|середня біла зірка
⭕	порожнисте червоне коло	велике|коло|о|порожнисте червоне коло|червоне
🀄	фішка маджонгу «червоний дракон»	гра|маджонг|фішка маджонг червоний дракон|фішка маджонгу «червоний дракон»|червоний
🃏	джокер	гра|грати|джокер|карта
🆎	кнопка AB (IV група крові)	3|ab|iii|група крові|група крові AB|кнопка «група крові ab»|кнопка AB (IV група крові)|кров|четверта група крові
🆑	кнопка «очистити»	квадрат «очистити текст»|клавіша "очистити текст"|кнопка «очистити»|очистити текст
🆒	кнопка «COOL»	квадрат «круто»|кнопка «COOL»|круто
🆓	кнопка «FREE»	FREE|безкоштовно|безплатно|квадрат «безкоштовно»|кнопка «FREE»
🆔	кнопка "ID"	ідентифікатор|ідентифікація|квадрат «ідентифікатор»|кнопка "ID"|кнопка ідентифікації|особистість
🆕	кнопка "NEW"	квадрат «новий»|кнопка "NEW"|новий
🆖	кнопка "NG"	абсолютно ні|квадрат «негативно»|кнопка "NG"|негативно
🆗	кнопка «ОК»	OK|ОК|окей
🆘	кнопка "SOS"	sos|допомога|квадрат «sos»|кнопка "SOS"
🆙	кнопка "UP!"	вгору|значок|кнопка "UP!"|кнопка «вгору!»
🆚	кнопка "VS"	квадрат «проти»|кнопка "VS"|проти
🈁	кнопка "тут" японською	ієрогліф|квадрат з ідеограмою «тут»|кнопка "тут" японською|японський
🈚	кнопка "безкоштовно" японською	ієрогліф|квадрат з ідеограмою «заперечення»|кнопка "безкоштовно" японською|японський
🈯	кнопка "зарезервовано" японською	ієрогліф|кнопка "зарезервовано" японською|японський
🈲	кнопка "заборонено" японською	ієрогліф|квадрат з ідеограмою «заборонено»|кнопка "заборонено" японською|японський
🈳	кнопка "вільно" японською	ідеограма|ієрогліф|китайський|кнопка "вільно" японською|пустота|японський
🈴	кнопка "достатня оцінка" японською	ієрогліф|китайський|кнопка "достатня оцінка" японською|Японія|Японський
🈵	кнопка "місць немає" японською	квадрат з ідеограмою «заповненість»|китайський|кнопка "місць немає" японською|японський ієрогліф
🈶	кнопка "не безкоштовно" японською	ієрогліф|квадрат з ідеограмою «існує»|кнопка "не безкоштовно" японською|японський
🈸	кнопка "заявка" японською	ієрогліф|квадрат з ідеограмою «подати заявку»|китайський|кнопка "заявка" японською
🈹	кнопка "знижка" японською	ієрогліф|квадрат з ідеограмою «поділити»|кнопка "знижка" японською|японський
🈺	кнопка "робота" японською	ієрогліф|квадрат з ідеограмою «робота»|китайський|кнопка "робота" японською
🉐	кнопка "угода" японською	ієрогліф|кнопка "угода" японською|Японія|японський
🉑	кнопка "прийнятно" японською	ієрогліф|китайський|кнопка "прийнятно" японською|коло з ідеограмою «прийняти»
🌀	циклон	запаморочення|погода|смерч|спіраль|тайфун|циклон
🌁	туманно	верхівка|гора|погода|топ|туман|туманно
🌂	складена парасолька	дощ|одяг|парасолька|погода|складена парасолька
🌃	зоряна ніч	зірка|зоряна ніч|ніч|погода
🌄	схід сонця над горами	гора|погода|ранок|сонце|схід|схід сонця над горами
🌅	схід сонця	погода|ранок|світанок|сонце|схід сонця
🌆	місто в сутінках	будівля|вечір|захід|ландшафт|місто|місто в сутінках|сутінки
🌇	захід сонця	будівля|захід сонця|місто|сонце|сутінки
🌈	веселка	бісексуал|гей|гендер|глбт|дощ|квір|лгбт|лесбіянка|погода|природа|транс
🌉	міст уночі	golden gate|міст|міст уночі|ніч|погода
🌊	хвиля	вода|океан|погода|хвиля
🌋	вулкан	виверження|вулкан|гора|лава
🌌	Чумацький шлях	космос|погода|чумацький шлях|Чумацький шлях
🌍	глобус, що показує Європу й Африку	африка|Африка|глобус|глобус, що показує Європу й Африку|європа|Європа|земля|світ|що показує Європу й Африку
🌎	глобус, що показує Америки	Америка|глобус|глобус, що показує Америки|Західна півкуля|земля|планета|світ|що показує Америки
🌏	глобус, що показує Азію і Австралію	австралія|Австралія|азія|Азія|глобус|глобус, що показує Азію і Австралію|земля|світ|що показує Азію і Австралію
🌐	земна куля з меридіанами	глобус|глобус із меридіанами|земля|земна куля з меридіанами|меридіани|світ
🌑	молодий місяць	космос|місяць|молодий|погода|темний
🌒	місяць у першій чверті	зростаючий|космос|місяць|місяць у першій чверті|молодий півмісяць|півмісяць|погода
🌓	перша чверть місяця	космос|луна|місяць|місяць у першій чверті|перша чверть місяця|погода|чверть
🌔	місяць у другій чверті	зростаючий|космос|місяць|місяць у другій чверті|погода|серпоподібний
🌕	повний місяць	космос|місяць|повний|погода
🌖	місяць у третій чверті	космос|місяць|місяць у третій чверті|погода|серпоподібний|спадаючий
🌗	остання чверть місяця	затемнення|космос|місяць|місяць в останній чверті|небо|остання чверть місяця|планета|погода|супутник|чверть
🌘	місяць у четвертій чверті	космос|місяць|місяць у четвертій чверті|півмісяць|погода|спадаючий|старий місяць
🌙	серп місяця	космос|місяць|півмісяць|погода|серп місяця
🌚	молодий місяць з обличчям	космос|місяць|молодий місяць з обличчям|обличчя|погода
🌛	перша чверть місяця з обличчям	космос|місяць|обличчя|перша чверть місяця з обличчям|погода|чверть
🌜	остання чверть місяця з обличчям	космос|місяць|обличчя|остання чверть місяця з обличчям|погода|чверть
🌝	повний місяць з обличчям	місяць|обличчя|повний|повний місяць з обличчям|яскравий
🌞	сонце з обличчям	весна|космос|літо|обличчя|погода|сонце|сонце з обличчям|яскравий
🌟	сяйна зірка	блискучий|зірка|іскра|світиться|світло|сяє|сяйна зірка
🌠	метеор	зірка|космос|метеор|небо|падає
🌭	хот-дог	їжа|сосиска|сосиска в тісті|хот-дог
🌮	тако	їжа|мексика|Мексика|мексиканська їжа|мексиканська кухня|тако|такос
🌯	буріто	буріто|їжа|мексика|Мексика
🌰	каштан	горіх|каштан|рослина
🌱	сіянець	листя|паросток|рослина|саджанець|сіянець
🌲	вічнозелене дерево	вічнозелена рослина|вічнозелене дерево|дерево|рослина|сосна|ялинка
🌳	листяне дерево	дерево|листяне дерево|листяний|опадає|рослина
🌴	пальма	дерево|пальма|рослина|тропіки
🌵	кактус	кактус|пустеля|рослина
🌷	тюльпан	квітка|рожевий тюльпан|рослина|тюльпан
🌸	вишневий цвіт	вишневий цвіт|вишня|квітка|рослина|цвіт|цвіт вишні
🌹	троянда	квітка|рослина|троянда|червона троянда
🌺	гібіскус	гібіскус|квітка|рослина
🌻	соняшник	квітка|рослина|сонце|сонях|соняшник
🌼	жовта квітка	жовта квітка|квітка|ромашка|рослина
🌽	качан кукурудзи	їжа|качан|качан кукурудзи|кукурудза|маїс
🌾	сніпок рису	колос|колосся рису|пшениця|рис|рисовий колосок|рослина|сніпок рису
🌿	лікарська рослина	листок|листя|лікарська рослина|рослина
🍀	чотирилисткова конюшина	4|конюшина|листок|листя|рослина|фортуна|чотири|чотирилиста конюшина|чотирилисткова конюшина|щастить
🍁	кленовий листок	дерево|клен|кленовий листок|листок|листя|опадати|осінь|рослина
🍂	опале листя	листок|листопад|листя|опадати|опале листя|опалий листок|осінь|рослина
🍃	листя, що кружляє за вітром	вітер|дути|кружляти|листок|листя|листя, що кружляє за вітром|рослина|що кружляє за вітром
🍄	гриб	гриб|гриб із шапинкою|мухомор|плодове тіло
🍄‍🟫	коричневий гриб	вегетаріанська їжа|вегетаріанський|гарнір|гриби|їжа|коричневий гриб|печериця|трюфель|шампіньйон|шиїтаке
🍅	томат	овоч|плід|помідор|сеньйор помідор|томат|червоний помідор
🍆	баклажан	баклажан|їжа|овоч
🍇	виноград	виноград|виноградина|виноградини|їжа|плід|ягоди
🍈	диня	диня|їжа|плід|фрукт
🍉	кавун	їжа|кавун|літо|плід
🍊	танжерин	їжа|мандарин|оранжевий|плід|помаранч|танжерин|фрукт
🍋	лимон	жовтий лимон|лимон|плід|цитрус
🍋‍🟩	лайм	зелений|кислинка|коктейль|лайм|лаймовий пиріг|мохіто|сальса|цитрусовий
🍌	банан	банан|їжа|плід|фрукт
🍍	ананас	ананас|їжа|плід|фрукт
🍎	червоне яблуко	їжа|плід|фрукт|червоне яблуко|червоний|яблуко
🍏	зелене яблуко	епл|зелене яблуко|зелений|їжа|плід|фрукт|яблуко
🍐	груша	груша|їжа|плід|фрукт
🍑	персик	абрикос|їжа|персик|плід|фрукт
🍒	вишні	вишні|вишня|їжа|плоди|червоні|черешня|ягоди
🍓	полуниця	їжа|плід|полуниця|ягода
🍔	гамбургер	бургер|гамбургер|їжа|чизбургер
🍕	піца	їжа|піца|сир|шматок
🍖	м’ясо на кістці	їжа|кістка|м’ясо|м’ясо на кістці
🍗	ніжка свійської птиці	їжа|кістка|курка|ніжка|ніжка свійської птиці|птиця|ципля "гриль"
🍘	рисовий крекер	їжа|крекер|рис|рисовий крекер
🍙	рисова кулька	їжа|кулька|рис|рисова кулька|японський
🍚	приготований рис	варений|їжа|приготований рис|рис
🍛	рис із карі	їжа|карі|рис|рис із карі|рисовий суп
🍜	миска, з якої піднімається пара	з якої піднімається пара|їжа|локшина|миска|миска, з якої піднімається пара|парувати|рамен|суп
🍝	спагеті	їжа|італійська кухня|паста|спагеті
🍞	хліб	буханець|їжа|паляниця|хліб|хлібина
🍟	картопля фрі	картопля|фрі
🍠	печений батат	батат|їжа|овоч|печений батат|печений топінамбур|смажити
🍡	рисові кульки на шпажці	данго|десерт|рисові кульки на шпажці|солодкий|шампур|японський
🍢	оден	їжа|кебаб|морський|оден|шампур
🍣	суші	їжа|суші
🍤	смажена креветка	їжа|креветка|смажена креветка|смажений|темпура
🍥	рибний рулет зі спіральним візерунком	випічка|рибний|рибний рулет зі спіральним візерунком|рулет
🍦	морозиво в ріжку	десерт|м’яке морозиво|м’який|морозиво|морозиво в ріжку|пломбир|солодкий
🍧	льодова стружка	десерт|лід|льодова стружка|морозиво|солодкий|стружка
🍨	морозиво	десерт|їжа|морозиво|солодкий
🍩	пончик	десерт|їжа|пончик|солодкий
🍪	печиво	десерт|печиво|солодкий|шоколадне печиво
🍫	плитка шоколаду	десерт|плитка|плитка шоколаду|солодкий|шоколад
🍬	цукерка	десерт|солодкий|цукерка
🍭	льодяник	десерт|льодяник|солодкий|цукерка
🍮	заварний крем	десерт|заварний крем|їжа|пудинг|солодкий
🍯	горщик із медом	горщик|горщик із медом|мед|солодкий
🍰	тістечко	випічка|десерт|солодкий|тістечко|торт|шматок
🍱	обід у коробці	бенто|їжа|набір суші|обід у коробці|суші|упаковка
🍲	горщик з їжею	горщик|горщик з їжею|їжа|овочевий суп|перше|рагу|суп|суп з локшиною
🍳	готування їжі	готування їжі|їжа|пательня|сковорода|смажити|сніданок|яєчня|яйце
🍴	виделка та ніж	вечеря|їжа|їсти|кулінарія|обід|ресторан|смакота|смачно|сніданок|столові прибори
🍵	чайна чашка без вушка	гарячий|зелений чай|їжа|крем-суп|напій|піала|суп|чай|чайна чашка без вушка|чашка
🍶	саке	бар|напій|пити|пляшка|саке|чашка
🍷	келих для вина	бар|вино|келих|келих для вина|напій|пити
🍸	бокал для коктейлю	бар|бокал|бокал для коктейлю|коктейль|мартіні|пити
🍹	тропічний напій	бар|коктейль|пити|тропічний|тропічний напій
🍺	кухоль із пивом	бар|будьмо!|кухоль|кухоль із пивом|пиво|пити
🍻	кухлі з пивом, що цокаються	алкоголь|бар|кухлі|напої|пиво|пиття|тости|цокання|цокатися
🍼	пляшечка для немовляти	годування|молоко|немовля|пити|пляшечка|пляшечка для немовляти
🍾	пляшка з корком, що вилітає	бар|вино|відкорковувати|ігристе|корок|пити|пляшка|стріляти|тиск|шампанське
🍿	попкорн	попкорн
🎀	бант зі стрічки	бант|бант зі стрічки|рожевий бант|святкування|стрічка
🎁	подарунок	дарунок|запакований|коробка|подарунок|святкування|сюрприз
🎂	торт на день народження	бажання|випічка|день|десерт|народження|свічки|святковий торт|святкування|солодкий|солодощі|торт|торт на день народження
🎃	ліхтар-гарбуз	гарбуз|геловін|ліхтар|ліхтар-гарбуз|святкування|хелловін|хеллоуін|хеловін
🎄	різдвяна ялинка	дерево|Новий рік|різдво|різдвяна ялинка|святкування|ялинка
🎅	Санта Клаус	дід|дід Мороз|казка|Новий рік|різдво|Різдво|Санта Клаус|Святий Миколай|святкування
🎆	феєрверки	салют|святкування|феєрверки
🎇	бенгальський вогонь	бенгальський вогонь|іскра|святкування|феєрверк|феєрверки
🎈	повітряна кулька	повітряна кулька|святкування
🎉	хлопавка	вечірка|вітання|святкування|сюрприз|хлопавка
🎊	кулька з конфеті	конфеті|кулька з конфеті|святкування
🎋	танабата, гілка тандзаку	банер|гілка тандзаку|дерево|рослина|святкування|танабата|танабата, гілка тандзаку|японське святкування|японський
🎌	схрещені прапори	навхрест|прапорці|схрещені|урочистість|японські
🎍	прикраси на ялинку	бамбук|прикраси на ялинку|рослина|святкування|сосна|японський
🎎	японські ляльки	лялька|ляльки|святкування|фестиваль|японський|японські ляльки
🎏	вітровказ у формі коропів	вітровказ у формі коропів|карп|святкування|транспарант|транспарант із карпами
🎐	китайські дзвіночки	вітер|дзвіночки|дзвоник|китайські дзвіночки|святкування
🎑	церемонія вшанування місяця	місяць|святкування|церемонія|церемонія вшанування місяця
🎒	шкільний рюкзак	навчання|ранець|сумка|шкільний портфель|шкільний рюкзак|школа
🎓	квадратна академічна шапочка	академік|бонет|випуск|капелюх|квадратна академічна шапочка|одяг|професор|шапка
🎠	коник на каруселі	карусель|кінь|коник на каруселі|лицар|лицарський кінь
🎡	чортове колесо	колесо|колесо огляду|огляд|парк розваг|чортове колесо
🎢	американські гірки	американський|американські гірки|гірки|парк розваг
🎣	рибацька вудка	вудка|вудка і риба|риба|рибалка|рибацька вудка
🎤	мікрофон	караоке|мікрофон
🎥	кінокамера	зйомка|камера|кіно|кінокамера|фільм
🎦	кінематограф	зйомка|камера|кінематограф|кіно|фільм
🎧	навушники	навушники
🎨	палітра художника	картина|кольори|мистецтво|музей|палітра|палітра художника
🎩	циліндр (капелюх)	капелюх|одяг|фокус|циліндр|циліндр (капелюх)|чоловік
🎪	циркове шатро	намет|цирк|циркове шатро|цирковий намет
🎫	квиток	вхідний|квиток
🎬	кінохлопавка	зйомка|кінохлопавка|фільм|хлопавка
🎭	театральне мистецтво	бал|венеціанський|венеційський|вистава|маска|маскарад|театр
🎮	ігровий контролер	відеогра|гра|джойстик|ігровий контролер|контролер|управління
🎯	мішень із прямим влученням	«яблучко»|в яблучко|влучення|гра|дротик|мішень із прямим влученням|пряме попадання|точно|ціль
🎰	гральний автомат	азарт|Вегас|везіння|виграш|гра|гральний автомат|джекпот|залежність|ігровий|фарт
🎱	більярдна куля 8	8|більярд|більярдна куля|більярдна куля 8|вісім|куля|спорт
🎲	гральна кість	гра|гральна кість|гральний кубик|казино|кубик
🎳	куля і кеглі для боулінгу	боулінг|гра|куля і кеглі для боулінгу|м’яч|спорт
🎴	гральні карти з квітами (ханафуда)	гра|гральні карти з квітами|гральні карти з квітами (ханафуда)|грати|карта|ханафуда|японський
🎵	музична нота	музична нота|музичний|нота
🎶	музичні ноти	музика|музичний|музичні ноти|нота|ноти
🎷	саксофон	інструмент|музика|музичний|саксофон
🎸	гітара	гітара|інструмент|музичний
🎹	музична клавіатура	інструмент|клавіатура|музична клавіатура|музичний|піаніно
🎺	труба	інструмент|музичний|труба
🎻	скрипка	інструмент|музичний|скрипка
🎼	партитура	музичний|ноти|партитура|скрипковий ключ
🎽	бігова теніска	біг|бігова теніска|сорочка|спортивна форма|стрічка|футболка
🎾	тенісний м’яч	м’яч|ракетка|спорт|теніс|тенісний м’яч
🎿	лижі	лижі|сніг|спорт
🏀	баскетбольний м’яч	баскетбольний м’яч|кільце|м’яч|спорт
🏁	картатий прапор	картатий|картатий прапор|клічастий|перегони|прапор для перегонів|фініш
🏂	сноубордист	лижі|сніг|сноуборд|сноубордист|спорт
🏃	людина, що біжить	біг|змагання|людина|марафон|навздогін|поспішати|спорт|спортсмен|швидкий
🏄	людина, що займається серфінгом	людина|океан|пляж|серфер|серфінг|спортсмен|хвилі
🏅	спортивна медаль	золота медаль|медаль|спортивна медаль
🏆	приз	виграш|кубок|нагорода|перемога|приз|трофей
🏇	кінні перегони	біговий кінь|жокей|кінні перегони|кінь|перегони|спорт
🏈	мʼяч для американського футболу	американський|м’яч|м’яч для гри в американський футбол|мʼяч для американського футболу|спорт|футбол
🏉	мʼяч для регбі	американський футбол|м’яч|м’яч для гри в регбі|мʼяч для регбі|регбі|спорт|футбол
🏊	людина, що пливе	вода|водний спорт|людина|плавання|плавати|плавець|спорт|спортсмен|триатлон
🏏	бита і мʼяч для крикету	бита|бита і мʼяч для крикету|гра|крикет|м’яч|спорт
🏐	волейбольний м’яч	волейбол|волейбольний м’яч|гра|м’яч|спорт
🏑	ключка і мʼяч для хокею на траві	гра|ключка|ключка і мʼяч для хокею на траві|м’яч|поле|хокей|хокей на траві
🏒	ключка і шайба для хокею	гра|ключка|ключка і шайба для хокею|лід|спорт|хокей|шайба
🏓	ракетка і кулька для пінг-понгу	кулька|пінг-понг|ракетка|ракетка і кулька для пінг-понгу|спорт|стіл|теніс
🏠	будинок	будинок|будівля|вдома|дім
🏡	будинок із садом	будинок|будинок із садом|будівля|дім|сад
🏢	офісна будівля	будівля|офісна будівля
🏣	японське поштове відділення	будівля|пошта|японська пошта|японське поштове відділення|японський
🏤	поштове відділення	будівля|європейський|пошта|поштове відділення
🏥	лікарня	будівля|госпіталь|лікар|лікарня|медицина
🏦	банк	банк|будівля
🏧	символ банкомата	банківський автомат|банкомат|готівка|знак банкомата|зняти гроші|символ банкомата|термінал самообслуговування
🏨	готель	будівля|готель
🏩	готель кохання	будівля|готель|готель для закоханих|кохання|мотель
🏪	цілодобовий магазин	будівля|магазин|цілодобовий
🏫	школа	будівля|школа
🏬	універмаг	банк|будівля|офіс|універмаг
🏭	фабрика	будівля|завод|фабрика
🏮	червоний паперовий ліхтар	бар|ліхтар|ліхтар ізакайа|світло|червоний|червоний паперовий ліхтар|японський
🏯	японський замок	будівля|пагода|японський замок
🏰	замок	будівля|європейська|замок|фортеця
🏴	чорний прапор	майорить|чорний прапор
🏸	ракетка і волан для бадмінтону	бадмінтон|волан|воланчик|гра|ракетка|ракетка і волан для бадмінтону|спорт
🏹	лук і стріла	зброя|знаряддя|зодіак|лук|лук і стріла|лучник|стріла|стрілець|Стрілець
🏺	амфора	амфора|водолій|глек|зодіак|кулінарія|пити
🐀	щур	пацюк|тварина|щур
🐁	миша	миша|тварина
🐂	бик	бик|віл|зодіак|тварина|телець
🐃	буйвіл	буйвіл|тварина
🐄	корова	молоко|му|тварина|ферма
🐅	тигр	тварина|тигр|хижак
🐆	леопард	дика кішка|леопард|тварина|хижак
🐇	кролик	заєць|кріль|кролик|тварина
🐈	кіт	домашній улюбленець|кіт|коша|тварина
🐈‍⬛	чорний кіт	кіт|кішка|мяу|невдаха|невдача|нещастя|погана прикмета|тварина|чорний
🐉	дракон	дракон|казка
🐊	крокодил	алігатор|крокодил|тварина|хижак
🐋	кит	кит
🐌	равлик	павлик-равлик|петрик|природа|равлик|слимак|тварина
🐍	змія	гадюка|змієносець|змій|змія|зодіак
🐎	кінь	верхогони|кінні|кінь|перегони|скачки|тварина
🐏	баран	баран|вівця|гороскоп|зодіак|овен|тварина
🐐	цап	гороскоп|зодіак|козел|козеріг|тварина|цап
🐑	вівця	вівця|вовна|тварина|ферма|ягня
🐒	мавпа	мавпа|тварина
🐓	півень	когут|півень|птах
🐔	курка	квочка|курка|курча|птах
🐕	собака	домашня тварина|пес|собака|тварина
🐕‍🦺	службовий собака	допомога|доступність|службовий|собака|спеціальні можливості|супровід|тварина
🐖	свиня	льоха|порося|свиноматка|свиня|тварина
🐗	вепр	вепр|кабан|кнур|тварина
🐘	слон	слон|тварина
🐙	восьминіг	восьминіг
🐚	морська мушля	морська мушля|мушля|спіральна мушля|спіральний
🐛	комаха	гусінь|комаха|комашина|комашка
🐜	мураха	комаха|мураха
🐝	бджола	бджола|комаха
🐞	сонечко	жучок|комаха|корівка|сонечко
🐟	риба	гороскоп|зодіак|риба|риби
🐠	тропічна риба	море|океан|риба|тропічна риба|тропічний
🐡	риба-куля	риба|риба-їжак|риба-куля
🐢	черепаха	тварина|черепаха
🐣	курча, що вилуплюється	Великдень|вилуплюватися|курча|курча, що вилуплюється|новонароджений|прокльовуватися|птах|пташка|що вилуплюється
🐤	мале курча	курка|курча|курчатко|мале курча
🐥	курча, що стоїть	анфас|курча|орнітологія|пискля|пташа|пташка|тварина
🐦	птах	птах|пташка
🐦‍⬛	чорний птах	ворон|дзьоб|дрізд|каркати|крук|птах|тварина|чорний
🐦‍🔥	фенікс	відродження|жар-птиця|нове життя|оживлення|ожити|оновлення|перевтілення|повстати|слава|фантастика|фенікс
🐧	пінгвін	пінгвін|птах
🐨	коала	ведмідь|морда|тварина
🐩	пудель	пес|пудель|собака|тварина
🐪	одногорбий верблюд	верблюд|горб|дромадер|одногорбий|пустеля|Сахара|тварина
🐫	двогорбий верблюд	бактріан|верблюд|горб|двогорбий|караван|пустеля|тварина
🐬	дельфін	дельфін|плавець
🐭	морда миші	миша|мишача морда|морда|морда миші|пацюк|тварина
🐮	морда корови	коров’яча морда|коровʼяча морда|корова|морда|морда корови|тварина
🐯	морда тигра	морда|морда тигра|тварина|тигр|тигряча морда|хижак
🐰	морда кроля	заєць|кролик|кроляча морда|морда|морда кроля|тварина
🐱	морда кота	домашня тварина|кіт|котяча морда|морда|морда кота|тварина
🐲	голова дракона	голова|голова дракона|дракон|зелений дракон|казка
🐳	кит, що пускає фонтан	кит|обличчя|океан|пляж|тварина|фонтан
🐴	голова коня	голова коня|кінь|кобила|лоша|морда|тварина
🐵	морда мавпи	мавпа|мавпяча морда|морда|морда мавпи|тварина
🐶	морда собаки	морда|морда собаки|пес|собака|собача морда|тварина
🐷	рило свині	морда|порося|рило свині|свиня|свиняче рило|тварина
🐸	жаба	болото|жабʼяча|жаба|жабина|морда|тварина
🐹	хомʼяк	домашня тварина|морда|морда хом’яка|тварина|хом’як|хом’якова|хомʼяк
🐺	вовк	вовк|вовча|морда|тварина|хижак
🐻	ведмідь	ведмедева|ведмежа|ведмежача|ведмідь|морда|тварина
🐼	панда	морда|морда панди|панда|тварина
🐽	свинячий пʼятак	морда|рило|свиня|свиняче рильце|свинячий пʼятак
🐾	сліди лап	відбитки лап|лапа|слід|сліди лап
👀	очі	обличчя|око|очі|тіло
👂	вухо	вухо|слухати|слухаю|тіло
👃	ніс	ніс|тіло
👄	рот	губи|помада|поцілунок|рот|тіло|чутлива
👅	язик	тіло|язик
👆	палець тильним боком, що вказує вгору	вказівний|палець|палець тильним боком|палець тильним боком, що вказує вгору|показувати|рука|угору|указувати|що вказує вгору
👇	палець тильним боком, що вказує вниз	вказівний|дивись нижче|палець|палець тильним боком|палець тильним боком, що вказує вниз|рука|тильний|указувати|униз|що вказує вниз
👈	палець тильним боком, що вказує вліво	вліво|палець|показувати|рука|тильний бік|що вказує
👉	палець тильним боком, що вказує вправо	вказівний|палець|палець тильним боком|палець тильним боком, що вказує вправо|показувати|рука|указувати|управо|що вказує вправо
👊	кулак, що насувається	абсолютно|бро|бум|згода|кулак|правильно|рок|рука|стиснутий|удар
👋	рука махає	бувай|вітання|вітаю|дай пʼять|до зустрічі|долоня|махати|помах|привіт|рука|рука махає|тіло
👌	жест «окей»	гаразд|добре|жест|зрозуміло|круто|о’кей|рука|так|тіло|чудово
👍	великі пальці вгору	+1|великі пальці вгору|гаразд|добре|домовилися|класно|круто|палець угору|подобається|рука|супер|схвалення|так|тіло|файно|чудово
👎	великі пальці вниз	-1|великі пальці вниз|не подобається|палець униз|рука|тіло
👏	руки, що аплодують	аплодисменти|біс|браво|відмінно|вітання|оплески|плескати|рука|ура|чудово
👐	відкриті долоні	відкритий|відкриті долоні|відкриті руки|долоні|рука|тіло
👑	корона	ваша височність|королева|королевство|король|корона|одяг
👒	жіночий капелюшок	жінка|жіночий капелюх|жіночий капелюшок|капелюх|одяг
👓	окуляри	одяг|око|окуляри
👔	краватка	краватка|одяг
👕	теніска поло	одяг|теніска|теніска поло|топ|футболка
👖	джинси	джинси|одяг|штани
👗	сукня	одяг|сукня
👘	кімоно	кімоно|одяг
👙	бікіні	бікіні|купальник|одяг|плавати
👚	жіночий одяг	T-Shirt|блуза|жінка|жіночий одяг|одяг|топ|футболка
👛	гаманець	аксесуар|гаманець|гроші|монета|одяг
👜	сумка	одяг|сумка
👝	клатч	клатч|одяг|сумка
👞	чоловіча туфля	взуття|одяг|туфлі|чоловік|чоловіча туфля|чоловіче взуття
👟	кросівка	взуття|взуття для бігу|кросівка|кросівки|кросівок|одяг|спортивний
👠	туфля на високому підборі	взуття|жінка|каблук|одяг|туфлі|туфля на високому підборі|шпилька
👡	жіноча сандалія з підбором	взуття|жінка|жіноча сандалія з підбором|каблук|одяг|сандалі
👢	жіночий чобіт	взуття|жінка|жіночий чобіт|одяг|тепле взуття|чобіт
👣	сліди ніг	відбитки|відбиток|нога|одяг|слід|стопи|ступні|тіло
👤	силует бюсту людини	бюст|загадка|інкогніто|таємниця|тінь
👥	силуети двох людських бюстів	бюст|люди|силует|силуети двох людських бюстів
👦	хлопчик	людина|малеча|хлопець|хлопчик
👧	дівчинка	діва|дівчина|дівчинка|зодіак|хвостики|шкільниця
👨	чоловік	блондин|дорослий|людина|чоловік
👨‍🌾	фермер	господар|садівник|фермер|чоловік
👨‍🍳	кухар	кулінар|кухар|робота|чоловік|чоловік-кухар|шев-повар|шеф-кухар
👨‍🍼	чоловік годує дитину	батьківство|батько|годування|дитина|догляд|людина|немовля|няньчити|тато|турбота|чоловік|чоловік годує дитину
👨‍🎓	студент	абітурієнт|бонет|випускник|студент|чоловік
👨‍🎤	співак	артист|виконавець|зірка|людина|пісняр|рок|соліст|співак|чоловік
👨‍🎨	чоловік-художник	живописець|маляр|митець|палітра|пензлики|робота|творець|художник|чоловік-художник
👨‍🏫	учитель	викладач|вчитель|інструктор|професор|робота|учитель|чоловік
👨‍🏭	робітник	завод|конвеєр|промисловий|робітник|трудівник|фабрика|чоловік
👨‍💻	технолог	винахідник|кодувальник|комп’ютер|програміст|робота|розробник|технік-програміст|технолог|чоловік
👨‍💼	службовець	архітектор|менеджер|офіс|офісний працівник|службовець|чоловік
👨‍🔧	механік	водопровідник|електрик|електротехнік|механік|робота|сантехнік|фахівець|чоловік
👨‍🔬	науковець	біолог|інженер|наука|науковець|фізик|хімік|чоловік
👨‍🚀	астронавт	астронавт|космонавт|космос|ракета|робота|чоловік
👨‍🚒	пожежник	вогнеборець|пожежний автомобіль|пожежник|робота|чоловік
👨‍🦯	чоловік із тактильною тростиною	біла|білий|доступність|незрячий|сліпий|спеціальні можливості|тростина|ціпок|чоловік
👨‍🦼	чоловік у візку з електроприводом	візок|доступність|колісне крісло|людина|спеціальні можливості|чоловік|чоловік у візку|чоловік у візку з електроприводом
👨‍🦽	чоловік у візку з ручним приводом	візок|доступність|колісне крісло|спеціальні можливості|чоловік|чоловік у візку|чоловік у візку з ручним приводом
👩	жінка	білявка|доросла|жінка|людина
👩‍🌾	фермерка	господарка|жінка|робота|садівник|садівниця|фермер|фермерка
👩‍🍳	кухарка	жінка|жінка-кухар|кулінарка|кухар|кухарка|повар|повариха|робота|шеф-кухарка|шеф-повар
👩‍🍼	жінка годує дитину	батьківство|годування|дитина|догляд|жінка|жінка годує дитину|людина|мама|материнство|мати|матуся|немовля
👩‍🎓	студентка	абітурієнтка|бонет|випускниця|жінка|студентка
👩‍🎤	співачка	артистка|виконавиця|жінка|зірка|людина|рок|солістка|співачка
👩‍🎨	художниця	жінка-митець|малярка|палітра|пензлики|робота|художниця
👩‍🏫	учителька	викладачка|вчителька|жінка|інструктор|професор|робота|учителька
👩‍🏭	робітниця	жінка|завод|зварка|конвеєр|монтаж|промисловий|робітник|робітниця|трудівниця|фабрика
👩‍💻	жінка-технолог	винахідниця|жінка|жінка-програміст|жінка-технолог|кодувальниця|офісна працівниця|робота|технік-програміст
👩‍💼	службовка	архітектор|ділова жінка|жінка|менеджер|офіс|офісна працівниця|службовка
👩‍🔧	жінка-механік	жінка|жінка-електротехнік|жінка-механік|жінка-сантехнік|жінка-фахівець|майстриня|полагодити|робота
👩‍🔬	жінка-науковець	жінка|жінка-біолог|жінка-інженер|жінка-науковець|жінка-фізик|жінка-хімік|наука|науковець|робота
👩‍🚀	астронавтка	астронавтка|жінка|жінка-космонавт|космонавтка|ракета|робота
👩‍🚒	жінка-пожежник	жінка|жінка-вогнеборець|жінка-пожежник|пожежний автомобіль|пожежник|робота
👩‍🦯	жінка з тактильною тростиною	біла|білий|доступність|жінка|незряча|сліпа|спеціальні можливості|тростина|ціпок
👩‍🦼	жінка у візку з електроприводом	візок|доступність|жінка|жінка у візку з електроприводом|колісне крісло|людина|спеціальні можливості
👩‍🦽	жінка у візку з ручним приводом	візок|доступність|жінка|жінка у візку з ручним приводом|колісне крісло|людина|спеціальні можливості
👪	родина	батько|дитина|мама|матір|родина|сімʼя|тато
👫	жінка й чоловік, що тримаються за руки	близнята|дружба|жінка|за руки|пара|побачення|тримати|флірт|чоловік
👬	чоловіки, що тримаються за руки	близнюки|Близнята|дружба|за руки|зодіак|лгбт|пара|флірт|хлопці|чоловіки
👭	жінки, що тримаються за руки	дівчата|жінки|жінки, що тримаються за руки|пара|подруги|подружки|рука|тримаються за руки|що тримаються за руки
👮	працівник поліції	коп|офіцер|поліцейський|поліцейський під прикриттям|поліція|працівник поліції|співробітник|штрафувати
👯	люди з кролячими вухами	близнюки|вечірка|вуха|дівчина|жінка|кролик|люди|люди з кролячими вухами|найкращі друзі|однакові|пара|танцівниці|танцівниця
👰	людина у фаті	весілля|людина|людина з фатою|людина у фаті|наречена|фата
👱	людина з білявим волоссям	біляве|блонд|блондин|волосся|людина|людина з білявим волоссям|людина зі світлим волоссям|обличчя|світле волосся|світлий
👲	чоловік у китайській шапці	гуа пі мао|кругла|чоловік|чоловік в кепці|чоловік у китайській шапці|шапочка
👳	людина в тюрбані	людина|людина в тюрбані|тюрбан
👴	літній чоловік	дорослий|лисий|літній чоловік|пристарілий|старий|чоловік
👵	літня жінка	бабуся|в літах|доросла|жінка|літня жінка|людина|стара
👶	немовля	дитина|малеча|немовля
👷	будівельник	будівельник|будівництво|будувати|каска|працівник|ремонт|ремонтувати|робітник|робота|шолом
👸	принцеса	казкова|королева|королівна|корона|принцеса|робота|чарівна
👹	велетень-людожер	велетень-людожер|казка|людожер|монстр|обличчя|створіння|фантазія|японський
👺	гоблін	гоблін|казка|монстр|обличчя|створіння|фантазія|японський
👻	привид	казка|каспер|монстр|обличчя|привид|створіння|фантазія
👼	янголятко	ангел|казка|немовля|обличчя|фантазія
👽	прибулець	казка|нло|обличчя|позаземний|прибулець|створіння|чужий
👾	іншопланетний монстр	іншопланетний монстр|космос|монстр|нло|обличчя|позаземний|прибулець|прибулець-монстр|створіння|фантазія
👿	сердите обличчя з рогами	демон|диявол|дідько|з рогами|обличчя|фантазія|чортеня
💀	череп	казка|монстр|обличчя|смерть|тіло|череп
💁	людина, що простягає руку допомоги	байдуже|довідка|допомога|інформація|сарказм|серйозно|чайові
💂	варта	варта|караул|охорона|сторожа|чати
💃	жінка, що танцює	жінка|сальса|сукня|танго|танець|танок|фламенко
💄	помада	губна помада|косметика|помада|червона помада
💅	лак для нігтів	догляд|косметика|лак|лак для нігтів|манікюр|ніготь|нігті|робота|рука|тіло
💆	людина, якій роблять масаж голови	відпочинок|голова|догляд|масаж|обличчя|релакс|салон|турбота
💇	людина, якій роблять стрижку	волосся|зачіска|косметологія|краса|перукар|перукарня|салон|стрижка
💈	вивіска перукаря (смугастий стовп)	вивіска|вивіска перукаря|вивіска перукаря (смугастий стовп)|зачіска|перукар|перукарня
💉	шприц	голка|інструмент|лікар|ліки|укол|хворий|шприц
💊	пігулка	за рецептом|лікар|ліки|пігулка|хворий
💋	слід цілунку	відбиток|вуста|губи|закоханість|поцілунок|серце
💌	любовний лист	закоханість|закохансіть|кохання|лист|любовний лист|пошта|серце
💍	каблучка	виходь за мене|діамант|заручення|каблучка|кохання|пропозиція
💎	коштовний камінь	діамант|дорогоцінний|камінь|кохання|коштовний камінь
💏	чоловік і жінка, що цілуються	закоханість|кохання|любов|людина|пара|побачення|поцілунок|річниця|стосунки
💐	букет	букет|квіти|квітка|кохання|рози|рослина
💑	чоловік і жінка із серцем між ними	закоханість|кохання|кохаю тебе|пара|побачення|серце|стосунки|чоловік і жінка із серцем між ними
💒	весілля	весілля|каплиця|кохання|церемонія
💓	серце, що бʼється	биття|емоція|кардіо|кохання|кохаю|люблю|пульсувати|пульсуюче|серце|серцебиття|ятк|ятл
💔	розбите серце	емоція|розбивати|розбите|розлука|самотній|сум
💕	два серця	кохання|кохаю|люблю|любов|пара|поцілунок|серця|ятк|ятл
💖	серце, що виблискує	блискітки|блискуче|захоплення|кохаю|люблю|рожеве|серце|сяйво|щастя|ятк|ятл
💗	серце, що зростає	емоція|захоплення|збільшується|зростає|нервувати|серце|серцебиття|я тебе кохаю|я тебе люблю|ятк|ятл
💘	серце, пробите стрілою	закоханість|купідон|пробите стрілою|серце|серце зі стрілою|серце, пробите стрілою|стріла
💙	синє серце	серце|синє серце|синій|холодне серце
💚	зелене серце	зелене серце|зелений|кохання|серце
💛	жовте серце	жовте серце|жовтий|кохання|серце
💜	пурпурове серце	бузковий|пурпурний|пурпурове серце|пурпуровий|серце|фіолетове серце|фіолетовий|шарлатовий
💝	серце зі стрічкою	валентин|кохання|серце|серце зі стрічкою|стрічка
💞	серця, що обертаються	емоція|кохання|любов|обертатися|річниця|серце
💟	прикраса із серцем	143|білий|кохання|прикраса із серцем|серце|стилізоване|фіолетовий
💠	ромб із крапкою	геометричний|діамант|крапка|малюнок|ромб із крапкою
💡	лампочка	електричний|ідея|лампочка|малюнок|світло
💢	символ гніву	гнів|злий|комікси|розлючений
💣	бомба	бомба|вибух|комікси|небезпечний
💤	умовне позначення сну	добраніч|комікси|ніч|сон|спати|спить|сплю|стомлений|хрр
💥	зіткнення	бах|бум|вибух|іскра|комікси|спалах
💦	краплі поту	бризки|вода|комікси|краплі|краплі поту|піт
💧	крапля	комічний|крапля|піт|погода|холодний
💨	порив вітру	біг|комікси|мчати|порив вітру|стрімкість|швидко
💩	усміхнена купа лайна	екскременти|жарт|кака|лайно|пупу|усміхнена купа лайна
💪	напружений біцепс	бодибілдер|важкоатлет|зігнутий|крутий|м’яз|мускулистий|рука|силач|спорт|тренування
💫	символ запаморочення	запаморочення|зірка|комікси|символ запаморочення|фортуна|щаслива зірка
💬	текстова булька	діалог|комікси|розмова|текстова булька|хмаринка|хмаринка з текстом
💭	булька роздумів	булька роздумів|думка|комікси|хмаринка
💮	біла квітка	біла квітка|квітка
💯	cто балів	100|максимум|очки|очок|рахунок|результат|точно|число
💰	мішок грошей	гроші|долар|мішок|мішок грошей|мішок із грошима
💱	обмін валют	банк|валюта|гроші|обмін|обмін валют|обмін грошей
💲	знак долара	валюта|гроші|долар|знак долара|символ долара
💳	кредитна картка	банк|безготівковий розрахунок|гроші|картка|кредитна|розрахунок
💴	єнові банкноти	банк|банкнота|валюта|гроші|єна|єнові банкноти|купюра
💵	доларові банкноти	банк|банкнота|валюта|гроші|долар|доларові банкноти|купюра
💶	єврові банкноти	банк|банкнота|валюта|гроші|євро|єврові банкноти|купюра
💷	фунтові банкноти	банк|банкнота|валюта|гроші|купюра|фунт|фунтові банкноти
💸	гроші з крилами	банк|банкнота|гроші|гроші з крилами|долар|крила|купюра|літати
💹	графік зростання і знак єни	валюта|вгору|графік зростання і знак єни|гроші|діаграма|єна|збільшення|ріст|тенденція
💺	сидіння	крісло|місце|сидіння
💻	ноутбук	комп’ютер|ноутбук|персональний|пк
💼	кейс	кейс|портфель
💽	компʼютерний диск	диск|комп’ютер|міні-диск|мінідиск|оптичний
💾	дискета	диск|дискета|комп’ютер
💿	компакт-диск	blu-ray|cd|dvd|диск|комп’ютер|компакт-диск|оптичний
📀	[DVD]-диск	[DVD]-диск|blu-ray|cd|DVD-диск|диск|комп’ютер|оптичний
📁	папка для файлів	закрита|папка|тека|файл
📂	відкрита папка для файлів	відкрита|папка|тека|файл
📃	сторінка із завитком	документ|завиток|сторінка|сторінка із завитком
📄	сторінка лицевою стороною	документ|сторінка|сторінка лицевою стороною
📅	календар	відривний календар|дата|календар
📆	відривний календар	відривний календар|календар
📇	картотека	індекс|картотека|указівник
📈	висхідний графік	вгору|висхідна діаграма|висхідний графік|графік|графік підвищення|діаграма|ріст|тенденція
📉	низхідний графік	вниз|графік|графік падіння|діаграма|низхідна діаграма|низхідний графік|тенденція
📊	гістограма	гістограма|графік
📋	планшет для аркушів	папка|папка-планшет|планшет|планшет для аркушів
📌	канцелярська кнопка	канцелярська кнопка|кнопка
📍	шпилька з круглою голівкою	канцелярський|кнопка|круглий|лоліпоп|пін|шпилька
📎	скріпка	канцтовари|скріпка
📏	пряма лінійка	геометрія|лінійка|пряма лінійка|прямий кут
📐	трикутна лінійка	лінійка|трикутна лінійка|трикутник
📑	мітки закладок	вкладка|закладка|закладки|значок|мітка|мітки закладок|стікери
📒	гросбух	гросбух|журнал|записник|реєстр
📓	зошит для творів	блокнот|записник|зошит для творів
📔	записник у декоративній обкладинці	декоративна|записник|записник у декоративній обкладинці|книжка|обкладинка
📕	закрита книга	журнал|закрита|закрита книга|книжка|червона книга|червоний підручник
📖	відкрита книга	відкрита|відкрита книга|книжка|читати
📗	зелений підручник	журнал|зелена книга|зелений|зелений підручник|книжка|облік
📘	синій підручник	книжка|синій|синій підручник|синя книга
📙	оранжевий підручник	книжка|оранжева книга|оранжевий|оранжевий підручник
📚	книги	бібліотека|книгарня|книги|книжка|книжки
📛	бейдж з іменем	бейдж|бейдж з іменем|ім’я
📜	сувій	папір|папірус|рукопис|сувій
📝	памʼятка	нотатка|нотатки|олівець|памʼятка
📞	телефонна слухавка	слухавка|телефон|телефонна розмова|телефонна слухавка
📟	пейджер	пейджер
📠	факс	телефакс|факсимільний апарат
📡	супутникова антена	антена|супутникова|тарілка
📢	гучномовець	голосно|гучний|гучномовець|звукове оповіщення
📣	мегафон	мегафон|оголошення|підбадьорення|рупор
📤	лоток вихідної скриньки	електронний лист|коробка|лист|лоток|лоток вихідної скриньки|лоток для вихідної пошти|надісланий|пошта
📥	лоток вхідної скриньки	вхідна пошта|коробка|лист|лоток|лоток вхідної скриньки|лоток для вхідної пошти|отримувати|пошта
📦	пакунок	пакунок|посилка
📧	електронний лист	електронний лист|елист|емейл|епошта|імейл|лист|пошта
📨	конверт вхідного листа	вхідний|емейл|імейл|конверт|конверт вхідного листа|лист|отримати|пошта
📩	конверт зі стрілкою	вихідний|вниз|вхідна пошта|вхідний імейл|імейл|конверт|конверт зі стрілкою|лист|надісланий|пошта|стрілка
📪	закрита поштова скринька з опущеним прапорцем	закрита поштова скринька з опущеним прапорцем|закритий|опущений|пошта|поштова скринька
📫	закрита поштова скринька з піднятим прапорцем	закрита поштова скринька з піднятим прапорцем|закритий|пошта|поштова скринька
📬	відкрита поштова скринька з піднятим прапорцем	відкрита поштова скринька з піднятим прапорцем|відкритий|пошта|поштова скринька
📭	відкрита поштова скринька з опущеним прапорцем	відкрита поштова скринька|відкрита поштова скринька з опущеним прапорцем|відкритий|опущений|пошта|поштова скринька|пуста поштова скринька
📮	поштова скринька	пошта|поштова скринька|скринька
📯	поштовий ріжок	пошта|поштовий|ріжок
📰	газета	газета|новини|папір|шпальта
📱	мобільний телефон	мобільний|стільниковий|стільниковий звʼязок|телефон
📲	мобільний телефон зі стрілкою	вхідний дзвінок|доступний на мобільному|зателефонуй мені|мобільний|мобільний телефон зі стрілкою|отримувати|стільниковий|стрілка|телефон|телефонувати
📳	віброрежим	вібрація|віброрежим|звʼязок|мобільний|режим вібрації|стільниковий|телефон
📴	мобільний телефон вимкнено	вимкнено|мобільний|стільниковий|телефон
📵	мобільні телефони заборонено	заборонено|користуватися|мобільний|мобільні телефони заборонені|мобільні телефони заборонено|стільниковий|телефон
📶	рівень сигналу	мобільний|рівень|рівень сигналу|сигнал|стільниковий|телефон
📷	фотоапарат	відео|знімки|камера|на згадку|фото|фотоапарат|фотограф
📸	фотоапарат зі спалахом	відео|камера|спалах|фото|фотоапарат зі спалахом
📹	відеокамера	відео|відеокамера|камера
📺	телевізор	TV|відео|тб|телевізор|чорно-білий телевізор
📻	радіоприймач	відео|радіо|радіоприймач
📼	відеокасета	відео|відеокасета|касета|стрічка
📿	молитовні чотки	вервиця|молитися|молитовні чотки|намисто|одяг|релігія|чотки
🔀	кнопка тасування композицій	кнопка «Змішати композиції»|кнопка тасування композицій|перехрещені|перехрещені стрілки|стрілка
🔁	кнопка повтору	за годинниковою стрілкою|кнопка «Повторити»|кнопка повтору|повторити|стрілка
🔂	кнопка одноразового повтору	за годинниковою стрілкою|кнопка «Повторити одну композицію»|кнопка одноразового повтору|один раз|стрілка
🔃	вертикальні стрілки за ходом годинника	вертикальні стрілки за ходом годинника|за годинниковою стрілкою|оновити|перезавантаження|перезавантажити|стрілка|стрілки по колу за годинниковою стрілкою
🔄	кнопка стрілок проти ходу годинника	кнопка зі стрілками|кнопка стрілок проти ходу годинника|навкруги|напрямленими проти годинникової стрілки|проти годинникової стрілки|стрілка
🔅	кнопка зменшення яскравості	жовтий|зменшити|кнопка зменшення яскравості|сонце|яскравий|яскравість|яскраво
🔆	кнопка збільшення яскравості	кнопка збільшення яскравості|яскравий|яскравість
🔇	заглушений динамік	беззвучний|беззвучно|вимкнений динамік|вимкнений звук|гучність|динамік|заглушений динамік|звук динаміка вимкнено|нечутно|тихо
🔈	низька гучність динаміка	голосно|гучність|динамік|негучно|низька гучність динаміка|приглушено
🔉	середня гучність динаміка	гучність|динамік|середньо|середня гучність динаміка|увімкнений динамік
🔊	високий рівень гучності динаміка	висока гучність динаміка|високий рівень гучності динаміка|голосно|гучний|гучність|гучно|гучномовець|динамік|музика
🔋	батарея	акумулятор|батарейка|батарея|джерело живлення
🔌	штепсель	вилка|вилка електроприладу|електрика|електричний|штепсель
🔍	збільшувальне скло з нахилом уліво	з нахилом уліво|збільшення|інструмент|лабораторія|наука|нахилений|пошук|скло|уліво
🔎	збільшувальне скло з нахилом управо	збільшення|інструмент|контакт|лабораторія|наука|нахил управо|нахилений|пошук|скло|управо
🔏	замок і чорнильна ручка	замок|замок і чорнильна ручка|конфіденційність|перо|приватність|ручка|секретні матеріали|таємно|чорнило
🔐	замкнений замок із ключем	безпека|безпечно|замкнений замок із ключем|замкнено|замок|ключ
🔑	ключ	ключ|пароль
🔒	замкнений замок	закрито|замкнено|замок|захист|приватність
🔓	відімкнений замок	відімкнений замок|відімкнути|відкрити|відкритий замок|відрити|замок
🔔	дзвінок	дзвін|дзвінок|дзвоник
🔕	заглушений дзвінок	беззвучний|вимкнений|глушити|дзвінок|дзвоник|заборонено|заглушений|звук|перекреслений|тихий
🔖	закладка	бірка|закладка|значок
🔗	символ зʼєднання ланок	звʼязка|ланка|ланцюг|посилання|символ зʼєднання ланок|скріплення
🔘	перемикач	геометричний|кнопка|перемикач
🔙	стрілка назад [BACK]	назад|стрілка|стрілка BACK|стрілка назад [BACK]|стрілка назад BACK
🔚	стрілка [END]	кінець|стрілка|стрілка [END]
🔛	стрілка [ON!]	ввімкнено|значок|обидва напрямки|стрілка|стрілка [ON!]
🔜	стрілка [SOON]	незабаром|стрілка|стрілка [SOON]
🔝	стрілка [TOP]	вверх|вгору|стрілка|стрілка [TOP]
🔞	вхід особам до 18 років заборонений	18|вікове обмеження|вісімнадцять|вісімнадцять і старіше|вхід особам до 18 років заборонений|заборонено|лише для повнолітніх|повнолітній
🔠	введення великими латинськими літерами	введення|введення великими латинськими літерами|великі|латинські|літери
🔡	введення малими латинськими літерами	abcd|алфавіт|введення|введення малими латинськими літерами|латинські|літери|малі
🔢	введення цифрами	1234|введення|введення цифрами|цифри
🔣	введення символів	&|%|♪|〒|ввід|набір|символи
🔤	введення латинськими літерами	abc|алфавіт|введення|введення латинськими літерами|латинниця|латинські|літери
🔥	вогонь	вогонь|інструмент|полум’я
🔦	ліхтарик	електричний|інструмент|ліхтарик|світло
🔧	гайковий ключ	гайковий ключ|інструмент|ремонтувати
🔨	молоток	забивати|інструмент|молоток|ремонтувати
🔩	гайка та болт	болт|гайка|гайка та болт|інструмент
🔪	кухонний ніж	готування|зброя|знаряддя|кухня|кухонний ніж|ніж|різати
🔫	водяний пістолет	водяний пістолет|зброя|знаряддя|іграшкова зброя|іграшковий пістолет|пістолет|револьвер
🔬	мікроскоп	інструмент|мікроскоп
🔭	телескоп	астроном|дивитися на зірки|інструмент|телескоп
🔮	кришталева куля	віщування|ворожити|казка|кришталева куля|майбутнє|передбачати майбутнє|передбачення|фантазія|фортуна
🔯	шестикутна зірка з крапкою	єврей|зірка|іудаїзм|релігія|удача|шестикутна зірка|шестикутна зірка з крапкою
🔰	японський символ «початківець»	жовтий|зелений|листок|початківець|шеврон|японський|японський символ «початківець»
🔱	тризуб	емблема|інструмент|корабель|тризуб|якір
🔲	квадратна кнопка з чорною рамкою	геометричний|геометрія|квадрат|квадратна кнопка з чорною рамкою|кнопка|рамка|чорна квадратна кнопка
🔳	квадратна кнопка з білою рамкою	біла квадратна кнопка|геометричний|квадрат|квадратна кнопка з білою рамкою|кнопка|контур
🔴	червоний круг	геометричний|коло|червоне|червоний круг
🔵	cиній круг	cиній круг|геометричний|коло|синє
🔶	великий оранжевий ромб	великий|великий оранжевий ромб|великий помаранчевий ромб|геометричний|діамант|оранжевий|оранжевий ромб
🔷	великий синій ромб	великий синій ромб|геометричний|діамант|синій|синій ромб
🔸	малий оранжевий ромб	геометричний|діамант|малий|малий оранжевий ромб|малий помаранчевий ромб|оранжевий|помаранчевий|помаранчевий ромб
🔹	малий синій ромб	геометричний|діамант|малий синій ромб|синій|синій ромб
🔺	червоний трикутник, направлений угору	геометричний|направлений угору|червоний|червоний трикутник|червоний трикутник, направлений угору
🔻	червоний трикутник, направлений униз	вниз|геометричний|направлений униз|червоний|червоний трикутник|червоний трикутник, направлений униз
🔼	кнопка догори	кнопка|кнопка «Угору»|кнопка догори|стрілка|червоний
🔽	кнопка донизу	вниз|кнопка|кнопка «Униз»|кнопка донизу|стрілка|червоний
🕋	Кааба	іслам|кааба|Кааба|мусульманський|релігія|хадж
🕌	мечеть	іслам|мечеть|мусульманський|релігія
🕍	синагога	єврей|єврейський|іудаїзм|релігія|синагога|храм
🕎	менора	канделябр|менора|підсвічник|релігія|Ханука
🕐	перша година	00|1|1:00|година|годинник|один|перша година
🕑	друга година	00|2|2:00|година|годинник|два|друга година
🕒	третя година	00|3|3:00|година|годинник|третя година|три
🕓	четверта година	00|4|4:00|година|годинник|четверта година|чотири
🕔	п’ята година	00|5|5:00|година|годинник|п’ята година|п’ять
🕕	шоста година	00|6|6:00|година|годинник|шість|шоста година
🕖	сьома година	00|7|7:00|година|годинник|сім|сьома година
🕗	восьма година	00|8|8:00|вісім|восьма година|година|годинник
🕘	дев’ята година	00|9|9:00|година|годинник|дев’ята година|дев’ять
🕙	десята година	00|10|10:00|година|годинник|десята година|десять
🕚	одинадцята година	00|11|11:00|година|годинник|одинадцята година|одинадцять
🕛	дванадцята година	00|12|12:00|година|годинник|дванадцята година|дванадцять|час
🕜	пів на другу	1|1:30|30|годинник|один|пів на другу|тридцять
🕝	пів на третю	2|2:30|30|годинник|два|пів на третю|тридцять
🕞	пів на четверту	3|3:30|30|годинник|пів на четверту|три|тридцять
🕟	пів на п’яту	30|4|4:30|годинник|пів на п’яту|тридцять|чотири
🕠	пів на шосту	30|5|5:30|годинник|п’ять|пів на шосту|тридцять
🕡	пів на сьому	30|6|6:30|годинник|пів на сьому|тридцять|шість
🕢	пів на восьму	30|7|7:30|годинник|пів на восьму|сім|тридцять
🕣	пів на дев’яту	30|8|8:30|вісім|годинник|пів на дев’яту|тридцять
🕤	пів на десяту	30|9|9:30|годинник|дев’ять|пів на десяту|тридцять
🕥	пів на одинадцяту	10|10:30|30|годинник|десять|пів на одинадцяту|тридцять
🕦	пів на дванадцяту	11|11:30|30|годинник|одинадцять|пів на дванадцяту|тридцять
🕧	пів на першу	12|12:30|30|годинник|дванадцять|пів на першу|тридцять
🕺	чоловік, що танцює	співак|танці|чоловік|чоловік танцює|чоловік, що танцює|шоумен|що танцює
🖕	середній палець	палець|рука|середній палець
🖖	вулканське вітання	вулкан|вулканське вітання|жест|зоряний шлях|палець|пальці|рука|спок|тіло
🖤	чорне серце	заздрість|зло|серце|чорне
🗻	гора Фудзі	гора|Фудзи|фудзі
🗼	Токійська вежа	вежа|токійська вежа|Токійська вежа|Токіо
🗽	Статуя Свободи	свобода|статуя|статуя свободи|Статуя Свободи|США
🗾	карта Японії	карта|карта японії|карта Японії|мапа Японії|острів|японія|Японія
🗿	статуя з Острова Пасхи	лице|моай|статуя|статуя з Острова Пасхи
😀	широко всміхнене обличчя	вищир|обличчя|посмішка|радість|сміх|усміхнений|усмішка|широкий
😁	осяйно всміхнене обличчя й очі	зуби|обличчя|осяйно|очі|посмішка|радісний|світиться|усмішка|широко|шкіриться|щасливий
😂	обличчя в сльозах радості	веселий|до сліз|кумедний|лол|обличчя|радість|регіт|розсмішити|сльози|сміх|хаха
😃	широко всміхнене обличчя з очищами	великий|вищир|відкритий|обличчя|очища|очі|посмішка|радість|рот|сміх|усміхнений|усмішка|широкий
😄	широко всміхнене обличчя з примруженими очима	великий|вищир|відкритий|обличчя|очища|очі|посмішка|примружений|радість|рот|сміх|усміхнений|усмішка|широкий
😅	широко всміхнене обличчя з потом	відкритий|задоволений|обличчя|піт|посмішка|радість|реготати|рот|сміх|смішно|усміхнений|усмішка|хаха|холодний|широкий|щасливий
😆	обличчя із широкою посмішкою й замруженими очима	великий|відкритий|задоволений|обличчя|очі|посмішка|примружений|радість|реготати|рот|сміх|смішно|усміхнений|усмішка|хаха|широкий|щасливий
😇	усміхнене обличчя з німбом	ангел|безневинність|казка|німб|обличчя|посмішка|усмішка|фантазія|янгол
😈	усміхнене обличчя з рогами	демон|диявол|диявольська посмішка|з рогами|зла посмішка|казка|монстр|обличчя|посмішка|ріжки|фантазія|фіолетовий
😉	обличчя, що підморгує	дражнити|жарт|залицятися|обличчя|підморгувати|флірт
😊	усміхнене обличчя й очі	задоволення|ніяково|обличчя|очі|посмішка|рум’янець|соромливий|усмішка
😋	усміхнене обличчя, що облизує губи	голод|їжа|ммм|обличчя|посмішка|смак|смачно|страва|усмішка
😌	заспокоєне обличчя	дзен|задоволення|обличчя|полегшення|спокій
😍	усміхнене обличчя з очима-серцями	з задоволенням|з радістю|закоханий|зворушений|кохання|любов|обличчя|очі|посмішка|серце|хочу
😎	усміхнене обличчя в темних окулярах	бро|крутий|круто|окуляри|посмішка|сонце|сонцезахисні|темні|усмішка|чувак|яскраво
😏	самовдоволене обличчя	бос|люблю|не дуже|обличчя|посмішка|самовдоволення|себе|сумніваюсь|так собі|усмішка|ух-ти|ухти|цікаво
😐	обличчя з нейтральним виразом	без емоцій|все одно|заздрість|не згоден|не скажу|невражений|незадоволення|незворушний|нейтральний|нехай|ні|обличчя
😑	обличчя без емоцій	без емоцій|все одно|заздрісний|невиразний|невражений|нехай|ну й добре|обличчя
😒	невдоволене обличчя	все одно|заздрість|невдоволене|незадоволений|нещасливий|нудно|обличчя|розчарований|фу
😓	понурене обличчя в поту	болить|голова|знервований|краплі|наляканий|нерви|обличчя|піт|понурений|розчарований|сум|холодний
😔	замислене обличчя	задумливий|замислене обличчя|занепокоєння|засмучений|обличчя|роздуми|розчарований
😕	спантеличене обличчя	аякже|гм|не задоволений|не знаю|невдоволений|ні|обличчя|спантеличений|сумний
😖	збентежене обличчя	гнів|збентежений|злий|крінж|обличчя|розлючений|розчарований|сердитий|сумний
😗	обличчя, що цілує	кохання|обличчя|побачення|поцілунок|флірт|цілувати|цілує|цьом
😘	обличчя, що надсилає цілунок	обличчя|повітряний|поцілунок|серце|цілунок|цілую|цьом
😙	обличчя з примруженими очима, що цілує	143|заплющений|знайомства|кохання|ніч|обличчя|око|очі|побачення|поцілунки|поцілунок|усміхатися|усмішка|флірт|цілуватися
😚	обличчя із заплющеними очима, що цілує	закриті|заплющені|обличчя|око|очі|побачення|поцілунок|флірт|цілує
😛	обличчя з висунутим язиком	висолопити|висунутий|добре|обличчя|показати|радість|язик
😜	обличчя, що підморгує і показує язика	жарт|лол|обличчя|очі|підморгувати|підморгую|показати|посмішка|усмішка|хаха|язик
😝	обличчя з висунутим язиком і заплющеними очима	висунутий|гидота|жахливий|заплющені|обличчя|очі|смак|сміх|тьфу|фу|язик
😞	розчароване обличчя	винуватий|засмучений|невдача|нещасний|обличчя|провина|програш|розчарований|сумний
😟	стурбоване обличчя	занепокоєння|здивований|нерви|обличчя|стрес|стурбований|сумний|тривожність|турбуватися
😠	сердите обличчя	злий|обличчя|сердите обличчя|сердитий
😡	обличчя, що дується	гнів|дується|злий|насуплений|невдоволений|нещасний|обличчя|сердитий|червоний
😢	обличчя, що плаче	нещасний|обличчя|плач|плаче|сльоза|сумний|сумую
😣	невідступне обличчя	завзяте|зосередження|концентрація|невдоволений|невідступне|обличчя|розчарований|увага|упертість
😤	обличчя, що сердито видихає	гнів|злість|лють|обличчя|пара з носа|розгніваний|роздратований|розлючений|сердитий|тріумф|шалений
😥	cумне, але втішене обличчя	cумне|все складно|втішене|заспокоєне|обличчя|плакати|полегшення|розчароване|розчарування|сльози|фух
😦	похмуре обличчя з відкритим ротом	вау|відкритий|здивований|зненацька|наляканий|нахмурений|нічого собі|обличчя|рот|страх
😧	стражденне обличчя	забув|здивований|не може бути|незадоволений|обличчя|переляк|спантеличений|страждання|стрес
😨	налякане обличчя	боюся|боязкий|наляканий|обличчя|переляк|страх
😩	замучене обличчя	втомлене|замучене|зморений|нещасний|ні|обличчя|позіхати|розчарований|розчарування|спати|стомлений|сумний
😪	заспане обличчя	втомлениий|засмучений|заспане обличчя|обличчя|сон
😫	стомлене обличчя	обличчя|розчарована|розчарований|розчарування|стомлене обличчя|стомлений
😬	обличчя з гримасою	гримаса|дантист|дивно|зуби|капець|кривляння|крінж|посмішка|скривлене|стоматолог|усмішка
😭	обличчя, що гучно ридає	гірке|гучно|котяться|нещасний|обличчя|плач|потік|ридання|сльози|сумний
😮	обличчя з відкритим ротом	вау|відкритий|забув|здивування|не може бути|обличчя|ого|отакої|рот|співчуття|шок
😮‍💨	обличчя, що видихає	вдих|видих|виснажений|втомлений|обличчя|полегшення|свист|смайл|стогін|туман|шепотіння
😯	здивоване і збентежене обличчя з бровами	брови|вражений|збентежене|здивоване|нічого собі|обличчя|отакої|приголомшений
😰	занепокоєне обличчя з потом	відкритий|знервований|нерви|обличчя|піт|розчарований|рот|синій|спітніти|холодний|холодно
😱	обличчя, що кричить із переляку	вражений|епічний|зойк|крик|крикун|наляканий|обличчя|переляк|страх|шокований|що кричить
😲	вражене обличчя	абсолютно|вражене|здивоване|здивований|не може бути|ні|обличчя|отакої|подив|шок
😳	зашаріле обличчя	вау|зашаріле|здивований|не може бути|незручний|ніяково|обличчя|присоромлений|рум’янець|сором|та годі
😴	обличчя, що спить	втома|добраніч|заснув|ніч|обличчя|сон|сонний|спати|спить|стомлений
😵	запаморочене обличчя	запаморочене обличчя|запаморочений|обличчя
😵‍💫	очі-спіралі	гіпноз|заносить|запаморочення|нічого собі|ого|ох|очі-спіралі|погано|проблема|смайл|у шоці|шок
😶	обличчя без рота	без рота|беззвучно|мовчи|немає слів|обличчя|рот|секрет|тихо
😷	обличчя в медичній масці	вірус|застуда|інфекція|лікар|маска|медицина|обличчя в медичній масці|хворий|холодний
😸	широко всміхнений кіт з усміхом в очах	вишкір|кіт|морда|око|усміхнений кіт|усмішка|широко всміхнений кіт з усміхом в очах
😹	кіт зі сльозами радості	кіт|кіт зі сльозами радості|кіт сміється|морда|радість|сльози|смішно
😺	широко всміхнений кіт	весело|відкритий|кіт|кішка|морда|паща|посмішка|сміється|усміхнений|усмішка|широко
😻	усміхнений кіт з очима як серця	кіт|кохання|морда|око|посмішка|серце|усміхнений кіт з очима як серця|усмішка|щасливий|щастя
😼	кіт із кривою посмішкою	глузлива|іронічний|кіт|кіт із кривою посмішкою|котяча|морда|посмішка|скривлена|сумніви
😽	кіт, що цілує	заплющений|кіт|морда|око|очі|поцілунок|тварина|що цілує
😾	сердитий кіт	кіт|котяча|морда|насуплений|сердита|сердитий кіт
😿	кіт, що плаче	зарюмана|кіт|кіт, що плаче|котяча|морда|плач|сльоза|сумна|сумний|що плаче
🙀	шокований кіт	здивування|зненацька|кіт|котяча|морда|не може бути|ой|сюрприз|шок|шокований кіт
🙁	трохи похмуре обличчя	нахмурений|обличчя|сумний|трохи похмуре обличчя
🙂	трохи всміхнене обличчя	всміхнений|задоволений|обличчя|посмішка|сміх|усміхнений|усмішка
🙃	обличчя догори дриґом	догори дном|догори дриґом|догори ногами|обличчя|хаха|хехе
🙄	обличчя із закоченими очима	байдуже|закочувати|о боже|обличчя|отакої|оце так|очі
🙅	людина, що жестом показує «ні»	жест|заборонено|людина|людина, що жестом показує «ні»|немає шансів|ні|ніколи|рука|що жестом показує «ні»
🙆	людина, що жестом показує «окей»	вправа|жест|людина|людина показує окей|людина, що жестом показує «окей»|окей|рука|ховатися|що жестом показує «окей»
🙇	людина, що вклоняється	благати|вибач|жалкувати|жест|поклон|розкаяння|співчувати|уклін|шкода
🙈	мавпа, що не бачить	бачити|заборонено|зло|мавпа|мавпа, що не бачить|не бачу|не бачу зла|обличчя|що не бачить|що не бачить зла
🙉	мавпа, що не чує	заборонено|зло|мавпа|мавпа, що не чує|не чую|не чую зла|обличчя|чути|що не чує|що не чує зла
🙊	мавпа, що не говорить	говорити|заборонено|зло|мавпа|мовчу|не говорю лихого|не скажу|обличчя|ой|секрет|що не висловлює зла|що не говорить
🙋	людина з піднятою рукою	виберіть|вітання|жест|запитання|мене|можу|оберіть|тут|щасливий
🙌	руки, підняті для святкування	жест|піднята|підняті для святкування|підняті руки|рука|руки|руки, підняті для святкування|святкування|ура
🙍	похмура людина	жест|засмучений|насуплені брови|нахмурений|невдоволений|невеселий|похмура людина|роздратування|смуток
🙎	людина, що дується	гримаса|жест|засмучений|злий|насуплений|невеселий|похмурий|розчарований|стурбований|сумно
🙏	руки, стиснуті разом	благання|будь ласка|дякую|молитва|просити|прошу|рука|уклін
🚀	ракета	запуск ракети|космос|подорож|ракета|транспорт
🚁	гелікоптер	вертоліт|гелікоптер|транспорт
🚂	паровий локомотив	двигун|залізниця|паровий|паровий локомотив|паровоз|потяг|транспорт
🚃	вагон	вагон|електричний|залізниця|трамвай|транспорт|тролейбус
🚄	швидкісний потяг	залізниця|інтерсіті|потяг|транспорт|швидкісний
🚅	швидкісний потяг з округлим носом	залізниця|інтерсіті|кулеподібний|потяг|транспорт|швидкісний|швидкісний потяг з округлим носом
🚆	потяг	електропотяг|залізниця|потяг|транспорт
🚇	метро	метро|транспорт
🚈	швидкісний трамвай	електропоїзд|залізниця|поїзд|транспорт|швидкісний трамвай
🚉	станція	cтанція|залізниця|зупинка|потяг|станція|транспорт
🚊	трамвай	метро|потяг|трамвай|транспорт|тролейбус
🚋	вагон трамвая	вагон|вагон трамвая|трамвай|транспорт|тролейбус
🚌	автобус	автобус|транспорт
🚍	автобус, що наближається	автобус|машини|що наближається|що наближаються
🚎	тролейбус	автобус|громадський транспорт|трамвай|транспорт|тролейбус
🚏	автобусна зупинка	автобус|автобусна зупинка|зупинка
🚐	мікроавтобус	автобус|маршрутка|мікроавтобус|транспорт
🚑	автомобіль швидкої допомоги	автомобіль швидкої допомоги|транспорт|швидка допомога
🚒	пожежна машина	вантажівка|двигун|пожежна машина|пожежний|пожежний автомобіль
🚓	поліцейська машина	автомобіль|міліція|патруль|патрульний автомобіль|поліцейська машина|поліцейський автомобіль|поліція
🚔	поліцейська машина, що наближається	автомобіль|міліція|наближається|патруль|поліцейська машина|поліцейська машина, що наближається|поліцейський автомобіль|поліція|що наближається
🚕	таксі	таксі|транспорт
🚖	таксі, що наближається	жовте таксі|наближатися|таксі|таксі, що наближається|транспорт|що наближається
🚗	автомобіль	автівка|авто|автомобіль|машина|транспорт
🚘	автомобіль, що наближається	автомобіль|автомобіль, що наближається|машина|наближається|транспорт|червона машина|червоне авто|що наближається
🚙	позашляховик	автівка|житловий|машина|позашляховик|транспорт|трейлер|фургон
🚚	вантажівка для доставки	вантажівка|вантажівка для доставки|доставка|транспорт|фургон
🚛	вантажівка з причепом	вантажівка|вантажівка з причепом|транспорт|тягач|фургон
🚜	трактор	трактор|транспорт
🚝	монорейка	метро|монорейка|монорейкова залізниця|транспорт|швидкий потяг
🚞	залізниця в горах	вагон|гірська залізниця|гора|залізниця|залізниця в горах|поїзд|транспорт
🚟	підвісна монорейка	залізниця|канатна дорога|підвісна залізниця|підвісна монорейка|підвісний|транспорт
🚠	канатна дорога в горах	гондола|гора|кабель|канатна дорога|канатна дорога в горах|транспорт|фунікулер
🚡	канатна дорога	автомобіль|гондола|кабель|канатна дорога|підвісна дорога|підвісна канатна дорога|повітряний|транспорт
🚢	корабель	корабель|транспорт
🚣	людина, що веслує на човні	байдарка|весло|гребля|каное|людина|озеро|рафт|рибалка|річка|транспорт|човен
🚤	швидкохідний катер	катер|транспорт|човен|швидкохідний катер
🚥	горизонтальний світлофор	горизонтальний світлофор|світлофор|транспорт
🚦	вертикальний світлофор	вертикальний світлофор|перехрестя|пішохідний перехід|світлофор|транспорт
🚧	знак ремонтних робіт	будівництво|знак ремонтних робіт|огорожа|паркан|прохід заборонено
🚨	проблисковий маячок	автомобіль|вогні поліцейського автомобіля|маяк|маяк патрульного автомобіля|мигати|обертатися|поліція|проблисковий маячок|сирена|швидка
🚩	трикутний прапор	гольф|прапорець|сигнал|трикутний|флагшток
🚪	двері	вхід|двері
🚫	заборонено	вʼїзд заборонено|заборонено|забороняється|не дозволено|не допускається|немає|ні
🚬	сигарета	куріння|паління|сигарета|цигарка
🚭	палити заборонено	заборонено|курити|не|палити|паління заборонено|символ «не палити»
🚮	знак кидати сміття в урну	знак кидати сміття в урну|памʼятка не смітити|смітник|сміття|урна
🚯	смітити заборонено	заборонено|знак «не смітити»|не|смітити|сміття
🚰	питна вода	вода|кран|питна|питний|придатна для пиття
🚱	непридатна для пиття вода	вода|заборонено|знак «непитна вода»|не|непитна вода|непридатна для пиття вода|непридатно|пити|пиття
🚲	велосипед	велосипед|кататися|транспорт
🚳	велосипеди заборонено	велосипед|велосипеди заборонено|заборонено|рух на велосипеді заборонено|транспортний засіб
🚴	людина, що їде на велосипеді	велосипед|велосипедист|їзда на велосипеді|кататися на велосипеді|людина|людина на велосипеді|людина, що їде на велосипеді|спортсмен|що їде на велосипеді
🚵	людина, що їде на гірському велосипеді	велосипед|велосипедист|гірський велосипед|гора|їзда на велосипеді|кататися на велосипеді|людина|людина, що їде на гірському велосипеді|спортсмен|що їде на гірському велосипеді
🚶	людина, що йде пішки	гуляти|іти|крок|людина|людина йде|людина, що йде пішки|пішки|пішохід|прогулянка|що йде пішки
🚷	пішохідний рух заборонено	заборонено|пішохідний рух заборонено|прохід заборонено|рух заборонено|рух пішоходів заборонено
🚸	попереджувальний знак «Діти»	діти|діти на дорозі|на дорозі|перехід дороги для дітей|пішоходи|попереджувальний знак «Діти»|рух
🚹	чоловіча вбиральня	вбиральня|для чоловіків|клозет|туалет|туалетна кімната|чоловіча вбиральня|чоловічий туалет
🚺	жіноча вбиральня	вбиральня|для жінок|жіноча вбиральня|жіночий туалет|туалет|убиральня
🚻	громадський туалет	вбиральня|громадський туалет|клозет|туалет
🚼	символ немовляти	для немовлят|заміна пелюшок|немовля|пеленання|символ «немовля»|символ немовляти
🚽	унітаз	туалет|унітаз
🚾	символ убиральні [WC]	ванна|вбиральня|знак убиральні WC|кімната|символ убиральні [WC]|символ убиральні WC|туалетна кімната|убиральня
🚿	душ	вода|душ
🛀	людина, що приймає ванну	ванна|купатися|людина|людина, що приймає ванну|приймати ванну|що приймає ванну
🛁	ванна	ванна|ванна з піною|купатися|приймати ванну
🛂	паспортний контроль	контроль|митниця|паспортний
🛃	митниця	митний контроль|митниця
🛄	видача багажу	багаж|видача|видача багажу|отримання|пункт отримання багажу
🛅	камера схову	багаж|залишені речі|камера зберігання|камера схову|комірка для зберігання|поклажа
🛌	людина в ліжку	відпочинок|готель|добраніч|ліжко|людина в ліжку|ніч|сон|спати|стомлений
🛐	культова споруда	культова споруда|молитва|молитися|молитовний дім|поклоніння|релігія
🛑	восьмикутний червоний знак	восьмикутний червоний знак|восьмикутник|знак|знак “стоп”|стоп
🛒	магазинний візок	возик|магазин|магазинний візок|супермаркет|шопінг
🛕	індуїстський храм	індуїстський|храм
🛖	хижа	будинок|бунгало|дім|купольний будинок|оселя|прихисток|хата|хатина|хижа|юрта
🛗	ліфт	вантажність|доступність|люди|пасажири|підіймач|підйомник|спеціальні можливості
🛘	зсув	гора|землетрус|каменепад|каміння|катастрофа|лавина|небезпека
🛜	бездротовий	wifi|wlan|безпровідний|вайфай|зʼєднання|інтернет|маршрутизатор|мережа|смартфон|точка доступу|хотспот
🛝	дитяча гірка	гірка|гратися|дитяча гірка|зʼїжджати з гірки|ігровий майданчик|кататися|парк розваг
🛞	колесо	автомобіль|колесо|коло|машина|обертатися|транспорт|шина
🛟	рятівний круг	безпека|буйок|плавати|рятівне коло|рятівник|рятувальний засіб|рятувати життя|спасати|триматися на воді
🛫	літак злітає	відправлення|відправлення літака|літак|літак злітає|подорож|політ|реєстрація|транспорт
🛬	літак сідає	літак|літак сідає|подорож|прибуття|прибуття літака|приземлення|транспорт
🛴	самокат	самокат
🛵	мопед	мопед|скутер
🛶	каное	каное|човен
🛷	сани	сани|санчата|сніг
🛸	летюча тарілка	летюча тарілка|НЛО|чужі
🛹	скейтборд	борд|дошка|коліщатка|ролики|скейт|скейтборд|скейтер
🛺	авторикша	авторикша|рикша|тук-тук
🛻	автомобіль-пікап	автомобіль|автомобіль-пікап|вантаж|вантажівка|легка вантажівка|пікап|транспорт
🛼	роликовий ковзан	катання|катання на роликах|ковзан|ковзани|коліщата|ролики|роликовий|спорт
🟠	оранжевий круг	круг|оранжевий
🟡	жовтий круг	жовтий|круг
🟢	зелений круг	зелений|круг
🟣	фіолетовий круг	круг|пурпуровий|фіолетовий
🟤	коричневий круг	коричневий|круг
🟥	червоний квадрат	квадрат|червоний
🟦	синій квадрат	блакитний|квадрат|синій
🟧	оранжевий квадрат	квадрат|оранжевий
🟨	жовтий квадрат	жовтий|квадрат
🟩	зелений квадрат	зелений|квадрат
🟪	фіолетовий квадрат	квадрат|фіолетовий
🟫	коричневий квадрат	квадрат|коричневий
🟰	знак точної рівності	відповідь|дорівнює|знак точної рівності|математика|результат|рівність|рівнозначний
🤌	зведені пальці	долоня|жест|запитання|лотос|мудра|просвітлення|розслаблення|рука|сарказм|спокій|терпіння
🤍	біле серце	біле|серце
🤎	коричневе серце	коричневе|серце
🤏	жест «мало»	дещиця|жест «мало»|мало|небагато|невелика кількість|пальці|рука|трохи|щіпка
🤐	обличчя із застібкою замість рота	блискавка|застібка|мовчати|мовчу|не казати|не скажу|обличчя|рот|рот на замок|як риба
🤑	обличчя з грішми замість очей та язика	вдавися|виграш|гроші|лотерея|обличчя|очі|рот
🤒	обличчя з термометром	обличчя|обличчя з термометром|термометр|хворий
🤓	обличчя всезнайка	ботан|гік|дойда|дока|зацікавленість|навчання|обличчя|обличчя всезнайка|обличчя заучки|унікум
🤔	обличчя в роздумах	дай подумаю|думати|задума|не знаю|обличчя|підборіддя|роздуми|треба подумати|у роздумах|хм
🤕	обличчя з головною повʼязкою	болить|голова|обличчя|пов’язка|поранений|рана|травма
🤖	робот	голова|монстр|обличчя|робот
🤗	щасливе обличчя з руками, що обіймають	обійматися|обійми|обійняв|обличчя|обняти|радісний|радість|руки|щастя
🤘	жест «роги»	жест «роги»|коза|палець|роги|рок|рок-н-рол|рука|символ рогів рукою
🤙	жест «подзвони мені»	жест «подзвони мені»|жест рукою «подзвони мені»|зателефонуй мені|зізвонемося|подзвони мені|рука|телефон
🤚	піднята рука тильною стороною	долоня|піднята|піднята рука тильною стороною|рука|тильна
🤛	кулак уліво	кулак|панч|рука|уліво
🤜	кулак управо	кулак|рука|удар праворуч|управо
🤝	рукостискання	домовилися|згода|по руках|потискання|руки|рукостискання
🤞	схрещені пальці	пальці|рука|схрещені|удача
🤟	жест «кохаю тебе»	жест|жест «кохаю тебе»|піднята рука|рука|три пальці|фанат
🤠	обличчя у ковбойському капелюсі	капелюх|ковбой|обличчя|обличчя у ковбойському капелюсі|широко усміхнене обличчя у ковбойському капелюсі
🤡	обличчя клоуна	клоун|обличчя|обличчя клоуна|цирк
🤢	обличчя, яке нудить	блювота|закачує|нудить|нудота|обличчя|погано|укачує|хвора|хворий
🤣	качається від сміху	веселий|до сліз|качається від сміху|кумедний|обличчя|регіт|сміх|смішний|сміятися|умирати зі сміху|хаха
🤤	обличчя, що пускає слину	голодний|обличчя|пускає слину|слина
🤥	обличчя, що бреше	брехло|брехня|брехун|збрехав|неправда|обличчя|обман|піноккіо
🤦	людина з долонею до обличчя	боже|обличчя|роздратування|розчарування|рука|рукалице|скільки можна|сором|фейспалм
🤧	обличчя, що чхає	апчхи|грип|застуда|нежить|обличчя|обличчя, що чхає|ОРЗ|хвороба|чхання|що чхає
🤨	обличчя з піднятими бровами	брови|гм|конфуз|не вірю|не розумію|недовіра|обличчя|отакої|скептичний|справді|що
🤩	очі-зірочки	веселий|виграш|зірка|обличчя|очі|посмішка|радість|усмішка|щастя
🤪	божевільне обличчя	божевільне обличчя|божевільний|великий|малий|око|скажений
🤫	обличчя, що цикає	замовкніть|мовчіть|не гомоніть|обличчя|пошепки|тихіше|тихо|тиша|тссс|шепіт
🤬	обличчя із символами в роті	гнів|лайка|лаятися|матюк|не скажу|обличчя|сердитий|суворий|цензура
🤭	обличчя, що прикриває рота рукою	мовчу|обличчя|ой|секрет|смішно|сюрприз|тайна|тихо|упс|хихикання
🤮	обличчя, що блює	блювання|блювота|мені погано|нудить|нудота|обличчя|отруївся
🤯	голова, що вибухає	винос мозку|голова|голова, що вибухає|не може бути|неймовірно|шок|шокований|що вибухає
🤰	вагітна жінка	вагітна|вагітність|жінка
🤱	грудне вигодовування	годування|груди|грудне вигодовування|материнство|молоко матері|немовля|новонароджена|новонароджений|турбота
🤲	долоні, підняті разом	бажання|долоні|долоні, підняті разом|молитва|молитися|підняті разом
🤳	селфі	автопортрет|камера|селфі|телефон|фото
🤴	принц	королевич|королівство|корона|принц|робота
🤵	людина в смокінгу	вечеря|людина|людина в смокінгу|наречений|офіціант|прийом|смокінг|чоловік|чоловік у смокінгу
🤶	Пані Клаус	жінка|жінка санта-клауса|зима|Новий рік|Пані Клаус|різдво|Різдво|свята
🤷	людина, що знизує плечима	байдуже|байдужість|знизування|мабуть|не знаю|невідомо|розгубленість|сумнів|хтозна
🤸	людина, що перевертається «колесом»	акробат|активний|гімнастика|колесо|людина|людина, що перевертається «колесом»|піднесений|спорт|щасливий|що перевертається «колесом»
🤹	людина, що жонглює	багатозадачність|баланс|впоратися|жонглер|жонглювання|людина|уміння|фокус|цирк
🤺	фехтувальник	змагання|спорт|фехтувальник|фехтувальниця|фехтування|шабля|шпага
🤼	борці	бій|борець|боротьба|борці|двобій|дуель|людина|поєдинок|спорт|турнір із вільної боротьби
🤽	людина, що грає у ватерполо	вода|водне поло|водний спорт|людина|людина, що грає у ватерполо|плавання|поло|спорт|що грає у ватерполо
🤾	людина, що грає у гандбол	гандбол|кидок|ловити|людина|людина, що грає у гандбол|м’яч|перекидати мʼяч|подача|спорт|що грає у гандбол
🤿	маска з трубкою	акваланг|дайвінг|занурення|маска з трубкою|маска і ласти|маска і трубка|підводне плавання|сноркелінг
🥀	привʼяла троянда	завʼяла троянда|зів’яла|зів’яла троянда|квітка|привʼяла троянда
🥁	барабан	барабан|музика|палички
🥂	дзвін бокалів	бокалів|будьмо|дзвін|напій|Новий рік|святкування
🥃	бокал віскі	алкоголь|бокал|віскі|напій|спиртне|стакан віскі
🥄	ложка	ложка|прибори|столові прибори
🥅	сітка воріт	ворота|сітка|сітка воріт|спорт
🥇	золота медаль	золота медаль|золото|медаль|місце|перше
🥈	срібна медаль	друге|медаль|місце|срібло|срібна медаль
🥉	бронзова медаль	бронза|бронзова медаль|медаль|місце|спорт|третє
🥊	боксерська рукавичка	бокс|боксерська рукавичка|нокаут|нокдаун|рукавичка|спорт
🥋	одяг для єдиноборств	бойові мистецтва|дзюдо|карате|кімоно|одяг для єдиноборств|тхеквондо|уніформа|форма|чорний пояс
🥌	камʼяна шайба для керлінгу	гра|камʼяна шайба для керлінгу|камінь|камінь для керлінга|керлінг|спорт
🥍	стік для лакросу	гол|лакрос|м’яч|палиця|ракетка|спорт|стік|стік для лакросу
🥎	софтбольний мʼяч	бейсбол|битка|м’яч|рукавиця|рукавичка|софт|софтбол|софтбольний мʼяч|спорт
🥏	літаючий диск	алтимат|диск|кидок|летючий диск|літаючий диск|тарілка|фризбі|фрізбі
🥐	круасан	булочний виріб|звій півмісяцем|їжа|круасан|пекарня|сніданок|Франція|французький
🥑	авокадо	авокадо|їжа|плід
🥒	огірок	їжа|корнішон|овоч|огірок
🥓	бекон	бекон|їжа|м’ясо
🥔	картопля	їжа|картопля|овоч
🥕	морква	заяць|заяча їжа|їжа|морква|морквина|овоч
🥖	багет	багет|булка|випічка|їжа|франція|французький|хліб
🥗	зелений салат	дієта|здорове харчування|зелений|їжа|салат
🥘	каструля з їжею	їжа|каструля|каструля з їжею|плов|рагу|суп
🥙	піта	їжа|кебаб|лаваш|лаваш із начинкою|начинка|піта|фалафель
🥚	яйце	Великдень|їжа|яйце
🥛	склянка молока	молоко|напій|склянка|склянка молока
🥜	арахіс	арахіс|горіх|земляний горіх|їжа|їстівний
🥝	ківі	їжа|ківі|плід|фрукт
🥞	млинці	їжа|креп|крепи|млинець|млинці|налисник|налисники|сніданок
🥟	вареник	вареник|вушко|галушка|їжа|пельмень|пиріжок|пироги
🥠	печиво з передбаченням	печиво з передбаченням|печиво з повідомленням|печиво-пророцтво|пророцтво
🥡	коробка з їжею на винос	доставка їжі|їжа|коробка з їжею на винос|коробка з китайською їжею|палички для їжі
🥢	палички для їжі	куайцзи|о-хасі|палички|палички для їжі|хаші|чоккарак
🥣	миска з ложкою	борщ|злаки|їжа|миска з ложкою|піала|рисова каша|сніданок|суп
🥤	стакан із соломинкою	напій|одноразовий стакан|сік|содова|соломинка|соломка|трубочка
🥥	кокос	відпустка|кокос|пальма|Піна-Колада|пінья колада|тропіки
🥦	броколі	броколі|їжа|кучерява|овоч|цвітна капуста
🥧	пиріг	випічка|десерт|начинка|пиріг
🥨	крендель	бублик|випічка|кренделик|крендель|прецель|сплетений
🥩	мʼясний філей	бараняча відбивна|їжа|котлета|мʼясний філей|мʼясо|свиняча котлета|стейк
🥪	сандвіч	їжа|сандвіч|сендвіч|хліб
🥫	консерви	банка|консерви|консервовані томати
🥬	листя салату	бок-чой|бурґери|зелені листки|зелень|капуста|кель|латук|листок|листя|листя салату|салат
🥭	манго	їжа|манго|плід|тропічний|фрукт|шейкер
🥮	мункейк	Азія|місячний пиріг|місячний пряник|мункейк|осінь|пиріжок|повний місяць|свято|фестиваль|юебін
🥯	бейгл	багель|бейгл|бублик|булочка|випічка|десерт|начинка|пампух|пончик|сніданок
🥰	усміхнене обличчя із сердечками	закоханість|кохання|любов|ніжність|обличчя|сердечка|серця|симпатія|усмішка|я кохаю тебе
🥱	обличчя, що позіхає	добраніч|заспаний|знуджений|ніч|обличчя|обличчя, що позіхає|позіхає|позіхайло|позіхати|сон|стомлений|хоче спати|що позіхає
🥲	усмішка в сльозах	вдячність|гордість|зворушення|плач|полегшення|посмішка|розчулений|сльоза|смайл|усмішка
🥳	святкове обличчя	вечірка|вітання|день народження|дудка|збуджений|капелюх|ковпак|обличчя|радість|ріжок|святкове обличчя|святкування|свято|схвильований|трубочка
🥴	очманіле обличчя	дурман|запаморочення|захмелілий|інтоксикація|кайф|косі очі|одурманений|очі розбігаються|очманіле обличчя|п’яний|язик заплітається
🥵	розпашіле обличчя	висолоплений язик|гаряче|гарячий|гарячка|жар|задуха|обличчя|палати|піт|помирає|розпашіле обличчя|сонячний удар|спека|тепловий удар|червоне лице|червонощокий
🥶	замерзле обличчя	бурулька|замерзле обличчя|замерзлий|зуб на зуб|мороз|обмороження|посинілий від холоду|синє лице|синє обличчя|холод|цокотить зубами
🥷	ніндзя	боєць|вбивця|воїн|крадькома|людина|маска|найманець|невидимка|покрадьки|потайки
🥸	замасковане обличчя	вуса|вусань|замасковане обличчя|інкогніто|камуфляж|людина|маска|накладний ніс|накладні вуса|ніс|обличчя|окуляри|шпигун
🥹	обличчя, що ледве стримує сльози	будь ласка|вдячність|гордість|мило|обличчя|пишаюся|плач|радості|сльози|сум|схвильований|щастя
🥺	благальне обличчя	благання|будь ласка|великі|випрошувати|жалібне|жалісливе|молити|обличчя|очі|просити|прохання|сумно|щенячі очі
🥻	сарі	вбрання|одяг|сарі
🥼	лабораторний халат	білий халат|вчений|доктор|експеримент|лабораторний халат|лікар|науковець|одяг
🥽	захисні окуляри	дайвінг|захисні окуляри|захист|захист очей|зварювання|маска для дайвінгу|маска для плавання|окуляри|плавання|скуба
🥾	похідні черевики	взуття|гірські|дорожні|коричневе|похід|табір|трекінгові|туристичні|хайкінг|чоботи
🥿	туфлі без підборів	балерини|балетки|кеди|сліпони|тапочки|туфлі|туфлі без каблука|туфлі без підборів|човники
🦀	краб	зодіак|краб|рак
🦁	лев	знак|зодіак|лев|лев’яча морда|морда|морда лева|тварина|хижак
🦂	скорпіон	зодіак|скорпіон
🦃	індик	індик|індичка|птах
🦄	єдиноріг	голова|єдиноріг|казковий|морда
🦅	орел	орел|птах|хижак
🦆	качка	качка|птах
🦇	кажан	вампір|кажан|тварина
🦈	акула	акула|риба
🦉	сова	безсоння|мудрість|ніч|пізно|птах|сова
🦊	лис	лис|лисиця|лисича|лисяча|морда|тварина|хитрий
🦋	метелик	гарний|комаха|метелик
🦌	олень	олень|рога|тварина
🦍	горила	горила|мавпа|тварина
🦎	ящірка	плазун|рептилія|ящірка
🦏	носоріг	носоріг|сафарі|тварина
🦐	креветка	їжа|креветка|морепродукт
🦑	кальмар	їжа|кальмар|молюск
🦒	жирафа	жирафа|плями|тварина
🦓	зебра	зебра|смуга|тварина
🦔	їжак	голчастий|їжак|колючий|колючки
🦕	завропод	апатозавр|брахіозавр|бронтозавр|динозавр|диплодок|завропод|зауропод
🦖	тиранозавр	Динозавр|тиранозавр|Тиранозавр|тиранозавр королівський|Тиранозавр Рекс
🦗	цвіркун	жук|комаха|коник|кукарача|тарган|цвіркун
🦘	кенгуру	Австралія|кенгуру|кенгурятко|стрибати|стрибок|сумка|сумчастий|сумчасті|тварина|торбун
🦙	лама	альпака|вікунья|вовна|гуанако|лама|тварина|хутро|шерсть
🦚	павич	зарозумілий|кольоровий|красива|пава|павлін|птах|тварина|фазан|хвалькуватий|хвіст
🦛	бегемот	бегемот|гіпопотам|ссавець|тварина
🦜	папуга	ара|балакучий|папуга|папужка|пірат|птах|птаха|розмовляє|тварина
🦝	єнот	єнот|полоскун|ракун|тварина|хитрий|цікавий|шибеник
🦞	омар	біск|дари моря|клешні|лобстер|морепродукти|омар|рак|раковий суп|тварина|червоний лобстер
🦟	комар	вірус|гарячка|комар|комаха|малярія|москіт|укус|хвороба
🦠	мікроб	амеба|бактерії|бактерія|вірус|мікроб|мікроби|мікроорганізм|наука|хвороба
🦡	борсук	борсук|куницеві|медоїд|мустелові|ссавець|тварина|хутро
🦢	лебідь	гидке качення|гидке каченя|лебеденя|лебідь|озеро|птах|птаха|тварина
🦣	мамонт	бивень|великий|вимирання|волохатий|кам’яний вік|мамонт|тварина
🦤	дронт	великий|вимирання|додо|дронт|маврикійський|птах|тварина
🦥	лінивець	ледачий|лінивець|лінивий|млявий|повільний|тварина
🦦	видра	видра|водяний звір|грайливий|рибалка|тварина
🦧	орангутанг	антропоїд|людиноподібна|мавпа|орангутанг|примат|тварина
🦨	скунс	скунс|смердіти|сморід|тварина|тхнути
🦩	фламінго	птах|рожевий|тропіки|тропічний|фламінго
🦪	устриця	мушля|перли|перлина|устриця|устричний
🦫	бобер	бобер|бобри|боброва|бобровидні|гребля|гризти|зубатий|зуби|тварина
🦬	бізон	бізон|буйвол|зубр|рогата тварина|роги|свійська тварина|стадо|тварина|худоба
🦭	тюлень	арктика|морський котик|морський лев|океан|тварина|тюлень
🦮	собака-поводир	для незрячих|доступність|поводир|собака-поводир|спеціальні можливості
🦯	тактильна тростина	доступність|незрячі|незрячість|сліпота|спеціальні засоби|тактильна тростина
🦴	кістка	кальцій|кістка|кісточка|кості|скелет|собака|собачі ласощі
🦵	нога	зігнута нога|кінцівка|коліно|копняк|нога|стегно|стопа|удар ногою
🦶	ступня	гомілка|ніжка|нога|стопа|стопи|ступня|удар
🦷	зуб	білий|дантист|зуб|зуби|стоматолог
🦸	супергерой	героїня|герой|добрий|добро|супергерой|супермен|суперсила|суперсили
🦹	суперзлодій	зло|злодій|злочинець|лихий|лиходій|поганий|суперзлодій|суперзлочинець|суперлиходій|суперсила
🦺	сигнальний жилет	аварійно-захисний|аварійно-рятувальний|жилет|сигнальний жилет
🦻	вухо зі слуховим апаратом	вади слуху|вухо зі слуховим апаратом|доступність|слуховий апарат|спеціальні можливості
🦼	колісний візок з електроприводом	доступність|колісний візок з електроприводом|спеціальний засіб|спеціальні можливості
🦽	колісний візок із ручним приводом	доступність|колісний візок із ручним приводом|обмежені можливості|спеціальний засіб
🦾	механічна рука	доступність|механічна рука|протез|спеціальні можливості
🦿	механічна нога	доступність|механічна нога|протез|спеціальні можливості
🧀	кусень сиру	їжа|кусень сиру|сир|шматок сиру
🧁	капкейк	випічка|десерт|капкейк|кекс|ласощі|посипка|смаколик|солодке|солодощі|тістечко|торт
🧂	сіль	аромат|приправа|сварка|сіль|сільниця|сільничка|смак|солоний|спеції
🧃	пакетик із напоєм	картонний|напій|пакет|пакетик із напоєм|сік|соломинка|фруктовий сік
🧄	часник	їжа|приправа|спеції|часник|часниковий
🧅	цибуля	з цибулі|їжа|приправа|спеції|цибулинний|цибуля
🧆	фалафель	кулька з нуту|нут|фалафель
🧇	вафля	вафельний|вафлі|вафля|десерт|їжа|сніданок|солодощі
🧈	масло	масло|молочні продукти
🧉	мате	калабас|мате|напій|чай із падуба
🧊	кубик льоду	айсберг|кубик|кубик льоду|охолоджувати|холод|холодний
🧋	бульбашковий чай	бульбашковий|коктейль|молочний|напій|перловий|соломинка|тайвань|чай|чай з бульбашками
🧌	троль	казка|монстр|тролінг|троль|фентезі
🧍	людина, що стоїть	людина|людина, що стоїть|стояння|стояти|стоячи|стоячки|що стоїть
🧎	людина навколішках	коліна|людина навколішках|на колінах|навколішках|опускатися навколішки
🧏	людина з порушенням слуху	вада слуху|глухота|доступність|людина з порушенням слуху|слух|спеціальні можливості|чути
🧐	обличчя в моноклі	збільшувальне скло|лупа|монокль|обличчя в моноклі|обличчя з моноклем|пановитий|придивлятися
🧑	людина	гендерно-нейтральний|дорослий|людина|неозначеної статі|хлопець|хлопчик
🧑‍🌾	селянин	землероб|садівник|селянин|скотар
🧑‍🍳	куховар	кухар|куховар|шеф
🧑‍🍼	людина годує дитину	батьківство|батько|годування|годувати немовля|дитина|догляд|людина|людина годує дитину|мама|мати|немовля|тато
🧑‍🎄	Мікс Клаус	Клаус|людина|Мікс Клаус|різдво|Різдво|різдвяні свята|санта|свято|шапка санти
🧑‍🎓	слухач	випускник|слухач|студент
🧑‍🎤	вокаліст	актор|артист|вокаліст|зірка|рок|співак
🧑‍🎨	художник	митець|палітра|художник
🧑‍🏫	освітянин	викладач|інструктор|освітянин|учитель
🧑‍🏭	фабричний працівник	завод|конвеєр|промисловість|робітник|фабричний працівник
🧑‍💻	технічний працівник	винахідник|програміст|програмне забезпечення|розробник|технічний працівник|технолог
🧑‍💼	офісний працівник	архітектор|бізнес|білий комірець|менеджер|офісний працівник
🧑‍🔧	фахівець із механіки	електрик|майстер|механік|сантехнік|фахівець із механіки
🧑‍🔬	науковий працівник	біолог|інженер|науковець|науковий працівник|фізик|хімік
🧑‍🚀	космонавт	космонавт|ракета
🧑‍🚒	вогнеборець	вогнеборець|пожежна машина|пожежник
🧑‍🤝‍🧑	люди, що тримаються за руки	люди|люди, що тримаються за руки|людина|пара|рука|руки|тримати|тримаються|що тримаються за руки
🧑‍🦯	людина з тактильним ціпком	біла|білий|доступність|незрячі|спеціальні можливості|тростина|ціпок
🧑‍🦼	людина на моторизованому візку	колісне крісло|людина на моторизованому візку|спеціальні можливості
🧑‍🦽	людина у візку з ручним керуванням	колісне крісло|людина у візку з ручним керуванням|спеціальні можливості
🧑‍🧑‍🧒	родина: дорослий, дорослий, дитина	дитина|дорослий|родина з дитиною|родина: двоє дорослих і дитина|родина: дорослий|родина: дорослий, дорослий, дитина
🧑‍🧑‍🧒‍🧒	родина: двоє дорослих і двоє дітей	двоє дорослих і двоє дітей|родина: двоє дорослих і двоє дітей|родина: дорослі та діти
🧑‍🧒	родина: дорослий і дитина	родина: дорослий і дитина
🧑‍🧒‍🧒	родина: дорослий і діти	родина: дорослий і двоє дітей|родина: дорослий і діти
🧑‍🩰	танцівник балету	балет|танцівник|танцівниця
🧒	дитина	весело|гендерно-нейтральний|дитина|людина|малеча|неозначеної статі|сміх
🧓	літня людина	гендерно-нейтральний|дідусь|дорослий|літня людина|людина|неозначеної статі|старий|старша людина|чоловік
🧔	людина з бородою	борода|бородань|бородатий|людина з бородою
🧕	жінка в хустині	жінка в хустині|мантилья|монахиня|тихля|хіджаб|хустина
🧖	людина в паркому приміщенні	людина в лазні|людина в паркому приміщенні|парильня|релакс|сауна|хамам
🧗	людина, що лізе скелею	альпінізм|альпініст|альпіністка|лізти вгору|людина|людина, що лізе скелею|скелелаз|що лізе скелею
🧘	людина в позі лотоса	дзен|йога|людина в позі лотоса|медитація|нірвана|поза лотоса|релакс|схрещені ноги
🧙	маг	відьма|Гендольф|маг|магія|Старік-Хотабич|чаклун|чаклунка|чарівник|чародій
🧚	фея	казка|крила|метелик|Оберон|Пак|Титанія|фея
🧛	вампір	вампір|Дракула|костюм|нечиста сила|нечисть|опир|погань|упир|Хелловін
🧜	казкова водяна істота	водяна істота|жінка-русалка|казкова водяна істота|людина-русалка|морські створіння|русалка|Сирена|фольклор|чоловік-русалка
🧝	ельф	ельф|казка|Леголас|магічний|чаклун
🧞	джин	бажання|джин|казкова лампа|міфічний|примха|чарівна лампа
🧟	зомбі	жах|живий мрець|зобмі|зомбі|монстр|нечисть|хеллоуін
🧠	мозок	інтелект|інтелектуал|мізки|мозок|розум|розумна|розумний
🧡	оранжеве серце	кохання|оранжеве серце|помаранчевий|серце
🧢	бейсболка	бейсболка|бейсбольна кепка|капелюх|кашкет|кепка
🧣	шарф	зима|зимно|шалик|шарф|шия
🧤	рукавички	рука|рукавиця|рукавички
🧥	пальто	зима|зимно|куртка|пальто|пуховик|холодно
🧦	шкарпетки	панчохи|шкарпетки
🧧	червоний конверт	гроші|конверт|лист|на щастя|подарунок|хунбао|червоний конверт
🧨	петарда	вибух|вибухівка|вогонь|динаміт|іскри|салют|феєрверк|хлопавка
🧩	елемент пазла	головоломка|елемент пазла|з’єднання|пазл|підказка|розгадка|скдладанка|частина|шматок
🧪	пробірка	дослід|експеримент|лабораторія|наука|пробірка|хімік|хімія
🧫	чашка Петрі	бактерії|бактерія|біолог|біологія|культура|лабораторія|чашка петрі|чашка Петрі
🧬	ДНК	біолог|біологія|ген|генетика|днк|ДНК|еволюція|життя|спіраль
🧭	компас	компас|магнетизм|магніт|магнітний|навігація|напрямок|орієнтування|сторони світу
🧮	рахівниця	абак|обчислення|обчислювальний пристрій|рахівниця|рахувати
🧯	вогнегасник	вогнегасник|вогонь|гасити|пожежа|тушити|тушіння
🧰	скриня для інструментів	інструмент|інструменти|коробка|механік|механіка|набір інструментів|скриня|скриня для інструментів|скриня з інструментами|червона скриня
🧱	цегла	будівельний розчин|глина|розчин|стіна|цегла|цеглина|цеглини
🧲	магніт	u-подібний|магнетизм|магніт|північний-південний|підкова|позитивний-негативний|притягання|притягувати|тяжіння
🧳	багаж	багаж|валіза|пакувати|подорож|торба на коліщатках|чемодан
🧴	лосьйон	бальзам|зволожувач|крем від засмаги|лосьйон|пляшка лосьйону|сонцезахисний крем|шампунь
🧵	нитка	голка|жилка|котушка|нитка|пряжа|шиття|шпулька
🧶	пряжа	в’язання|клубок|моток|мотузка|нитка|нитки|прядиво|пряжа
🧷	англійська шпилька	англійська шпилька|булавка|від навроків|панк-рок|шпилька
🧸	ведмедик	ведмедик|ведмедик тедді|іграшка|м’яка іграшка|плюш|плюшева іграшка|плюшевий ведмедик
🧹	мітла	відьма|віник|замітання|мітла|підмітати|прибирання|прибирати
🧺	кошик	білизна|корзина|кошик|пікнік|прання|урожай|ферма
🧻	рулон паперу	паперові рушники|папір|рулон паперу|туалет|туалетний папір
🧼	мило	брусок|бульбашки|ванна|купання|купатися|мило|мильниця|митися|миття|туалетне мило|чистий|чистити|шкіра
🧽	губка	губка|мочалка|поглинання|поглинати|пори|пористий|поролон|прибирання|чистити
🧾	квитанція	бухгалтерія|доказ|документ|інвойс|квитанція|рахунок|рахунок-фактура|фактура|чек
🧿	Око Фатіми	амулет|амулет від вроків|наврочити|назар|намистина|оберіг|Око Фатіми|пристріт|синій|талісман|шарм
🩰	балетні туфлі	балет|балетні туфлі|взуття|пуанти|танець|танцювальні
🩱	суцільний купальник	закритий|костюм для плавання|купальний костюм|плавати|суцільний купальник
🩲	плавки	брифи|купальник|одинарний|плавки|спіднє|труси
🩳	шорти	купальник|плавки|спіднє|труси|шорти
🩴	в’єтнамки	в’єтнамки|взуття|дзорі|море|пісок|пляж|пляжні сандалі|сандалі|шльопанці
🩵	блакитне серце	блакитне серце|блакитний|емоція|люблю|любов|милий|особливий|подобатися|світло-синій|серце|синій|ціановий
🩶	сіре серце	графітовий|емоція|люблю|любов|особливий|серце|сіре серце|сірий|срібний
🩷	рожеве серце	добрий|емоція|люблю|любов|милий|особливий|подобається|рожеве серце|рожевий|серце|солодкий|чарівний
🩸	крапля крові	аналіз крові|донорство крові|крапля крові|критичні дні|кров|кровотеча|медицина|менструація|місячне|стікати кровʼю|травма
🩹	пластир	бандаж|клейка смужка|лейкопластир|наклейка|наліпка|пластир
🩺	стетоскоп	вислухувати серце|лікар|медицина|серце|слухати|стетоскоп
🩻	рентген	кістки|лікар|медицина|рентген|скелет
🩼	милиця	втрата дієздатності|допомога|засіб відновлення здатності рухатися|інвалідність|костур|милиця|поранений|травма|ціпок
🪀	йо-йо	бовтатися|іграшка|йо-йо|крутитися|метлятися|теліпатися|хилитатися
🪁	повітряний змій	витати|линути|літати|літун|підніматися|повітряний змій|ширяти
🪂	парашут	кайт|параплан|парапланеризм|парафойл|парашут|парашут-крило|спорт|стрибки з парашутом|стрибок
🪃	бумеранг	аборигени|австралія|Австралія|бумеранг|віддача|зброя|повернення|полювання|рикошет
🪄	чарівна паличка	абракадабра|ілюзії|магічне шоу|магія|фокуси|чаклун|чаклунка|чарівник
🪅	піньята	вечірка|іграшка|мексика|палиця|піньята|святкування|свято|цукерки
🪆	ляльки-матрьошки	дерев’яна іграшка|дерев’яна лялька|лялька|лялька в ляльці|ляльки-матрьошки|матрьошка|народна іграшка|росія
🪇	маракас	вечірка|інструмент|маракас|музика|танець|ударні інструменти|ча-ча-ча
🪈	флейта	блокфлейта|деревʼяні духові інструменти|дудка|інструмент|музика|сопілка|флейта
🪉	арфа	амур|інструмент|купідон|любов|музика|оркестр
🪊	тромбон	джаз|духовий інструмент|музика|слайд|сумний
🪎	скриня скарбів	багатство|гроші|дорогоцінний камінь|здобич|золото|коштовності|приз|срібло|цінності
🪏	лопата	заступ|копати|могила|поховання|рослина|сад|сніг|совок|яма
🪐	планета з кільцем	планета з кільцем|сатурн|Сатурн
🪑	стілець	крісло|меблі|сидіння|сидіти|стілець
🪒	бритва	бритва|голити|голитися|гостра|лезо|небезпечна
🪓	сокира	деревина|дрова|колоти|розколювати|рубати|сокира|тесати|тяти
🪔	каганець	блимавка|каганець|лампа|лампадка|мигунець|олійна
🪕	банджо	банджо|інструмент|музичний|струнний|щипковий
🪖	військовий шолом	армія|військовий|воїн|каска|солдат|солдатський|шолом
🪗	акордеон	акордеон|баян|гармоніка|інструмент|клавіші|концертина|музика
🪘	циліндричний барабан	барабан|інструмент|конґа|музика|ритм|ударні|циліндричний барабан
🪙	монета	багатство|гроші|долар|євро|золото|метал|монета|скарб|срібло
🪚	теслярська пила	деревина|інструмент|пила|пилка|пиляти|різати|ручна пилка|тесля|теслярська пила
🪛	викрутка	викрутка|гвинт|інструмент|майстерня|пласка викрутка|ремонт|шліц
🪜	драбина	вилізти|драбина|лізти|перекладина|приставна драбина|сходинка|щабель
🪝	гачок	вудка|гак|гачок|комерційний аргумент|крива|кріплення|піймати|принада|риболовля
🪞	дзеркало	відбивач|відображення|декор|дзеркало|інтерʼєр|краса|макіяж|рефлектор
🪟	вікно	будинок|відчинити|вікно|краєвид|прозоре|рама|свіже повітря|скло
🪠	вантуз	вантуз|гумова присоска|закупорення|прочищення|сантехнік|труби|туалет
🪡	швацька голка	вишивання|вушко|голка|голка з ниткою|кравецтво|нитка|нитка з голкою|стібки|швацька голка|шви|шиття
🪢	вузол	вузол|канат|морський вузол|мотузка|петля|плетення|плетиво|трос|шнурок
🪣	відро	бак|відерце|відро|цеберко|чан|шаплик
🪤	мишоловка	мишоловка|пастка|приманка|сильце|сир
🪥	зубна щітка	ванна кімната|гігієна|зуби|зубна|туалет|чистити|щітка
🪦	надгробок	епітафія|кладовище|меморіал|мертвий|могильна плита|надгробок|памʼятник|покійник|смерть|цвинтар
🪧	плакат	гасло|демонстрація|знак|мітинг|пікет|плакат|протест|табличка|транспарант
🪨	камінь	брила|важкий|валун|гірська порода|каменюка|камінь|кругляк|скеля|твердий
🪩	дзеркальна куля	блискучий|вечірка|дзеркальна куля|диско|диско-куля|дискотека|куля|танці|танцювати
🪪	посвідчення	водійське посвідчення|документ|ідентифікаційна картка|ідентифікаційний документ|особові дані|посвідчення|посвідчення особи|пропуск
🪫	низький заряд батареї	батарея|електроніка|низький заряд|низький заряд батареї|розряджена батарея|розряджений|розряджено
🪬	хамса	амулет|долоня|захист|Марія|Мірʼям|провидіння|рука|удача|Фатіма
🪭	складане віяло	охолоджувати|складане віяло|соромитися|танцювати|фліртувати
🪮	гребінь	афро|волосся|гребінь|розчісувати
🪯	кханда	віра|кханда|релігія|сикх|сикхізм
🪰	муха	гниль|дзижчання|комаха|крила|личинка|муха|хвороба|шкідник
🪱	хробак	дощовий хробак|дощовий червʼяк|земляний червʼяк|кільчастий черв|наживка|паразит|тварина|хробак|червʼяк
🪲	жук	бронзівка|жук|жучок|комаха|кузка|кузька|тварина
🪳	тарган	комаха|непроханий гість|паразит|прусак|прусак рудий|тарган|тварина|шкідник
🪴	рослина в горщику	вазон|вирощувати|горщик|декор|догляд|домашня|кімнатна|рослина
🪵	деревина	деревина|дерево|колода|лісоматеріал|пень|пеньок|річні кільця|рубати
🪶	пір’їна	невагома|оперення|перо|пір’їна|пір’я|політ|птах
🪷	лотос	безтурботність|буддизм|врівноваженість|гармонія|індуїзм|квітка|краса|лад|лотос|мир|символ чистоти|спокій
🪸	корал	зміна клімату|корал|море|океан|риф
🪹	порожнє гніздо	гілка|гніздечко|гніздо|гніздування|дім|порожнє гніздо
🪺	гніздо з пташиними яйцями	гілка|гніздечко|гніздо|гніздо з пташиними яйцями|гніздо з яйцями|гніздування|птах|яйце|яйця
🪻	гіацинт	весна|гіацинт|квітка|рослина|фіолетовий
🪼	медуза	безхребетний|жало|медуза|море|морський|океан|опік|тварина|щупальці
🪽	крило	авіація|ангел|ангельський|крило|летіти|міф|міфологія|небесний|політ|птах
🪾	сухе дерево	безлистий|безплідний|гілки|голий|дерево|зима|мертвий|посуха|стовбур
🪿	гусак	бешкет|га|галас|гусак|гуска|зграя|клин|птах|птиця|тварина
🫀	серце	анатомічний|внутрішній орган|кардіологія|кров|орган|пульс|серце|серцебиття|центр|червоний
🫁	легені	вдих|видих|внутрішній орган|дихання|легені|легеня|орган|подих
🫂	люди обіймаються	вдячність|втіха|дружба|любов|люди обіймаються|обійми|підтримка|привітання|прощання
🫃	чоловік із «вагітним» животом	вагітна людина|вагітність|живіт|здуття живота|наївся|переїдання|чоловік|чоловік із «вагітним» животом
🫄	вагітна людина	вагітна жінка|вагітна людина|вагітність|великий живіт|здуття живота|переїдання|ситість
🫅	людина з короною на голові	аристократія|королева|королівська особа|королівський|король|корона|людина з короною на голові|монарх|цар|цариця|царський
🫆	відбиток пальця	безпека|детектив|друк|злочин|ідентифікація|криміналістика|підказка|слід|таємниця
🫈	волохата істота	велетень|волохатий|єті|криптид|ліс|сасквоч|снігова людина
🫍	косатка	кит|морський|океан
🫎	лось	лосиха|лось|роги|ссавець|тварина
🫏	віслюк	віслюк|ішак|мул|осел|ослиця|ссавець|тварина|упертий|упертюх
🫐	лохина	їжа|лісові ягоди|лохина|сині ягоди|синя|чорниця|ягода
🫑	солодкий перець	болгарський перець|вегетаріанська їжа|зелений перець|їжа|овоч|паприка|перець|солодкий перець
🫒	оливка	гілка|їжа|оливка|оливкова гілка|ягода|ягоди
🫓	корж	арепа|їжа|калач|корж|лаваш|наан|паляниця|піта|тортилья|хліб
🫔	тамале	завиванець|їжа|мексика|мексиканська страва|памонья|рол|тамале|тісто
🫕	фондю	альпи|горщичок|какелон|кастрюлька|лижі|сир|топлений|фондю|швейцарська страва|шоколад
🫖	чайник	заварник|заварювати|їжа|напій|посуд|чай|чайник
🫗	склянка, з якої виливається рідина	виливати|випадковість|вода|напій|порожня|проливати|розлити|склянка|упс
🫘	квасоля	боби|бобові|їжа|квасолина|квасоля|невеликі
🫙	банка	банка|ємність|зберігання|нічого|порожня|слоїк|соус|спеції
🫚	імбир	здоровʼя|імбир|імбирний|коріння|натуральний|пиво|спеції
🫛	стручок гороху	біб|бобові|горох|горошок|едамаме|зелений|овоч|стручкові|стручок гороху
🫜	коренеплід	буряк|веганство|вегетаріанство|їжа|корінь|редька|ріпа|рослина|сад|салат
🫟	ляпка	безлад|бризки|краплі|пляма|рідина|розливати|фарби|холі|чорнило
🫠	розплавлене обличчя	зникати|лол|ніяково|обличчя|плавитися|розчинятися|сарказм|спека|танути|текти|хаха
🫡	обличчя, що козиряє	буде зроблено|згода|козиряти|обличчя|ОК|повага|респект|салют|слухаюсь|так|так точно|удачі|честь|шанування
🫢	обличчя з розплющеними очима і рукою на роті	диво|здивування|мовчанка|мовчати|не вірю|не може бути|нівроку|о боже|обличчя|ого|переляк|сюрприз|тиша|шок
🫣	обличчя, що підглядає одним оком	виглядати|витріщається|конфуз|наляканий|ніяково|обличчя|одне око|підглядає|соромʼязливий|соромитися|умирає з цікавості|ховатися
🫤	обличчя з ротом навскіс	байдуже|заплутатися|збентежений|невпевненість|обличчя|розчарований|скептицизм|сумнів|та ну|так собі
🫥	обличчя пунктиром	байдуже|все одно|депресія|зникнути|інтроверт|невидимка|обличчя|пригнічений|схований|сховатися|так собі|ховатися
🫦	закушена нижня губа	нерви|ніяковість|помада|поцілунок|сексуально|страх|стурбованість|тривога|укус|флірт|хвилюватись
🫧	бульбашки	бульбашка|бульбашки|бульбашки газу|мило|перлина|під водою|пускати бульбашки|чистити
🫨	тремтливе обличчя	Боже|вібрація|землетрус|несподіванка|обличчя|ошелешення|паніка|смайл|сюрприз|тремтіння|шок
🫩	невиспане обличчя	виснаження|замореність|мішки|нудьга|обличчя|очі|пізно|сонливість|утома
🫪	спотворене обличчя	вразливість|здивування|здуття|паніка|тривога|шок
🫯	бійка в хмарі	бій|боротьба|галас|дебати|незгода|сварка|суперечка
🫰	клацання пальцями	<3|вартість|гроші|дорого|клацання пальцями|коштує|любов|плати|рука|серце
🫱	долоня вправо	вправо|долоня|потискати|права рука|праворуч|простягнути|рука|рукостискання|тримати
🫲	долоня вліво	вліво|долоня|ліва рука|ліворуч|потискати|простягнути|рука|рукостискання|тримати
🫳	рука долонею вниз	взяти|випустити|випустити з руки|відпускаю|зронити|киш!|підняти|рука|рука долонею вниз
🫴	рука долонею вгору	впіймати|ловити|підійди|підкликати|піднімати|підходити|пропозиція|розкажи|скажи|тримати
🫵	вказівний палець, що вказує на глядача	ви|вказівний палець|вказівний палець, що вказує на глядача|палець|показувати|рука|ти|тикати|указувати|що вказує на глядача
🫶	жест «серце»	<3|жест «серце»|кохання|люблю тебе|любов|руки|серце
🫷	долоня штовхає вліво	відмовити|дай|заблокувати|зупинити|ліворуч|ляснути|пʼять|припини|стоп|штовхати
🫸	долоня штовхає вправо	відмовити|дай|заблокувати|зупинити|ляснути|пʼять|праворуч|припини|стоп|штовхати
